Actual,Predicted
3650.0,4365.732
3797.0000000000005,4460.16
3897.0,4241.6035
3808.0,3978.887
3530.0,4196.88
5054.0,5752.2217
5042.0,5212.772
4767.0,4897.58
4427.0,4937.266
4852.0,4891.6997
4406.0,4520.7744
4395.0,4201.8955
3558.0,3833.0732
3464.0,3985.147
3769.0,4402.9077
3706.0,4379.7876
4364.0,4543.5586
6102.0,5790.884
5011.0,4719.5054
4782.0,4791.9375
5020.0,4842.5146
5263.000000000001,4877.506
4132.0,4581.913
4313.0,4410.9214
5676.0,4616.887
4082.0,4391.372
4384.0,7153.1387
2677.0,5623.583
6874.0,9117.06
6122.0,8025.587
6406.0,6284.195
5062.0,6141.8135
4518.0,5691.124
3417.0,4454.117
4435.0,5279.706
3836.0,5448.7427
5093.0,4712.3555
4108.0,4289.85
3854.0,4376.306
2512.0,3484.8047
6627.0,7833.7715
5671.0,6644.7705
6402.0,6225.183
5567.0,6027.655
6063.999999999999,5079.7603
6180.0,7445.1084
6347.0,6706.853
6613.0,6566.553
6316.0,5908.312
4011.0,4289.238
9462.0,10423.148
8625.0,8808.123
8663.0,8017.8364
7909.0,7596.127
6679.0,7585.5664
4258.0,4602.0986
5798.000000000001,6295.178
5600.0,5835.725
5414.0,5785.0674
5702.0,5734.6035
5079.999999999999,5583.1553
3878.0,4689.8447
8107.0,9940.54
8864.0,8344.654
7610.000000000001,7092.056
8977.0,7161.584
8314.0,6937.338
9967.0,8713.802
8127.0,8130.4736
8620.0,8121.0444
9093.0,7834.3027
9177.0,8304.127
10996.0,8867.821
13550.0,11890.389
12315.0,10689.288
11126.0,9747.744
11432.0,10013.45
10514.0,9893.996
9703.000000000002,8302.393
10283.0,7896.857
9176.0,7297.041
8503.0,7344.7246
7286.0,7593.165
8322.0,8885.996
9322.0,9629.984
11812.0,12784.647
10275.0,10836.012
10514.0,10132.916
10387.0,10366.996
13995.0,10222.329
4328.0,4785.883
4036.0,4534.114
4990.0,4370.8086
4601.0,4309.056
4252.0,4593.7227
2023.0,2937.8806
7425.0,8080.0513
6144.0,6526.1807
6323.0,5824.873
4963.0,5722.2866
4355.0,5503.9536
2108.0,2004.1449
4183.0,5088.3755
3497.0,4672.5913
3595.0,4370.6455
3713.0,4386.1157
3815.0,4588.746
2030.0,2383.0737
7059.0,7995.2837
6083.000000000001,6507.884
5899.0,6014.16
4943.000000000001,5769.3926
4822.0,5401.9834
4508.0,4437.0747
4021.0,4345.377
4072.0,4261.37
4095.0,4327.0103
4530.0,4616.3525
3134.0,3126.4763
6827.0,7210.1196
5758.0,6168.792
4582.0,5514.81
5115.000000000001,5521.474
4422.0,5484.769
2914.9999999999995,2699.0996
4301.0,5245.7627
3720.0,4613.1465
3469.0,4660.1367
3482.0,4568.0815
3804.0,4591.249
2892.0,3346.8152
5723.0,7132.3726
4839.0,5897.8447
5275.0,5329.2188
4790.0,5294.7056
5651.0,4974.182
10790.0,9113.879
9207.0,7889.4004
9204.0,8082.234
9608.0,7605.448
9499.0,8498.167
6425.0,7540.3623
13250.0,11940.726
12294.0,10782.67
10095.0,9229.481
10774.0,9563.968
10339.0,9002.097
6861.0,7141.039
10159.0,8093.4463
9169.0,7711.0586
8214.0,7391.2065
9550.0,7172.495
9203.0,8312.859
6574.0,7066.146
14869.0,13486.236
12342.0,11460.505
12073.999999999998,10121.808
11560.0,10794.287
15344.0,10454.872
6740.0,6026.0312
5365.000000000001,5610.0454
5322.000000000001,5686.663
5602.0,5462.085
6067.0,5977.008
3707.0,4456.5522
9117.0,10080.702
8845.0,8358.64
7932.0,7358.8257
8808.0,7257.3906
6727.999999999999,7104.25
3812.9999999999995,4025.0405
5956.0,8117.8765
5168.0,6652.215
4996.0,6367.08
6109.0,6463.122
4917.0,5661.245
3288.0,4809.954
8739.0,9928.318
6717.0,8345.731
7028.999999999999,7235.1763
8420.0,7114.3857
8492.0,6839.9385
6940.0,6669.6465
5621.0,6533.0566
6285.0,6551.2456
6007.0,6436.527
5076.0,5946.241
10399.0,10245.68
7840.999999999999,8619.627
7012.999999999999,8028.4062
8113.0,7968.1646
6845.0,8008.7104
5987.0,5728.2285
7152.0,6763.8423
5872.999999999999,7012.6245
5649.0,6910.7935
6471.0,6810.688
5464.0,6374.1587
5329.999999999999,6299.45
10648.999999999998,9634.919
8751.0,7920.931
7776.0,7650.4004
7539.0,7468.6772
8565.0,7610.9473
6143.0,5730.354
5476.0,5429.0903
4865.000000000001,5371.1357
4871.0,5150.4683
5747.0,5524.049
4636.0,5523.472
6757.0,8340.703
7491.0,6919.348
6423.0,6445.405
6275.0,6172.258
5356.0,6188.5415
5761.0,5294.869
6111.0,5068.712
6479.0,4604.63
5561.0,4652.485
6401.0,4637.1704
6152.0,5015.5654
4713.0,5012.696
7211.999999999999,7660.4814
6140.0,6843.891
5524.0,6607.365
6186.0,6402.932
7184.999999999999,5880.0103
7135.0,6743.112
6620.0,6126.291
6907.0,6089.359
6595.0,6007.4644
6979.0,6546.1865
5756.0,5657.811
10433.999999999998,10960.17
9319.0,8988.862
9645.0,7919.2466
8149.0,7930.2163
7757.0,8085.5947
5740.0,5937.092
7733.0,6540.745
6315.0,6116.8203
7184.999999999999,5922.2266
6151.0,6123.92
6192.0,6536.2827
4712.0,6184.2417
8796.0,10916.627
6938.0,9066.129
8378.0,8263.489
7361.0,7939.559
10457.0,7842.0664
6226.0,6594.398
5808.0,5882.748
6350.0,5906.5366
6090.0,5874.027
6730.0,6538.0713
6612.0,5849.9023
11729.999999999998,11774.104
9336.0,9654.628
10008.0,8698.628
9234.0,7993.746
7684.0,7909.518
7213.0,6028.564
6754.0,6357.9077
6313.999999999999,5935.608
6200.999999999999,6070.449
5784.0,6164.6772
6078.0,6555.7393
5185.000000000001,6225.801
10227.0,11526.9795
8822.0,9758.355
9236.0,8861.257
7996.0,8647.351
8959.0,8308.486
3129.0,4256.3027
3709.0,4273.2437
4350.0,4570.2764
3639.0,4656.144
4031.0,4191.101
7525.0,5574.1104
6422.0,4934.589
10334.0,5280.571
5921.0,5272.652
5740.0,5195.3687
4956.0,3752.9617
3868.0,3940.2751
3080.0,3738.2134
3164.0,3816.7998
3959.0,4480.0083
3483.0,5728.479
4361.0,4598.121
7926.0,7299.316
6819.0,5977.515
6648.0,5752.466
7648.0,5507.897
8821.0,5485.129
4955.0,5146.094
4720.0,5399.5703
5050.0,5625.9897
4981.0,5415.3584
3103.0,4155.766
7202.0,7995.6704
6509.0,6707.4263
6143.0,6141.118
6152.0,6023.169
5345.999999999999,6026.572
3254.0,3788.2598
4780.0,5313.8115
4518.0,4801.4556
4409.0,4802.689
4080.0,4646.719
4775.0,4725.845
2952.0,3526.125
6614.0,7500.4136
5957.0,6417.298
5412.0,5713.2534
5672.0,5707.0776
6544.0,5876.5483
5431.0,6289.1973
5555.0,5408.8926
5466.0,5750.286
5609.0,5783.521
6323.0,6470.6265
5738.0,6420.8115
8691.0,9704.09
7857.0,8072.6343
7885.0,7460.5454
8501.0,7347.9907
9368.0,7353.369
5770.0,5871.135
6898.0,6053.825
5449.0,5562.0537
4899.0,5923.138
5622.999999999999,6908.718
5255.0,7205.9272
5208.999999999999,6374.4663
9053.0,9668.646
7516.000000000001,8241.683
7582.999999999999,7766.5923
8891.0,7506.9272
9191.0,7517.5234
6992.0,7360.66
8224.0,7005.5913
6867.0,7156.438
7768.0,7256.351
5414.0,5580.827
11932.0,11310.997
9986.0,9629.414
10099.0,9058.211
7953.999999999999,9080.025
7605.0,8419.666
5288.0,6520.4937
7632.0,8470.443
7274.000000000001,8119.121
6778.999999999999,8317.516
7865.0,7673.8877
7781.0,7520.006
6105.0,6538.6953
10260.0,12009.062
9695.0,10169.533
9471.0,8841.626
10226.0,8858.445
10231.0,8754.736
5446.0,5912.853
5184.0,5711.2817
5876.000000000001,5357.4385
5478.000000000001,5304.705
5450.999999999999,5826.709
3034.0,2816.2732
10029.0,10138.886
8241.0,8430.428
8172.000000000001,6979.0347
7231.000000000001,6750.4697
6243.0,6698.4814
2608.0,3085.7341
5907.999999999999,5355.968
5847.0,5198.585
4952.0,4944.82
5328.0,4935.4336
4443.0,5685.889
2572.0,3723.8582
8293.0,10366.248
9316.0,8308.255
7179.0,7191.968
7555.0,6974.064
8430.0,6291.6606
6614.0,5930.88
5627.0,5483.19
6676.0,5743.2095
6382.0,5888.7207
7818.0,6798.5293
4939.999999999999,5772.7524
9887.0,10587.553
7632.0,8867.735
7933.0,7931.8076
6887.0,7709.1064
7660.0,7555.416
4677.0,4634.3843
6336.0,6232.506
5207.0,5819.0283
5940.0,5849.1846
6450.0,5769.204
6409.0,5822.476
4416.0,5158.03
10055.0,9835.046
7703.999999999999,8366.914
7832.999999999999,8137.9116
7361.0,8175.7974
10071.0,7372.1245
5872.999999999999,6026.981
5350.0,6021.796
5230.0,6197.7915
5531.0,6392.4927
3718.0,5094.681
9689.0,9884.87
8545.0,8290.0205
7485.0,7634.4365
7328.0,7495.077
6384.000000000001,7372.0376
4795.0,4551.08
6635.0,6559.168
5362.0,5792.48
4826.0,5934.247
5465.0,5625.091
5329.999999999999,5734.9863
3562.0,4300.3115
8825.0,9417.588
7717.0,7833.799
7182.0,7268.475
8400.0,6946.851
8234.0,6723.161
7632.0,8187.335
7708.0,7544.792
9084.0,7547.4136
7201.0,7527.585
5332.0,6175.045
10240.0,11120.82
10139.0,9868.179
8262.0,9148.788
9100.0,8915.282
8117.0,9091.725
5286.999999999999,5710.5547
9384.0,8151.303
7759.0,7331.4683
7264.0,7072.421
9262.0,7259.152
7988.0,7214.722
6588.0,5443.1875
11255.0,11129.879
10884.0,10086.947
10728.0,9093.157
12379.0,9008.334
9593.0,8175.1113
4037.0,5082.8755
3950.0,5121.147
3484.0,5155.712
4809.0,5745.904
5519.0,5275.351
8247.0,8600.774
6835.0,7217.0415
6377.0,6681.5576
6018.0,6894.222
6745.0,6879.504
7524.000000000001,4821.225
4170.0,5047.8037
3620.0,4889.525
4162.0,4942.007
4340.0,5907.0127
4138.0,6452.486
5808.0,6380.5884
9657.0,7437.3267
7948.0,5965.259
7337.0,6818.5977
6985.0,6981.9976
9515.0,7012.1113
3757.0,4278.2954
4194.0,4396.919
4534.0,4385.2476
4038.0,4469.2095
3480.0,3386.51
6828.0,7522.349
5027.0,6256.86
4841.0,5742.328
4842.0,5724.2476
5369.0,5686.337
3578.0,3581.4456
4675.0,4742.5083
4487.0,4246.59
4058.0,4159.861
4390.0,4465.094
5221.0,4696.751
3540.0,3792.4062
7114.0,6721.893
5761.0,5683.4
5551.0,5436.7417
5685.000000000001,5296.0635
6566.0,4805.5503
3914.0,5054.5977
4294.0,4748.0625
4986.000000000001,4758.4385
4850.0,5110.6553
4219.0,4609.896
8687.0,8313.501
7596.0,7100.8384
5604.0,6311.5737
5821.999999999999,6290.1606
5551.0,6140.6562
4364.0,4771.386
5729.0,6406.16
4089.0,5940.9634
4364.0,5754.4395
4311.0,5356.554
4483.0,5222.066
4191.0,4575.1323
8488.0,7756.0664
5923.0,6385.1436
6319.0,5963.834
5801.0,5890.4033
7273.0,5960.9204
7651.0,9116.057
8909.0,9346.442
8638.0,8503.303
8889.0,8187.6
6579.0,8524.799
13645.0,13400.236
11998.0,11065.095
11869.0,10040.958
10702.999999999998,9783.349
9283.0,9036.938
7653.000000000001,6597.0674
9362.0,7862.0347
8227.0,7250.2935
7706.0,7463.4883
7534.0,7346.136
7692.0,7729.0547
5915.999999999999,6490.3325
13096.000000000002,12975.405
11129.0,10771.474
10362.0,9908.098
11439.0,9667.917
14190.0,10028.505
8802.0,11007.865
9246.0,10177.367
10159.0,9283.613
9300.0,9109.102
7996.0,8740.806
11899.0,14251.331
12233.0,12086.553
12170.999999999998,10867.618
12281.0,10647.469
9155.0,10536.269
7861.0,9927.509
10492.999999999998,9587.16
8718.0,8392.929
9047.0,9039.974
8323.0,8706.668
7165.0,8740.904
7285.0,8533.592
11806.0,13173.368
10865.0,11721.781
10527.0,11176.627
11272.0,10673.17
14180.0,10431.587
6257.0,6278.753
4909.0,5529.1255
6641.0,5529.723
6397.0,5435.4653
6046.0,6196.308
5642.000000000001,6230.6274
10071.0,9961.852
8662.0,8241.383
7984.0,7731.208
7781.0,7622.226
7535.0,7550.2944
5221.0,5977.7314
6417.0,6098.3945
5237.0,5922.1157
4332.0,6164.3525
6204.000000000001,6343.224
6003.0,6626.317
5568.0,6652.139
11328.0,10228.295
7926.0,8238.46
7297.999999999999,8039.9136
7892.0,7929.788
7818.0,7748.235
7958.0,10403.435
8125.0,9328.235
8294.0,9044.33
8059.000000000001,8409.975
6981.000000000001,6922.512
12121.0,14863.264
13482.0,11691.426
10741.000000000002,10392.466
11297.0,10202.826
8617.0,9480.262
7075.000000000001,6635.502
7437.0,7849.8086
7727.0,7582.87
6789.0,7601.311
6749.0,7725.769
6382.0,7331.516
5120.0,6400.4736
12322.000000000002,13285.657
10956.000000000002,10912.803
10318.0,9755.526
10270.0,9686.425
13213.0,9598.611
4179.0,4194.1104
4022.0,4295.955
3912.0,4298.3657
4241.0,4146.174
4273.0,4583.136
2069.0,2769.64
7660.999999999999,7657.9385
6503.0,6309.179
6012.0,5706.0586
5579.0,5547.539
4676.0,5451.0215
2132.0,2280.5527
4338.0,5435.0425
3883.0000000000005,4707.3203
3197.0,4372.821
3607.0,4381.8774
3970.0,4499.5347
1864.0,2584.5317
7391.999999999999,8165.417
6001.0,6566.771
5547.0,5986.0493
6210.0,6018.2524
7301.0,5157.221
6223.0,6701.974
6816.0,6217.6113
6947.0,6308.361
6031.0,6751.4263
6546.0,6884.3926
12305.0,10452.809
8504.0,8865.233
8383.0,8270.751
7603.0,8494.986
6526.0,8348.873
7534.0,6852.503
7101.0,7198.5396
6700.999999999999,8130.4272
5562.0,7713.02
5590.0,7668.6924
6419.000000000001,6690.6245
6084.0,7675.0386
11659.0,9589.035
8450.0,8057.1235
7564.0,7421.2793
8039.0,7429.9883
9411.0,7669.77
3226.0,5254.812
4042.0,4827.836
3707.0,4405.088
3297.0,4446.8145
3566.9999999999995,3950.5972
5312.0,6613.686
5691.0,5794.47
4412.0,5498.6196
4520.0,5590.4097
3033.0,5534.1626
3335.0,4851.687
3405.0,5489.4497
3627.0,5355.956
3094.0,4911.9756
3363.9999999999995,4613.7646
2722.0,4064.0298
2513.0,4736.399
5235.0,5248.4297
4925.0,4787.7363
4551.0,4541.426
4880.999999999999,4502.2627
4776.0,4113.5137
5356.0,5373.15
5148.0,4767.7695
4747.0,4929.6426
4927.0,4809.307
5862.0,5126.0615
5200.0,5564.1294
7116.0,8149.228
6316.0,6998.97
6300.0,6529.0674
6893.0,6456.2783
6013.000000000001,6329.419
5585.0,5262.1436
4902.0,5116.07
4128.0,4835.318
4553.0,4797.221
4683.0,5139.306
5856.0,5893.138
5403.0,5712.9766
8054.0,8141.1196
5735.999999999999,6894.3394
5982.0,6801.9683
6712.000000000001,6899.8833
7248.0,6707.636
3747.0,3846.5266
3784.0,3750.586
3337.0,4077.6985
4156.0,4251.9233
2589.0,2869.1484
6391.0,6710.063
5093.0,5698.502
6320.0,5423.744
4506.0,5375.5654
4850.0,5151.5464
2330.0,4172.611
4668.0,5395.5977
3110.0000000000005,4798.001
3870.0,5035.0166
3527.9999999999995,4835.5464
3416.0,4457.8276
2532.0000000000005,3692.3953
5947.0,6876.961
5679.0,5876.9795
4869.0,5221.8467
5778.999999999999,5135.2515
6395.0,4351.6396
6077.0,7595.9795
7043.0,7317.7773
7579.0,7131.1904
6539.0,7312.036
7106.999999999999,7643.842
10304.999999999998,11266.648
9447.0,9499.365
8467.0,8752.592
7498.0,8892.407
7163.0,8781.719
8695.0,7982.292
7160.0,7850.3984
6981.000000000001,7661.0757
6561.0,7474.4683
6090.0,7045.962
6789.0,7401.48
7188.000000000001,8377.75
9866.0,10520.46
8268.0,8671.935
7028.0,8203.967
8146.0,8528.583
10788.999999999998,8703.442
8650.0,8253.954
7832.0,7495.954
7592.0,7309.2305
7606.0,7247.116
7179.0,8076.257
8079.0,8479.254
11688.0,12010.693
9846.0,10235.609
9781.0,9211.147
8960.0,9361.651
8251.0,9330.39
8135.0,8178.639
8104.0,7822.561
6427.000000000001,7353.1865
6208.999999999999,7206.6064
6713.0,7309.493
6262.0,8151.4863
7089.0,8062.8804
10274.0,12275.051
9169.0,10226.633
8658.0,9577.401
8443.0,9685.479
11143.999999999998,9576.7295
8801.0,10280.369
9574.0,9369.251
9876.0,9216.892
11506.0,8777.248
7797.999999999999,8718.073
17229.0,14777.072
13423.0,12310.334
11417.999999999998,11557.417
12700.0,11274.792
11195.0,10346.906
9339.0,7772.3296
8752.0,8561.886
7832.999999999999,8706.764
8181.0,8956.164
7779.0,8590.632
8602.0,8327.011
6557.0,7761.411
13740.0,14774.261
10877.0,12135.484
10634.0,10915.224
11088.0,10809.334
12412.0,10377.891
8931.0,8869.175
8021.0,8601.706
8055.0,8751.157
8277.0,8663.72
9817.0,10305.62
12377.0,12145.904
10831.0,10369.694
11512.0,9648.833
9954.0,9594.022
9388.0,9514.399
10169.0,8916.158
11433.0,8536.551
9232.0,8323.352
9981.0,8147.9077
9949.0,8584.093
9825.0,9660.621
10830.0,9531.549
12582.0,10448.044
10846.0,9042.265
11962.0,9379.382
11955.0,9677.675
12422.0,9715.455
5393.0,6174.362
4782.0,5655.815
5547.0,5250.2173
6247.000000000001,5376.8633
6337.0,6081.7974
7293.0,6946.2695
9105.0,9372.065
7779.0,7789.819
7088.0,7448.2183
7506.0,7417.248
7645.000000000001,7423.782
7017.0,5965.96
5804.0,5543.014
5149.0,5188.4736
4802.0,5511.2466
5196.0,6561.772
5547.0,6819.9844
6547.0,6701.9043
9573.0,9401.526
7976.0,7835.8706
7442.0,7584.962
7771.0,7622.823
9091.0,7559.22
4346.0,5960.882
4668.0,5321.959
4707.0,5096.8477
4552.0,5753.211
6272.0,5759.668
11100.999999999998,8946.241
7336.0,7387.2095
6837.0,6677.616
5532.0,6854.117
6043.0,7178.4844
6351.0,6285.8315
5221.0,5469.141
4198.0,5524.8315
4139.0,5054.5
4232.0,4790.1626
4366.0,5656.1206
5559.0,6039.8423
8759.0,8848.056
6649.999999999999,7038.5
6595.0,6530.672
6591.000000000001,6382.7124
7434.0,6616.6177
4084.0,4161.7896
4343.0,4037.3057
3894.0,4156.1973
3620.0,4712.7847
2527.0,3592.8196
6723.0,7960.143
6295.0,6611.7534
5729.0,5923.698
5557.0,5826.6147
4268.0,5751.529
2419.0,4524.4434
4483.0,4532.579
3855.0,4423.1978
3816.9999999999995,4259.0596
3802.0,4179.0093
3448.0,4408.928
2022.0,3546.956
7084.0,7815.461
6145.0,6424.479
5617.0,5950.7407
5734.0,5733.529
8336.0,5206.1865
3496.0,4013.4014
3678.0,3844.806
3873.0,4054.5955
3285.9999999999995,3930.8372
4951.000000000001,4069.3477
4584.0,4677.7256
5667.0,4340.2593
4609.0,4254.318
4707.0,4283.3594
4772.0,4299.6367
4579.0,4002.0225
4554.0,3623.5188
5224.0,3411.5537
3982.0,3322.6462
4027.0,3536.8584
3941.0,3607.6035
3496.0,3575.4712
5282.0,3535.6514
5387.0,3496.4915
5004.0,3490.1445
5191.0,3260.139
5464.0,3402.379
3728.0,5139.19
3936.0,4822.843
5512.0,4935.89
5146.0,5289.219
5312.0,6114.7974
7028.999999999999,7280.358
6055.0,6261.23
6267.0,6089.9526
5208.999999999999,6152.948
5973.0,6568.5645
4990.0,5976.262
5019.0,5578.8438
5043.0,5265.703
4125.0,5050.1084
5578.0,5332.9595
6038.0,5203.4004
6217.0,5527.896
7295.0,7426.532
5600.0,6214.749
5673.0,6052.3896
6311.0,6095.4062
6938.0,6452.457
8473.0,8510.1
9983.0,8692.592
8626.0,8837.849
8564.0,8665.659
6907.0,6844.829
14576.0,14763.217
11118.0,12173.007
11779.0,10910.947
11043.0,10472.91
9212.0,9105.837
7498.0,7668.106
8781.0,8136.8467
8334.0,7468.681
9065.0,7186.2676
8036.0,7366.3022
8577.0,7682.599
6044.0,6151.394
12420.0,12859.617
10896.0,10748.015
10932.0,9613.079
10853.0,9748.101
11946.0,9200.539
5654.0,5765.222
5455.0,5714.2466
5115.000000000001,5771.7935
5421.0,5733.3394
3267.0,4219.534
8838.0,9858.854
7600.0,8320.411
7041.0,7579.763
6793.0,7259.947
6639.0,7277.987
4223.0,5020.576
6031.0,6479.495
5377.0,5945.4736
4517.0,5778.7905
4917.0,5391.612
5554.0,5173.2754
3931.0,4785.7554
8816.0,9396.611
7180.0,7716.256
6960.0,6968.686
5982.0,6875.8804
8096.0,6697.7036
4845.0,5149.5903
4341.0,4813.2095
4533.0,4806.155
3851.9999999999995,4627.9526
4939.0,4862.7944
2813.0,3871.805
8001.0,8081.8667
6647.0,6750.549
6324.0,5987.929
5517.0,6011.901
5117.0,6119.593
3289.0,3398.9753
4915.0,5814.9185
3869.0,5114.7363
4166.0,4907.4604
4460.0,4885.9165
4224.0,5028.0215
2754.9999999999995,3729.1992
8206.0,8247.167
6130.0,6535.25
5649.0,6112.5283
5159.0,5847.473
6670.0,5725.2275
4330.0,5055.0083
4278.0,4971.068
4006.0,5078.47
4765.0,5318.646
5350.0,5818.93
7836.0,7649.2764
5812.0,6464.5635
4743.0,6278.756
6589.0,6234.6245
5420.0,6501.063
6496.0,6013.063
4571.0,5439.2275
4048.0,5082.1504
4122.0,4794.3525
4456.0,5245.0986
4906.0,5638.533
5828.0,5886.1123
7450.0,6543.475
5504.0,5639.632
5341.000000000001,5878.3115
6063.0,6150.3877
6301.0,6547.657
3726.0,5826.432
4299.0,5421.335
4511.0,5101.299
4457.0,4894.9604
5310.0,6715.599
6109.0,7543.415
5206.0,6339.531
5216.0,6033.755
4819.0,6086.638
5013.000000000001,6013.0444
3984.0,5077.583
4225.0,5206.703
3459.0,5115.52
3651.0,4731.4644
4350.0,4804.5645
4902.0,4673.374
5257.0,6420.0503
10068.0,6581.947
6385.0,5592.5
6955.0,5495.6284
7057.0,5702.4663
7628.0,5854.409
7258.0,6650.595
6175.0,6075.044
6580.0,6402.8647
6747.000000000001,6133.3027
6679.0,7248.056
5563.0,6003.417
10168.0,11216.305
8607.0,9096.458
9429.0,8078.254
8858.0,7991.461
7770.0,7758.9043
5395.0,5485.4033
6195.0,6358.5186
5770.0,6067.5767
5880.999999999999,5870.3223
6246.0,6252.734
5599.000000000001,6221.4185
4845.0,5652.725
8633.0,10803.089
8066.0,8942.056
8051.000000000001,8362.187
7585.0,8255.069
9379.0,7577.0684
3734.0,4106.82
3011.0,3700.7598
3451.0,3589.814
2782.0000000000005,3546.0513
3205.0,3455.9275
2327.0,2687.0188
4964.0,5064.0303
3902.9999999999995,4407.0527
4099.0,4023.4045
4288.0,4005.1606
3552.0,3854.8083
2729.0,2588.1638
3236.0,3740.713
2867.9999999999995,3208.1326
2694.0,3066.6882
2834.0,3121.8005
2821.0000000000005,3382.7952
2090.0,2580.9329
4405.0,4863.711
3598.0000000000005,4377.655
3646.0,4113.8247
3297.0,4204.75
3874.0,4066.0862
5594.0,6866.065
6968.0,6646.406
6461.0,6515.1934
7894.0,6510.525
7221.0,6361.61
10338.0,9970.142
8814.0,8626.903
7647.0,8028.9556
7847.0,8003.483
8525.0,8229.235
8158.0,7347.043
6286.0,6996.9536
6133.0,6922.774
5985.0,6660.148
6284.0,6801.447
7199.0,7184.1777
8302.0,7599.8545
10561.0,9810.941
9694.0,8052.922
9691.0,7900.1777
8996.0,8121.7734
10310.0,8490.031
3700.0,3893.8853
4162.0,3849.2322
3565.0,3764.829
3780.0,4098.6978
3578.0,4203.0874
7614.0,6693.5225
5321.0,5712.0283
4535.0,5467.6797
5032.0,5615.06
4684.0,5503.981
4835.0,4832.587
3877.0,4325.3184
3068.0,4099.023
3273.0,4130.047
3794.0,4176.1904
3682.0,4584.5967
4356.0,4695.6694
6684.0,6509.661
5115.000000000001,5480.566
4946.0,5284.63
5324.0,5257.8394
5729.0,5316.137
5492.0,6093.599
6471.0,5758.6045
6342.0,5732.694
6785.0,6372.923
7324.0,7092.08
9621.0,9015.628
7463.0,8039.487
7522.0,7796.4326
7402.0,7969.622
7473.000000000001,8307.07
7620.0,7754.3486
7202.0,6748.927
5797.0,6330.1733
5124.0,5856.8433
7042.0,6685.153
5737.0,7147.63
7902.0,8196.287
8672.0,9314.593
7847.0,7829.5347
7538.0,7659.949
8280.0,7898.5273
9198.0,8105.1704
4925.0,5819.8794
5231.0,5225.308
6234.0,5399.995
6260.0,5714.562
6068.0,5452.6885
8894.0,9676.874
9429.0,8313.507
6395.0,7437.438
7010.0,7542.9736
6562.0,7823.1416
6375.0,6449.334
5297.0,6681.8813
5453.0,6791.5234
4411.0,6649.3096
6213.0,6891.3716
5988.0,6741.056
6117.0,6997.5723
9118.0,9715.715
7787.0,8057.1406
7584.0,7620.1904
7024.000000000001,7442.9873
8031.0,7605.6675
5160.0,4731.378
4880.0,4643.511
5237.0,5063.1855
5194.0,4838.6123
5417.0,5528.558
3374.0,5018.1855
7786.0,8298.01
6442.999999999999,6986.872
7377.0,6154.902
5705.0,6252.3813
5920.0,5986.1504
3100.0,4478.2075
4864.0,5373.412
5038.0,5210.876
4604.0,4887.2007
4517.0,4893.3853
4968.0,5800.6665
2468.0,4871.477
6853.0,8878.521
6162.0,6959.1157
6450.999999999999,6244.6045
6797.0,6119.133
7539.999999999999,5877.079
6042.0,6626.7324
4927.0,5608.0864
6273.0,5549.5796
7040.000000000001,5872.5923
7585.0,6742.898
8313.0,8024.383
11209.0,9917.652
8565.0,8254.757
8239.0,8113.2856
8128.0,8084.7227
8116.0,8286.756
8074.0,7118.7207
6926.999999999999,6355.7095
5434.0,5962.52
5212.0,6085.6533
6186.0,6597.653
7008.0,7071.3325
8142.0,7310.396
11237.0,10297.666
8992.0,8742.997
9177.0,8606.495
9905.0,8608.437
10732.0,8907.915
5283.0,5163.165
4822.0,4772.476
5167.0,4745.6416
4555.0,4578.1753
5242.0,4705.71
3704.0,3250.5405
7224.0,7640.7935
6776.0,6491.865
6202.0,5725.5215
5313.0,5682.5996
4736.0,5744.576
2903.0000000000005,2789.4824
4640.0,5978.6797
4158.0,5509.389
3068.0,4981.315
4406.0,4858.7163
3901.0,4726.67
2632.0,3298.9458
6017.0,7695.599
6252.0,6219.3306
5924.0,5732.381
5610.0,5543.2275
6096.0,5808.9453
6097.0,6183.166
7777.0,6038.117
7749.0,6150.973
7557.0,6783.522
8413.0,8183.7603
11261.999999999998,9747.811
8769.0,8348.519
8645.0,7877.1387
7910.0,8356.422
10397.000000000002,8408.094
8627.0,7722.5254
7710.0,7129.587
7047.0,7189.9224
6286.999999999999,7021.5957
7487.0,7888.572
7653.000000000001,8325.863
9229.0,9003.011
9960.0,10291.712
8400.0,9180.678
9048.0,9079.4375
8705.0,9329.786
10022.0,9290.783
8363.0,7865.051
7383.0,7294.616
7620.0,7490.4507
8483.0,7189.788
8063.0,7745.168
5993.999999999999,7003.856
14624.0,13412.0205
9956.000000000002,10827.238
10987.0,9975.18
9756.0,9811.967
9851.0,9798.79
5758.0,6561.3096
7926.999999999999,8767.586
7200.0,8145.9126
6059.0,7546.3384
8135.0,8104.01
7140.0,7618.067
6477.0,5986.4355
14080.000000000002,13599.103
11248.0,11162.296
10245.0,10581.649
9820.0,10537.564
11594.0,9097.344
4524.0,6283.853
5528.0,6252.093
4755.0,6242.188
5894.0,6701.2217
5524.0,7133.506
9464.0,9746.228
7738.0,7998.1436
7441.0,7481.0786
8163.0,7385.1333
7998.0,7149.592
7547.0,5380.904
7356.999999999999,5676.005
6159.0,5414.9824
4985.0,5666.6797
5917.0,6203.3555
7046.0,6605.62
6840.999999999999,6044.643
10750.0,9302.404
8489.0,7625.6895
8200.0,7290.0264
8433.0,7276.517
8581.0,7427.68
5648.0,4641.25
5007.0,4765.7637
5008.0,4859.963
4797.0,4391.6177
5371.0,5519.6304
2641.0,3385.1875
8043.0,8250.005
6609.0,6885.5073
6437.0,6142.4473
5978.000000000001,5970.917
5748.0,5681.126
2282.0,2190.112
6130.0,5215.2974
4845.0,5069.3984
3864.0,4648.671
4534.0,5147.3823
4602.0,4873.7305
2624.0,2244.358
7519.0,8380.285
6699.0,6867.569
5228.000000000001,6235.448
5556.000000000001,6030.023
7148.0,5339.2866
8569.0,8292.702
7138.0,7783.038
9718.0,7885.3193
9108.0,7576.698
8676.0,7884.162
5243.999999999999,5616.864
14466.0,14153.86
11937.0,11777.518
11127.0,10502.029
9229.0,10634.071
8172.000000000001,9645.173
4758.0,6453.02
7598.0,9356.808
7118.000000000001,8790.98
6035.0,8092.005
8113.0,8282.802
7046.0,7479.923
5250.0,5300.875
14030.0,14178.381
12229.999999999998,11021.4375
11136.0,10106.829
10213.0,10071.916
9761.999999999998,8907.912
4099.0,5162.283
5653.0,4973.7876
3667.0,5203.659
3871.0,5193.3955
4376.0,4770.2075
9469.0,8291.419
5831.0,6931.8135
5926.0,6713.4204
4550.0,6288.139
4984.0,5217.0693
5102.0,4666.3667
6316.0,4424.9033
4803.0,4354.229
5289.0,4417.2075
3928.0,4420.483
4851.0,4895.5146
4675.0,4440.333
7910.999999999999,6401.8945
6397.0,5136.09
6760.0,5256.097
5868.0,5124.9546
5571.999999999999,4863.9927
5747.0,6023.0396
5837.0,5838.331
5725.0,5843.9937
6326.0,5822.5625
3746.0,3872.926
8362.0,9371.606
8676.0,8277.277
7668.0,7501.344
7063.999999999999,7334.36
6792.0,6745.0063
3980.9999999999995,4356.402
5617.0,7463.715
6114.999999999999,6642.214
5472.0,6452.8066
5643.0,5993.9644
5392.000000000001,5110.2026
3043.0,4822.3755
8619.0,9492.555
7593.0,8079.342
6820.0,6931.1143
7181.0,7017.502
7495.0,6993.325
6242.0,5937.015
5547.0,5188.601
6777.0,5263.685
6372.999999999999,5370.3477
6387.0,6379.4478
7297.999999999999,7108.19
9584.0,10591.558
8287.0,8342.031
7749.0,7763.657
9536.0,7565.59
8545.0,7572.47
7818.0,6517.179
5852.0,5756.371
5102.0,5473.1343
4484.0,5613.8086
6227.999999999999,6139.47
5679.0,6830.4395
7191.0,7359.9507
10881.0,10004.644
7707.0,8376.592
8667.0,8443.912
9316.0,8401.946
11525.0,8240.503
8661.0,9484.712
10766.0,9358.217
10092.0,9484.805
9948.0,9694.117
9757.000000000002,11481.513
16617.0,14310.388
13431.0,12045.988
11925.0,11673.873
12544.0,11907.184
11177.0,11348.446
10326.0,9699.629
10175.999999999998,9755.183
7659.0,9000.111
7923.0,8836.876
8478.0,8804.1455
9556.0,9433.06
9630.0,10301.372
15285.0,13811.021
12596.000000000002,11715.54
11569.000000000002,10955.916
13029.0,11104.513
13251.0,10724.609
4210.0,4577.735
4625.0,4460.094
4466.0,4357.139
4498.0,4404.1626
5101.0,4873.5684
3035.9999999999995,3642.809
7484.0,8070.371
6735.999999999999,6536.1006
5523.0,6043.864
5890.0,6080.62
5446.0,5985.055
3078.0,3341.8147
4602.0,5194.3174
4030.0,4915.1377
3477.0000000000005,4594.201
4805.0,4555.863
4443.0,4707.681
2836.9999999999995,3325.5122
7436.0,8064.065
6670.0,6831.4375
5356.0,6248.127
6652.0,6249.4
7156.0,5487.8105
4882.0,6109.5977
5872.999999999999,5811.73
5800.0,5766.773
5899.999999999999,6153.658
5930.0,6403.3047
8895.0,7805.766
7145.000000000001,6684.3486
6641.999999999999,6646.1357
6177.000000000001,6700.31
6524.0,6788.619
7175.0,5902.082
5418.0,5658.439
5111.0,5303.2695
5005.0,5183.3325
6430.0,5746.492
5314.000000000001,6296.958
6398.0,6266.1406
8775.0,8112.4746
6926.999999999999,6674.3467
7050.0,6857.5493
6937.0,7090.534
8306.0,7361.001
6727.999999999999,8690.3955
7960.0,7303.6265
7063.0,6772.347
6499.0,6804.3237
5007.0,5227.7104
11298.0,11326.862
10759.0,9698.311
9761.999999999998,9030.487
8816.0,9095.455
8004.999999999999,8496.51
6744.0,7032.3
7714.0,9327.622
7537.0,8440.361
6554.0,7913.384
7654.0,7590.781
7023.0,6660.248
6106.999999999999,5619.782
13568.999999999998,11858.453
11285.0,10032.492
10662.0,8801.847
10874.999999999998,9142.813
11035.0,8956.396
8612.0,6798.048
7020.0,6218.315
8721.0,5918.531
7227.999999999999,5973.743
6727.0,6284.878
8640.0,6746.005
11092.0,8805.803
9346.0,8441.002
8884.0,8323.252
9002.0,8215.367
7758.000000000001,7793.9663
8873.0,6940.32
9284.0,6361.3457
8614.0,6188.5894
8215.0,6146.704
7984.0,6669.3247
7358.0,8422.505
6854.0,8822.276
9701.0,11023.721
8195.0,9884.852
8626.0,9162.399
7780.0,8781.16
11186.999999999998,8515.255
7295.0,9414.879
8509.0,9606.413
8223.0,9524.438
8514.0,8717.922
7598.999999999999,9694.015
12181.0,11784.45
10869.0,9996.418
9854.0,10152.075
10614.0,9883.663
9441.0,9122.438
7539.999999999999,7409.7456
9259.0,7845.7812
8753.0,7357.3403
7670.0,7732.6704
8173.0,8125.5513
8095.0,8425.484
7555.999999999999,7813.7915
11636.0,12265.786
10843.000000000002,10867.865
9962.0,9878.0625
10252.0,9935.928
11204.0,9910.701
5419.0,6149.0986
6333.000000000001,5752.5996
6096.0,6084.215
4890.0,5910.5303
9281.0,9661.589
8041.0,8203.966
6968.0,7666.221
7095.0,7532.1606
6038.0,7661.427
6154.0,6219.9824
6401.0,6369.176
5479.0,6693.8564
5767.0,6602.2607
5585.0,6418.097
6955.0,6568.241
5470.000000000001,6687.0664
10017.0,8835.698
8317.0,7373.4824
7258.0,7231.828
8034.0,7048.5586
8613.0,7117.3125
7128.0,8403.26
7523.0,8268.121
7277.0,8248.936
7332.999999999999,8812.04
6238.0,7522.9043
13280.0,14062.098
10992.0,11754.386
9976.999999999998,10716.875
9432.0,10426.724
9399.0,9777.108
6054.0,7020.0347
7682.0,8841.261
7110.000000000001,8000.2983
6306.000000000001,7829.0483
6867.0,7530.741
6641.999999999999,7707.3306
5345.999999999999,6259.692
12920.0,12762.281
11661.0,10322.969
8806.0,9675.436
10089.999999999998,10009.184
11545.0,9289.628
2951.0,3903.5388
3519.0,4239.397
3873.0,4416.0425
3635.0,4622.1934
2384.0,2405.8918
7584.0,8077.28
5489.0,6544.5137
5727.0,5900.3623
4756.0,6093.722
5073.0,6024.531
2560.0,2570.5054
3820.9999999999995,4883.762
3439.0,4478.03
3245.0,4346.059
3535.0,4500.5513
3343.0,4115.7393
2112.0,1977.6566
7992.0,7644.068
6659.0,5923.3706
5366.0,5628.896
5434.0,5356.964
5251.0,5008.9775
5059.0,5178.7593
4623.0,4844.4546
4246.0,4712.022
4278.0,4591.7803
4256.0,4712.539
2672.0,3550.3337
6936.0,7197.312
6926.0,6152.779
5147.0,5649.9497
5158.000000000001,5539.385
5021.000000000001,5471.476
2554.0,3758.7651
4963.0,4625.0684
4081.0,4412.3945
3737.0,4468.7256
3855.0,4424.2983
4138.0,4785.8184
2526.0,3367.5847
5895.0,7563.149
5460.0,6142.365
4605.0,5286.7104
4998.0,5225.374
6026.0,4954.412
5041.0,6975.656
5064.000000000001,6234.8823
5274.0,5662.6553
5044.999999999999,5390.4185
4115.0,4324.861
8159.0,8601.574
7084.0,7240.1187
6649.0,6678.059
6070.0,6702.4966
4880.999999999999,6537.835
4527.0,5542.0874
5423.0,7090.886
4800.0,6294.2856
5165.0,5829.69
4540.0,5392.643
4377.0,5028.6597
3312.0,4408.5923
7765.0,8141.0435
6983.0,6722.703
6804.0,6196.9053
6348.999999999999,6091.8604
7518.0,6053.715
5721.0,6128.205
5432.0,5421.061
6329.0,5227.6807
5431.0,5192.4893
6104.0,6044.3496
6196.0,6416.8716
8207.0,8607.69
6367.0,7241.9595
6341.000000000001,6857.5117
7032.000000000001,6806.261
7778.0,6934.5137
6821.999999999999,5801.0347
6816.0,5394.628
5720.000000000001,5090.4663
5065.0,5156.7485
6630.0,5934.9023
5503.0,6541.147
5809.0,7073.858
7346.0,8847.016
6292.0,7470.344
7476.0,7351.62
7551.0,7335.0024
7444.0,7381.4473
8133.999999999999,8926.99
7815.0,8049.297
9062.0,7977.351
9291.0,8053.5386
8875.0,8563.2295
7160.0,11370.841
12397.000000000002,9946.498
10562.0,9306.515
9876.0,9404.901
9720.0,9501.639
7784.0,8141.2715
8982.0,8129.3647
7792.0,7901.366
6157.999999999999,8127.037
7994.0,8530.957
8705.0,7899.035
7907.0,7808.9316
12778.0,10672.411
10675.999999999998,10194.606
10030.0,9216.847
10775.0,9619.49
12887.0,9530.488
5526.0,6596.1885
6778.999999999999,6120.757
6641.0,6112.9814
6984.0,6672.5
6964.0,8264.318
11860.0,10198.443
9354.0,8639.999
8405.0,8253.047
7688.000000000001,8305.564
9682.0,8173.7383
7547.0,6791.6943
7166.0,6422.8843
5784.0,6009.044
6127.0,6232.2773
6424.0,6557.094
7428.0,7200.9136
7960.0,8160.4497
10852.0,10331.322
9524.0,8874.704
7865.0,8351.233
8141.0,8488.743
10335.0,8517.016
3517.0,4095.1335
2927.0,3658.648
3593.0,3704.6843
3837.0,3716.3708
3389.0,3930.6416
2355.0,4153.884
5761.0,6073.642
5336.0,5253.409
4200.0,4902.865
3659.0,4833.8345
3773.0,4654.005
2438.0,3356.9216
3269.0,3876.2231
2830.0,3661.9116
2842.0,3507.8528
2893.0,3416.8528
3189.0,3503.3525
1867.0,2691.6453
5450.0,6171.1133
4887.0,4899.781
4125.0,4642.064
3964.0,4615.3486
5712.000000000001,3995.0935
4008.0000000000005,5529.7373
5243.0,5353.3193
4743.0,5604.2485
5354.0,5414.476
4321.0,4824.9224
8996.0,9025.911
7839.0,7487.8457
6071.0,6887.722
6517.0,6852.6694
5935.000000000001,6555.108
4605.0,5045.049
5777.0,4959.6055
4801.0,4896.404
4559.0,5008.044
4444.0,5139.815
5143.0,5943.164
4167.0,5125.4595
9450.0,8464.615
7794.0,6968.632
6674.0,6557.1724
6371.0,6768.2
7149.999999999999,6539.9087
5227.0,7464.257
6917.0,6878.0425
6208.999999999999,6524.561
7208.0,6961.7563
8356.0,7308.392
11141.0,10324.077
8361.0,9184.545
8223.0,8915.74
8690.0,8723.212
8861.0,8607.86
8141.0,7808.096
7539.999999999999,7489.7124
5608.0,7448.197
5334.0,7102.743
7797.0,7432.792
8139.0,7268.8325
9261.0,7517.4473
10419.0,9606.106
9331.0,8034.258
8388.0,8159.898
8942.0,8326.289
9810.0,8498.452
5724.0,6482.836
6695.0,6131.756
5953.0,6199.7485
6840.999999999999,6665.1426
8281.0,7300.237
9694.0,9261.108
8544.0,8053.53
6703.0,7793.8984
7188.000000000001,7714.802
6853.0,8108.227
8424.0,7375.3813
6962.000000000001,6345.827
6147.0,6377.956
5987.0,6313.7383
6568.0,6935.3677
7206.0,7862.3506
9060.0,8089.7036
9627.0,10212.11
8959.0,8488.157
7589.0,8070.082
7375.999999999999,8432.383
9279.0,8615.798
7947.0,7873.2104
8929.0,8023.717
9366.0,8027.17
9352.0,7925.2817
5485.0,5385.6265
10793.0,13691.512
12176.0,11409.897
11013.0,10389.493
11308.0,10281.15
8906.0,9134.927
5313.0,6715.8354
8033.0,9476.78
6729.0,9319.2705
6745.0,9599.689
7716.0,9064.868
7541.0,7194.9556
4601.0,5874.0913
12100.999999999998,12175.817
10612.000000000002,10041.006
9641.0,9223.536
10023.0,9237.587
11492.0,8804.898
3141.0,3838.278
3087.0,3768.1082
2882.0,3673.4626
3589.0,3672.7458
2467.0,3456.872
4758.0,5518.224
4380.0,4893.333
3971.0,4493.4697
3827.0,4485.4126
3718.0,4597.4883
2939.0,3330.549
3953.0,4283.78
2650.0,3609.588
2387.0,3607.4802
2710.0,3372.4917
3191.0,3451.0208
2303.0,3107.2295
5237.0,4773.0273
3771.0,4322.052
3922.0000000000005,3999.565
3401.0,4034.77
3866.0,4316.721
11616.0,11019.46
12715.0,10892.8
11197.0,10838.421
11732.0,11121.77
10639.0,10755.258
16746.0,17389.455
15281.0,15028.47
14568.999999999998,14306.942
13627.0,14127.852
11990.0,13126.04
10909.0,11640.175
12153.0,13353.099
11458.0,12907.166
11102.0,11739.686
10503.999999999998,11196.716
10409.0,11124.119
8413.0,11422.376
16104.0,17032.44
14892.000000000002,14320.843
15367.0,13495.162
12928.0,13289.856
14949.0,13006.245
7820.0,6678.4927
7553.0,7685.1157
8581.0,6414.2666
5347.0,4462.0454
12070.0,10518.881
6584.0,7116.442
5215.0,6455.951
6705.0,6432.1875
5766.0,6736.7266
6471.0,6363.3784
5383.0,4986.2773
13183.0,9341.231
9198.0,7428.5786
7625.999999999999,7824.387
7476.0,7338.1924
6985.0,8491.967
7750.0,6978.142
5423.999999999999,4422.2944
13275.0,10352.268
6502.0,7006.454
5206.0,6856.7812
5504.0,6878.817
5223.0,6991.8413
5791.0,6067.289
5099.000000000001,4964.161
11421.0,10608.235
7788.0,7264.5605
7533.0,7305.092
7719.0,6545.951
7187.0,7446.637
7791.0,6581.8115
3607.0,4553.386
3658.0,4361.301
3621.0,4586.851
3906.0,4831.382
3331.0,4124.144
5493.0,7454.1816
5585.0,6246.935
5609.0,5800.952
5100.0,5728.4224
4064.0,5504.558
3328.9999999999995,4607.1
4130.0,4883.5605
3309.0000000000005,4668.126
3574.0,4507.7646
3677.0,4136.8574
3513.0,3847.453
2260.0,3743.0786
5524.0,6121.5063
5083.0,5124.3
5021.000000000001,4777.5737
4759.0,4608.086
5571.999999999999,4346.1606
6428.0,5359.1626
6043.0,5002.051
5859.0,4933.831
4962.0,4859.299
4885.0,5375.275
4124.0,5329.133
7879.0,8327.063
6327.0,7020.6973
6996.0,6424.1226
6576.0,6390.357
5812.0,5964.545
4708.0,4414.045
5998.0,5515.122
5803.0,5220.4214
5021.000000000001,5120.281
4272.0,5561.691
4541.0,5191.5996
3784.0,4519.212
8403.0,7902.4375
6964.0,7099.9834
6078.0,6797.4263
6310.0,6683.6226
6379.0,6047.4746
6076.0,6106.0854
5792.0,5920.7617
5616.0,5735.967
5971.0,5345.828
5703.0,8078.6167
2413.0,4927.054
10116.0,10488.667
8128.0,9551.931
7886.0,7607.929
7776.0,7390.02
6278.0,6796.083
2684.0,3151.8708
5257.0,6406.6455
5103.999999999999,6232.0396
5589.0,5349.9775
4625.0,5520.3
5098.0,5066.597
1991.0,3345.65
9340.0,9593.675
7308.0,8084.479
5605.0,7184.339
7953.999999999999,6854.699
7863.0,5489.5425
5191.0,5619.0747
5423.0,5658.158
6307.0,5572.7354
6327.0,5727.485
4039.0,5443.285
8788.0,8225.513
7632.0,7233.9224
6738.0,6890.481
5996.0,6790.8975
6575.000000000001,6785.6816
4639.0,4435.905
6853.0,5765.97
5345.999999999999,5190.9717
5049.0,5166.291
6103.0,5301.531
5870.0,5606.5557
4831.0,5052.067
8335.0,8299.563
7313.0,7101.5044
6657.999999999999,6683.8804
6433.0,6776.3857
7295.0,6741.1274
7456.0,7819.3037
7370.0,7469.8394
7318.0,7397.8403
7898.0,7770.5337
7164.0,7310.2085
11333.0,11728.929
9863.0,9826.904
9216.0,9294.047
9306.0,9500.975
7644.0,9481.046
7010.0,7892.976
7485.0,9000.679
6961.0,8480.365
6717.0,8011.164
7391.0,7361.541
6243.0,7409.594
5087.999999999999,7038.859
10556.0,11706.319
9857.0,10142.79
8107.0,9253.964
8879.0,9464.396
11495.0,9333.994
3552.0,4544.0854
3812.0,4536.07
3391.0000000000005,4668.617
4035.0,4557.8438
3786.0,3638.7522
6764.0,7413.153
5899.0,6185.9287
5846.0,5716.127
5661.0,5575.7427
4341.0,5662.066
3585.0,4308.828
3949.0,4784.9897
3873.0,4411.6045
3468.0,4455.476
3997.0,4411.7246
3565.0,4986.3994
4506.0,4408.465
7706.0,7559.01
6485.0,6076.8467
5813.0,5752.376
6151.0,5759.423
6164.0,5641.698
4384.0,6697.495
4833.0,5802.737
5562.0,5313.194
5523.0,5708.497
5398.0,5400.7715
9890.0,9502.991
7785.0,8062.9067
7644.0,7289.0444
6768.0,7456.115
6030.0,7530.859
5777.0,5946.866
4860.0,6489.662
4845.999999999999,6548.0996
3890.0,6553.598
4279.0,6339.2188
4138.0,5977.0205
4712.0,5977.558
9528.0,9380.218
7760.0,7398.3716
6917.0,6749.2803
6683.0,6590.3145
8227.0,6753.291
4840.0,5801.0312
5492.0,5482.044
5591.000000000001,5605.6465
6255.000000000001,5185.3013
2815.0,5126.888
9253.0,8939.373
7467.0,7765.5923
6577.0,7161.7197
7075.000000000001,7075.424
6466.0,5879.6943
2640.0,4543.464
5165.999999999999,5490.1587
4490.0,5193.5986
4656.0,5171.1733
4740.0,5086.513
5009.999999999999,5360.733
2791.0,3324.934
8356.0,9095.892
6274.0,7511.504
5952.0,6559.186
5897.0,6422.6846
6548.000000000001,6335.9575
5828.0,7272.4053
6684.0,6660.3555
6985.0,6439.6616
6876.000000000001,6254.821
5444.0,5714.8257
11421.0,10144.837
8734.0,8589.665
8731.0,7956.5264
7846.0,7738.835
7567.000000000001,7724.555
5694.0,5738.9756
6099.000000000001,6439.4673
5282.0,6192.9453
5556.000000000001,6321.581
5579.999999999999,6087.4165
5524.0,6152.155
5176.0,5185.442
11168.0,10185.952
8929.0,8527.708
7718.0,7635.0005
7964.0,7538.584
8372.0,7583.599
7089.0,7515.0225
6277.0,7015.646
6131.0,6651.7617
5941.0,6262.493
5923.0,7380.3247
4498.0,5208.4634
10639.0,11086.362
9260.0,9213.379
8255.0,7907.2944
7104.0,7945.3984
6708.0,7588.9736
4369.0,3886.8008
6313.0,7018.3735
6208.0,6565.743
5564.000000000001,6297.2974
5333.0,6283.4736
5879.0,6000.93
4042.0,4642.3066
11134.0,10694.937
9107.0,8589.064
7776.0,7795.907
7525.0,7631.667
8445.0,7160.6978
5180.0,4866.7944
3762.0000000000005,4832.7437
4535.0,4568.858
4847.0,4646.627
4162.0,5183.799
2126.0,2088.164
7773.0,9613.944
7025.0,7858.754
6980.0,6532.6597
6313.0,6309.06
4929.0,6223.6934
1913.0,2890.4966
5432.0,6141.1343
4821.0,6076.593
4299.0,5175.027
4655.0,4994.6655
4380.0,4421.659
1951.0,3277.193
8731.0,9093.495
8434.0,7383.4053
7216.0,6359.1323
6308.0,6328.993
6370.0,5231.79
6442.0,6447.069
5899.0,5933.8496
6077.0,6083.624
7957.0,5889.0454
7638.0,6114.3096
4553.0,4766.5786
10878.0,10708.336
8305.0,8852.271
7821.0,7904.446
7383.999999999999,7672.82
6930.0,7555.2593
4580.0,4993.031
5547.0,6849.9
5236.000000000001,7147.4736
5390.0,6384.6436
6790.000000000001,6145.4746
6231.0,6034.1396
4839.0,4387.176
10538.0,10556.787
8359.0,8686.671
7446.000000000001,7848.147
7695.0,7688.6587
8380.0,7555.361
4258.0,5073.836
3988.0,4937.3755
5009.999999999999,5073.401
5475.0,5411.5063
4765.0,5431.576
7949.0,7820.1934
6546.0,6602.988
5794.999999999999,6243.1436
6173.0,6213.9253
5573.0,6134.6157
5555.0,5261.8296
4106.0,4836.277
4375.0,4484.4985
4278.0,4507.258
4413.0,4739.3013
4683.0,5216.644
5314.000000000001,5182.1323
7409.0,7269.4814
5197.0,6011.4653
5431.0,5714.5977
6399.0,5682.831
7012.0,5823.5693
3561.0,5336.3057
5687.0,5391.445
4552.0,5565.3555
5037.000000000001,5531.3794
5579.999999999999,5685.5786
7549.0,7925.9854
7097.0,6861.68
5829.999999999999,6429.1274
5093.0,6355.7056
5457.0,6482.79
5382.0,5591.886
5095.0,6105.335
3932.0,6014.1904
3916.0,5561.3164
5040.0,5563.869
4752.0,5337.082
5192.0,5779.598
8213.0,7619.1274
6387.0,6250.66
7123.0,5935.879
6046.0,6115.7573
6571.0,6480.06
6179.0,7439.8193
7285.0,6922.7915
7627.0,7215.011
6797.0,7560.7026
7917.0,9039.375
11322.0,10412.774
9115.0,8836.632
8066.0,8418.624
7544.0,8742.189
8463.0,8821.347
8974.0,7809.197
8051.000000000001,7696.223
6145.0,7811.667
6207.0,7876.1406
8117.999999999999,8181.0024
7415.0,7858.531
8577.0,8501.33
11354.000000000002,10206.747
9081.0,8682.846
9512.0,8126.177
9631.0,8562.601
10280.0,9122.98
8033.0,6916.1714
6208.0,6368.7925
6854.0,6428.0483
6404.0,6305.0547
6774.0,7405.1074
7051.0,7431.972
11252.0,9820.678
9399.0,8533.004
9383.0,7958.0693
9049.0,7968.3735
9018.0,7744.778
7786.0,6276.906
7191.0,6098.119
5226.0,5865.695
5668.0,5731.9595
6235.999999999999,6008.944
5759.0,6663.2856
6090.0,6695.291
10397.000000000002,11076.734
8292.0,9277.162
8527.0,8680.788
8655.0,8696.17
11075.0,8994.08
5397.0,6741.3174
5927.000000000001,6330.63
5465.0,6295.7285
5972.0,5960.898
5329.999999999999,5634.6606
10030.0,10390.362
8337.0,8470.153
8787.0,7539.026
8389.0,7548.924
5999.0,7535.559
4929.0,6005.1
5578.0,6002.0
5198.0,5575.01
5449.0,5663.236
4658.0,5517.3765
4998.0,5823.4414
3609.0,5531.551
9168.0,9824.017
8761.0,8154.568
7126.000000000001,7675.5586
7241.0,7569.9
12602.0,7488.7544
5196.0,4377.5527
4714.0,4109.828
4669.0,4066.5337
4254.0,4105.8984
4774.0,4792.9746
4465.0,4740.849
6530.0,7154.725
5065.0,6187.8237
5036.0,5959.0366
5307.0,5809.3096
4674.0,5539.985
4335.0,4971.952
5016.0,4824.2207
4125.0,4469.91
3480.0,4496.94
3814.0,4638.9395
4559.0,5074.7935
3681.0,4930.4644
5274.0,6499.3647
5243.0,5559.1206
4565.0,5297.234
4461.0,5349.6255
5425.0,5335.708
11512.0,10493.34
9605.0,9843.004
9843.000000000002,9295.596
9216.0,9653.744
9768.0,10043.822
11023.0,10650.724
12811.000000000002,13251.243
10777.999999999998,11551.6
11580.0,10988.618
11260.0,10997.153
10616.0,10880.036
11690.0,10526.575
11167.0,9949.737
8466.0,9222.31
9139.0,8891.065
8806.0,9473.381
9004.0,9987.761
11089.0,10822.576
12138.0,12707.837
10318.0,10948.957
9870.000000000002,10462.471
10463.0,10837.986
10483.000000000002,11249.234
3912.0,4329.706
4756.0,4531.5005
4554.0,4619.58
4513.0,5144.354
3320.0,4194.126
7676.0,7823.2314
6288.0,6521.53
6439.0,5863.9243
5261.0,5887.8525
4572.0,5958.472
2942.0000000000005,3759.409
5191.0,5086.478
4076.0,4740.1064
3658.0,4943.522
5191.0,4590.762
4703.0,5015.1875
3167.0,3902.431
7031.0,7946.713
6093.0,6538.429
6896.0,5872.6787
6561.0,5654.8096
6456.0,5563.1343
9080.0,8153.475
9088.0,7757.521
8802.0,8008.2373
8987.0,7936.709
9170.0,7939.165
6580.0,7159.4487
11833.0,12803.909
11072.0,10935.054
11967.000000000002,9728.789
10615.0,9917.747
10487.999999999998,9786.567
6103.0,6805.5664
9073.0,8881.769
7710.0,8577.737
7824.0,8855.52
8584.0,10230.899
7667.0,9881.202
5801.0,8004.4927
10318.0,13718.819
9178.0,11152.227
9141.0,10677.648
8253.0,10523.814
10845.0,9582.26
7842.0,8105.166
6749.0,7423.255
6869.0,6994.746
6700.999999999999,6750.1626
6846.0,6913.815
8329.0,7637.7036
8224.0,9293.533
9037.0,8048.4033
8392.0,7856.1167
7756.0,8005.387
7192.0,8191.418
8828.0,7916.523
7668.999999999999,7008.504
7138.0,6689.2437
6622.0,6793.3853
7008.0,7510.43
6740.0,7797.3066
7619.0,8460.553
8800.0,9475.452
7472.0,8372.123
7017.0,7992.4404
8132.0,8015.6265
9194.0,8247.909
9861.0,11974.966
11934.0,11521.089
12245.999999999998,11421.417
11837.0,11716.41
10824.0,13314.998
17106.0,15846.286
12668.0,13223.328
12209.000000000002,12704.272
10979.0,13489.335
12713.0,12677.688
13157.0,11510.885
11005.0,12812.563
10181.0,12513.734
10120.0,11842.689
12103.0,12267.956
10706.0,11588.217
12912.0,13068.01
17513.0,14672.408
13684.0,12787.904
13272.999999999998,12536.345
14082.0,12861.317
14927.0,12648.565
7261.0,6299.3936
6109.0,5662.311
6046.0,5909.1055
5833.000000000001,5783.3257
6647.0,5935.5615
5253.0,5526.804
8808.0,9843.88
7739.000000000001,8270.587
7723.000000000001,7614.974
7750.0,7226.6987
7522.0,6910.025
5655.0,5763.472
6391.999999999999,5578.492
5417.0,5256.8667
5239.0,5173.3696
5625.0,5708.3623
5414.0,5944.3945
4677.0,5690.653
7034.0,9576.561
6983.0,8261.98
6335.0,8003.7437
6082.0,7711.6895
9013.0,7583.283
5396.0,4362.5796
4393.0,4132.866
5116.0,4239.894
4510.0,4308.366
4385.0,5071.985
2551.9999999999995,4680.28
6903.000000000001,6584.3447
5558.0,5744.885
5370.0,5410.0747
5561.0,5517.2437
4448.0,4844.955
3115.0,4168.526
5529.000000000001,4638.6963
4606.0,4365.8457
4036.0,4275.07
4910.0,4426.1665
4149.0,4892.0884
3034.0,4178.5664
7729.0,6702.8
6558.0,6013.0825
6044.999999999999,5479.9404
5680.0,5669.913
6058.0,4721.9033
4534.0,5940.702
5680.0,5571.4355
6111.0,5502.5767
5978.000000000001,5911.159
6153.0,6583.238
9771.0,9286.599
7797.0,7906.586
7559.000000000001,7379.966
6988.0,7472.1685
8177.0,7615.51
6930.0,6467.6724
5651.0,5924.77
5078.0,5498.261
5124.0,5558.565
6827.0,6778.2256
5558.0,6572.0176
6407.999999999999,7558.284
9064.0,9705.671
7244.0,7913.5005
8068.0,7540.163
8446.0,7546.6895
8897.0,7729.286
7100.0,5982.7983
5750.0,5371.028
6167.0,5088.469
5964.0,5176.0063
6268.0,5796.5903
5486.000000000001,6185.359
7190.0,8336.906
6847.0,7095.3394
7363.0,6516.1807
6438.0,6463.3726
5887.0,6375.857
6065.0,6543.164
7703.0,5953.039
6044.999999999999,5386.9595
6335.0,5109.1465
7637.000000000001,5387.6313
6227.0,5564.6787
5574.0,6216.219
7549.0,7636.992
6178.0,7004.442
6949.0,6782.687
6071.0,6805.5503
7834.0,6735.374
4235.0,5588.499
5325.0,5354.0156
5192.0,5194.1235
5649.0,5593.7646
6129.0,5936.841
5302.0,7529.746
6395.0,6493.991
7152.0,6104.7217
5735.999999999999,6091.439
5323.0,6352.07
6239.0,6058.805
5611.0,5449.377
4015.9999999999995,5046.0312
4693.0,4889.728
5056.000000000001,5669.7896
4791.0,5521.325
6297.0,5551.7935
6956.0,6204.061
6516.0,6423.391
6441.0,5859.9404
6819.0,6141.342
8453.0,6407.2646
5056.000000000001,4830.7886
4270.0,4267.9663
5400.000000000001,4103.365
4530.0,4238.153
4995.0,4903.965
4634.0,4911.5825
7672.0,7516.915
6766.0,6452.8955
5832.0,5989.123
4712.0,5956.7573
5566.0,5798.444
5132.0,5020.4775
4866.0,4823.8774
4081.0,4537.899
3855.9999999999995,4711.563
3562.0,4812.5205
4670.0,4899.804
4787.0,4878.0586
7610.000000000001,7482.9595
6536.999999999999,6454.3853
5812.0,6024.946
5272.0,5910.4746
5750.0,6395.9307
5498.0,6546.3525
6807.0,6200.491
6125.0,6750.1855
6770.0,7272.438
8592.0,7971.7744
10166.0,8962.336
8628.0,9084.196
6933.0,8509.215
8263.0,8873.956
9075.0,9277.146
10145.0,9116.554
8539.0,7513.752
6189.0,7142.723
5879.0,6864.803
7211.0,8122.0796
7266.000000000001,8838.253
10008.0,8323.573
9902.000000000002,9767.28
9867.0,8639.147
8992.0,8540.693
9370.0,9223.272
9716.0,9717.537
7675.0,6742.447
5621.0,6027.716
6202.0,5973.128
6192.999999999999,5897.1006
6220.000000000001,6283.0073
5933.0,5679.226
9498.0,9882.206
8178.0,8404.677
7756.0,7660.539
8008.000000000001,7750.06
7892.0,7782.544
6018.0,6355.519
7038.0,7280.7812
6531.0,6368.342
5915.999999999999,6515.5444
6232.0,6624.0835
6286.0,6262.948
5369.0,5998.49
7953.999999999999,9753.845
7210.0,8270.895
7326.0,7863.513
7138.0,7742.0996
8082.999999999999,7682.0474
3423.0,3625.3594
3244.0,3437.8835
3589.0,3431.2021
3280.0,3324.3413
2230.0,2418.8103
5012.0,5189.214
4435.0,4618.8325
4153.0,4062.1604
3820.9999999999995,4152.798
4088.0,4230.0747
2119.0,2692.3162
3492.9999999999995,3918.3208
3576.0,3520.2922
2914.9999999999995,3379.8813
2598.0,3146.377
3156.9999999999995,3310.8489
1634.0,2446.0896
4841.0,5075.8096
4401.0,4407.9463
3444.0,4030.544
3921.0,4190.5293
4487.0,4114.731
7598.0,7016.75
6376.000000000001,6063.8047
7260.0,6066.622
7818.0,6145.254
7047.0,6659.1
8042.0,6943.4653
14672.0,11189.773
10844.0,9100.062
9868.0,8573.831
9453.0,8827.629
8568.0,8788.588
8604.0,7234.8594
7192.0,6680.2007
5509.999999999999,6316.612
5437.0,6300.1006
5971.0,6472.712
6679.0,7767.145
7053.0,7007.0386
13342.0,12655.915
10324.0,10333.981
8980.0,9931.197
8263.0,9469.715
10779.0,9432.4795
6493.0,5859.847
5893.0,5546.9126
5605.0,5423.542
5308.0,5284.3887
5401.0,6039.8364
4305.0,5491.3994
8030.0,7890.6426
7213.0,6910.54
6802.0,6397.2896
6079.0,6283.147
6362.0,6033.462
4563.0,5059.4404
5345.0,5221.0137
4278.0,4938.0527
5170.0,4984.433
4794.0,4965.5645
4797.0,5249.749
4399.0,4987.0957
7719.999999999999,8367.082
6104.0,6923.289
6359.0,6462.0195
5737.0,6672.1074
7038.0,6732.922
4948.0,6256.1284
6466.0,5874.7383
5862.0,5902.8174
6568.0,6135.5283
6040.000000000001,5815.9375
9324.0,10216.884
9050.0,8527.314
8213.0,7757.9097
6999.0,7626.493
7258.0,7703.04
6391.999999999999,5933.4175
6654.0,6304.1177
6028.0,6390.293
6442.0,6505.19
5869.0,6658.9927
6337.0,6502.4126
6768.0,7011.2773
10706.0,10297.476
8427.0,8440.217
7697.0,7938.5635
7749.0,8050.289
10392.0,8014.314
4345.0,4433.132
3235.0000000000005,4120.057
4088.0,4086.5186
3628.0,4135.0303
4114.0,4480.2754
2400.0,2926.52
6286.0,6989.6562
5181.0,5955.994
5038.0,5248.651
4475.0,5261.3145
4514.0,5341.5986
2220.0,2373.1997
3809.0000000000005,5441.595
3436.0,4552.986
3046.0,4311.056
3894.9999999999995,4156.4014
4002.0,4231.4214
1884.9999999999998,2704.703
6350.0,7032.3438
4708.0,5970.798
5197.0,5367.47
4422.0,5352.3022
4565.0,4708.977
9601.0,8129.999
8593.0,8010.5767
9151.0,7407.4287
7563.0,5494.36
3092.0,5537.5713
9779.0,7297.025
7092.0,6706.1753
9215.0,6851.943
7343.0,7654.2754
7660.999999999999,5422.9653
7323.0,5439.5264
3689.0,5143.7695
11566.0,10339.864
9001.0,8411.919
8906.0,8023.8574
9062.0,7530.825
8998.0,7207.112
8543.0,6205.7773
5171.0,4630.4897
10774.0,9087.075
8174.0,7254.5454
7914.0,7433.505
10588.0,8145.2285
7956.0,7565.2275
8191.0,6216.953
5773.0,5589.7236
14461.0,11007.288
12205.0,9196.869
11446.0,9516.968
10576.0,8798.336
12336.0,9547.163
7522.0,7688.4556
8158.0,7482.8765
8689.0,7010.6235
7638.0,6920.8965
7509.0,7867.0986
3746.0,4901.8887
12738.0,13690.435
10858.0,11350.886
11223.0,10093.349
9952.0,9937.67
8050.0,9597.368
3662.0,6096.4946
8031.0,10693.6045
7584.0,10057.908
6875.0,8891.846
6466.0,9030.625
6421.0,8275.301
3430.0000000000005,6199.105
11419.0,14397.672
11075.0,11477.044
10007.0,9363.9
9734.999999999998,9670.603
10750.0,8399.12
4939.0,4352.8843
4587.0,4438.6914
3945.0,4497.3457
4983.0,4231.3716
2875.0,4317.1753
4836.0,5222.851
5197.0,5619.7817
4600.0,5420.476
4480.0,5317.159
4241.0,4581.3843
2845.0,3962.9766
4034.0,4167.2065
4273.0,4090.3838
3824.0,3969.5852
3217.0,3874.1694
3749.0,3800.7053
1854.0,2779.311
4690.0,5858.823
4784.0,5185.005
4410.0,4693.6807
4046.0,4495.166
7464.0,4449.1772
12055.0,12017.102
10371.0,11267.8
11670.0,10887.857
11011.0,10786.543
10437.0,10469.027
8686.0,9664.909
16585.0,16254.318
13415.0,14323.937
15654.0,12508.536
13971.999999999998,12398.333
11995.0,11365.738
8447.0,7685.4595
12676.0,10066.178
10166.0,9992.817
10110.0,9573.574
10568.0,10075.126
10135.0,9765.712
8260.0,8152.5703
14305.0,16547.104
14496.0,13765.731
13322.000000000002,12580.135
13146.0,12922.166
18227.0,12072.859
4220.0,4876.826
4418.0,4807.022
4896.999999999999,4843.376
4382.0,5106.379
3695.9999999999995,4714.808
7854.0,8192.028
6024.0,6914.298
6426.0,6182.65
6063.999999999999,6249.577
4898.0,6167.2837
3488.0,4756.9287
4126.0,5885.9243
4118.0,5244.144
3819.0,5223.053
3865.0,4885.4966
3969.0000000000005,4731.445
3515.0,4208.913
8074.0,7463.3525
7074.0,6241.759
5794.0,5794.7705
6659.0,5683.642
8742.0,5717.9053
3662.0,4695.3633
3667.0,4626.707
3424.0,4792.462
4345.0,5330.6333
4841.0,5670.8276
6579.0,8182.616
5797.0,6802.7046
5454.0,6375.9326
5647.0,6291.642
6235.0,6299.234
5361.0,5104.489
4673.0,4872.5034
3839.0,4602.2812
4383.0,4842.891
4867.0,5752.667
3848.0000000000005,6111.736
5162.0,6050.475
7899.0,7435.247
7176.0,6118.2847
7140.0,6046.029
6568.0,5909.146
8560.0,6386.365
5854.0,7136.101
7244.0,6782.81
7779.0,6632.7207
7047.999999999999,6704.7744
7326.0,6417.221
13020.0,11039.088
10179.0,9394.344
9433.0,8641.7705
9242.0,8631.859
8960.0,8222.452
7594.000000000001,6676.621
8208.0,6709.439
6214.0,6257.386
6868.000000000001,6497.301
7836.0,6744.5645
7111.0,8685.273
8017.0,7562.46
11794.0,11721.414
10261.999999999998,10285.461
9482.0,9212.492
8895.0,8992.71
9581.0,8949.488
6678.0,8494.895
6524.0,8497.313
7436.0,8247.633
8031.999999999999,8158.4175
6977.0,7104.25
10627.0,12907.044
10062.0,10979.117
10136.0,10137.803
7979.0,10657.443
7826.0,9673.585
6518.0,8516.778
7547.999999999999,10484.085
6859.0,9885.087
6233.0,8814.387
7224.0,8018.9375
7293.0,7707.8486
7428.0,8247.076
11684.0,11905.931
10171.000000000002,10102.886
8866.0,9267.319
9903.0,9604.689
10241.000000000002,9429.1045
3980.0,5053.2334
4942.0,5369.3955
4477.0,5482.2544
4153.0,5255.4424
3645.0000000000005,4708.8955
6477.999999999999,7474.9414
6268.0,6123.238
6018.0,5652.6963
5702.0,5521.457
4958.999999999999,5281.658
4706.0,4189.933
5361.0,4455.5786
4471.0,4187.058
5150.000000000001,4305.0884
5161.0,4271.152
4781.0,4573.2383
4353.0,4077.6484
6450.0,7095.955
5187.0,6281.8833
5036.0,5964.1123
5773.0,5864.4565
5404.0,5866.0576
3847.0,4617.25
4538.0,4591.0415
4523.0,4768.9624
4224.0,5081.992
4702.0,5068.2554
7207.0,7411.845
6503.0,6237.7554
5759.0,5766.418
4987.0,5719.704
4590.0,5692.212
4560.0,4532.216
4714.0,4574.962
4108.0,4091.5046
3543.0,4191.508
4092.0,4371.5645
3342.0,4617.561
3732.0,4423.687
5821.999999999999,7063.2812
4635.0,5685.7373
4325.0,5294.559
4608.0,5267.9375
5291.0,5270.9663
5875.0,5803.3857
6087.0,5619.101
6240.0,5680.6235
6608.0,6491.5215
7473.000000000001,7233.241
9467.0,9726.711
8936.0,8509.224
7141.0,8195.777
7928.0,8220.674
7522.0,8181.9536
8263.0,7238.2466
7073.0,6614.777
6149.999999999999,6099.7656
5546.0,6112.178
6530.0,6349.4106
5813.0,7017.5938
7389.0,7536.836
9720.0,9835.802
8981.0,8078.829
8237.0,7635.377
9173.0,7954.5586
10387.0,8312.15
5628.0,5071.412
4770.0,5177.7876
5286.999999999999,5296.4907
5150.000000000001,5302.149
5555.0,5304.8022
3830.0,3840.6604
8630.0,9200.284
7836.0,7659.266
7035.0,6788.007
6598.999999999999,6677.309
6058.0,6415.3223
3359.9999999999995,3514.096
5772.0,6739.1914
5324.0,5951.878
4572.0,5597.7383
4697.0,5637.111
4903.0,5329.6973
2663.0,3997.7554
7590.0,9141.366
7500.0,7325.895
6988.0,6385.7715
7083.000000000001,6177.531
8519.0,6311.075
5093.0,4281.4985
4593.0,4146.4526
4031.0,4227.0425
4481.0,4239.8564
4521.0,4449.1416
3238.9999999999995,3711.4739
5841.000000000001,6698.5127
5649.0,5781.616
5501.999999999999,5423.2744
5059.0,5441.8486
5439.0,5509.844
2898.0,3461.109
4891.0,5155.36
3986.0,4498.4043
3909.0,4712.5703
3632.0,4314.684
3809.0000000000005,4257.736
2817.0000000000005,3586.5322
5925.0,6071.6304
4787.0,5253.984
4025.0,4860.1123
4963.0,4749.2954
4872.0,4469.609
4966.999999999999,5181.2563
5870.0,5249.585
5642.000000000001,5201.6562
5794.999999999999,5641.225
5632.0,6001.937
8636.0,8723.91
7235.0,7295.246
6606.0,6966.513
6582.0,6924.84
6151.0,6925.926
6255.000000000001,6347.4497
5480.0,5707.8257
4866.0,5122.084
5090.0,5024.1167
5388.0,5208.2964
5377.0,5849.3438
6508.0,5927.299
7804.0,8820.916
7764.0,7410.2983
6673.0,6885.905
6568.0,7030.8135
7475.0,7096.6416
3957.0,4856.726
4344.0,4567.9062
4780.0,4442.0405
4874.0,4765.054
4591.0,4817.9663
8425.0,7259.387
6439.0,6202.193
7074.0,6052.109
5743.999999999999,6095.589
5871.0,6249.1
5539.0,5360.8525
5114.0,5548.9463
4176.0,5192.9624
3845.0,4937.584
4098.0,5333.8037
4212.0,5243.004
4915.999999999999,4956.8613
8453.0,7505.0693
7821.0,6070.0483
7397.0,5902.179
7977.0,5949.6187
9568.0,6129.499
7468.0,7744.0513
7973.000000000001,7856.4697
7933.0,7913.6865
8573.0,8147.232
6942.999999999999,8035.2817
10252.0,11712.979
9706.0,10176.584
8031.0,9774.623
7118.000000000001,9836.902
6832.0,9593.968
4668.0,7148.5186
6391.999999999999,9547.852
5640.0,9177.093
5048.0,8595.86
7162.0,7809.031
6714.0,7805.1567
5439.0,6920.5713
8929.0,11603.031
7918.0,9784.449
7450.0,8999.748
8026.0,9153.363
9047.0,8621.644
7109.0,9215.059
6450.999999999999,8865.337
7687.0,7816.2295
7701.0,7244.4507
8735.0,7077.7046
4175.0,4200.0347
12046.999999999998,13068.85
9697.0,11009.953
9261.0,9645.727
9241.0,9522.101
8156.0,8824.354
3546.0,4855.2925
6968.0,10139.054
6372.999999999999,9529.152
6175.0,8464.169
6434.0,9055.276
6824.0,6701.8784
2679.0,5256.429
11527.0,12791.918
10309.0,10303.575
9281.0,9293.967
10018.0,9381.276
10130.0,7923.8486
4493.0,5782.699
6073.0,6075.7134
5973.0,6219.1284
5292.0,6174.9023
3669.0,5818.692
9332.0,9076.159
7374.0,7789.9463
6210.0,7695.7803
6085.0,7312.484
6846.0,6441.054
4725.0,4365.18
5691.0,5837.96
5145.0,5452.547
5630.0,5358.269
6042.0,5415.762
6802.0,5586.4756
5409.0,4108.052
10198.000000000002,9082.477
7691.0,7835.1836
8700.0,7047.2915
8082.999999999999,7081.5825
7972.0,6456.624
6073.0,7382.706
6639.0,7030.0938
6980.0,6725.3467
6877.0,6906.585
5769.0,6309.859
9464.0,10804.599
8611.0,9057.871
9093.0,8719.18
8155.0,8699.662
6675.0,8662.828
6863.0,6924.953
7440.0,7853.465
6678.0,7655.9507
6362.0,7677.3394
6679.0,7972.918
6303.0,7396.766
6113.0,7460.702
9215.0,10065.46
8977.0,8857.929
8425.0,8232.81
9419.0,8352.578
9828.0,8476.187
4169.0,4839.2783
4906.0,4785.281
5034.0,4793.1855
4824.0,4925.5327
4061.0,4753.7676
7623.0,7705.6094
6867.0,6542.901
6454.000000000001,6076.4
5663.0,6028.078
5882.0,6128.432
4625.0,4887.6187
4988.0,5239.978
4501.0,5082.223
4367.0,4942.5786
4753.0,4800.579
4389.0,5048.3247
4640.0,4677.4575
8483.0,7925.428
7370.0,6516.88
6380.0,6077.107
6558.0,6059.5723
8689.0,6302.772
3797.0000000000005,4355.16
4271.0,4136.873
3738.9999999999995,4002.6023
4076.0,4257.1616
3155.0,3612.8232
5390.0,6248.4214
5476.0,5408.7603
4952.0,5080.4263
4986.000000000001,5007.8438
4780.0,4946.069
3156.0,3616.2583
4331.0,4514.157
4117.0,4021.9502
3484.9999999999995,4193.1904
3498.0,4075.3638
4136.0,4066.0083
2746.9999999999995,3378.2722
5374.0,5644.232
4682.0,4941.4814
4514.0,4427.7866
4181.0,4378.4927
5283.0,4291.564
4552.0,7102.223
5961.0,6183.0273
5056.000000000001,5651.5293
5134.0,5625.4355
5355.0,5114.8174
11025.0,9379.724
8625.0,7911.4414
6634.000000000001,7306.275
6235.0,7370.1504
7168.0,7547.341
5453.0,5407.9424
5560.0,5790.044
4518.0,5494.6685
5245.0,5398.6133
5058.0,5340.8276
5041.0,6073.192
5126.0,5722.141
9732.0,10177.561
8214.0,8201.763
7100.0,7444.222
6740.0,7400.6733
8382.0,7304.934
6066.0,6573.444
6549.0,6451.7383
7269.0,6853.576
7182.0,6911.1523
5579.999999999999,5681.4575
10065.0,10310.516
8316.0,9485.651
7525.0,9084.14
8112.0,9320.409
8905.0,8389.862
5914.0,6840.2656
7611.0,8298.291
6449.0,7742.582
5948.0,7835.851
7514.0,8074.0156
7909.0,7471.24
5392.000000000001,8068.285
10557.0,10362.293
9282.0,8798.114
9111.0,8327.747
9142.0,8495.432
8568.0,8461.171
6071.0,6688.7
7111.0,6517.411
6922.0,6373.755
7292.0,6400.6084
6377.0,5824.932
11848.0,10571.363
10103.0,8985.625
9101.0,8069.29
9201.0,8121.0083
8157.0,8087.1094
6182.0,6065.7812
7311.0,6539.008
5960.0,6153.75
6250.0,6143.657
7038.0,6292.064
6050.0,7444.11
6522.0,6985.0
11358.0,11197.574
10194.0,9402.09
8627.0,8235.429
10475.0,8682.937
10893.0,8497.466
7320.0,7409.2983
6974.0,7024.853
7490.0,7014.0083
7496.0,7254.08
6308.0,7476.936
11307.0,11456.287
9771.0,9739.795
9140.0,8883.441
8605.0,9083.707
8405.0,8990.085
7736.0,7418.2544
6770.0,7742.6304
6257.0,7881.131
6417.0,7678.458
5933.0,7386.7397
6448.0,7167.095
6001.999999999999,7385.035
11645.0,11081.756
8484.0,9140.005
8597.0,8504.139
8798.0,8523.785
10130.0,8746.879
6549.0,7023.8696
6893.0,6773.391
7053.0,6375.838
7010.0,6659.969
6991.0,7622.149
12182.000000000002,10327.409
9779.0,8645.439
8490.0,8126.1753
8623.0,8421.64
8017.0,8498.698
8334.0,7376.3154
7329.0,7111.8613
5765.0,6674.504
5365.000000000001,6251.108
6204.000000000001,6218.749
6325.000000000001,7052.1245
7244.0,7355.987
10404.0,10294.208
8149.0,8613.932
8011.0,7969.1235
8504.0,7942.4355
11338.000000000002,8436.978
8958.0,8082.373
7941.0,7480.773
7671.0,7603.1157
8096.0,7487.138
8342.0,8086.314
7531.0,7665.0312
12578.0,13202.636
10110.0,10912.041
9899.0,9673.711
10218.999999999998,9701.071
9314.0,9747.601
7274.000000000001,7137.2344
8839.0,8692.801
7004.999999999999,7659.429
6858.0,7532.3486
7140.0,7808.7627
7416.0,8069.034
6774.0,7424.6567
10121.999999999998,12599.354
9359.0,10745.788
8326.0,9913.028
9151.0,10231.487
9996.0,9926.237
3429.0,5169.399
5049.0,5373.337
5337.999999999999,5644.421
4460.0,5647.7773
3656.9999999999995,4889.608
7157.0,8280.622
7353.0,6887.6104
5675.0,6296.136
5115.000000000001,6172.4546
5641.0,5254.912
4124.0,4377.3237
6598.999999999999,4754.1313
4309.0,4582.7246
4807.0,4438.4717
5227.0,4628.046
5611.0,4749.9146
4275.0,4076.7935
9479.0,7073.873
8070.0,5866.4263
7745.0,5775.6626
6362.0,5781.798
7144.0,5342.497
8887.0,8125.294
6837.0,7262.055
7233.0,7325.7446
8335.0,7038.904
8604.0,7425.2837
7390.0,7346.8677
12218.0,12199.174
9631.0,10303.395
9680.0,9085.141
10217.0,9439.033
9544.0,9493.157
7423.0,7494.1025
9128.0,8197.986
6977.0,7609.2925
7192.999999999999,7298.2056
7575.000000000001,8488.734
7281.0,8547.609
7437.0,7994.9033
13767.999999999998,11921.278
10785.0,10620.8
10648.0,9742.381
11755.0,10120.1
10826.0,9834.216
7219.999999999999,6513.8135
6468.0,5919.3022
6393.0,5933.7666
6470.000000000001,5793.8237
7490.0,6416.953
6114.999999999999,6099.1387
10129.0,11160.133
8530.0,8964.341
7254.0,8031.7515
7136.0,7975.149
7291.0,7730.384
5266.0,6043.5244
6777.0,6145.9116
5607.000000000001,5956.3853
5407.0,5957.4385
5879.0,6083.841
6019.0,6439.0527
5012.0,6040.451
9856.0,9935.122
7352.000000000001,8445.0625
8007.0,8273.099
7293.0,8255.536
10607.0,7648.2246
4580.0,5158.9985
5148.0,4960.9185
4185.0,4967.2183
5019.0,5119.9175
3223.0,3400.3845
7953.0,8441.789
7767.0,7283.259
7019.0,6531.1313
5991.0,6456.602
5688.0,5687.3325
3121.9999999999995,4165.7095
4904.0,6763.1924
4352.0,5815.6006
4190.0,5809.21
4170.0,4993.514
4159.0,4701.6035
2940.0,3118.2395
8214.0,8211.833
6527.0,6640.1147
6099.000000000001,5872.455
6227.0,5835.3315
6901.0,5898.4385
4734.0,6888.1357
5275.0,5990.872
5179.0,5538.397
5670.0,5232.36
3374.0,3506.98
7827.0,9435.013
8340.0,8253.107
7386.0,7324.8125
7136.0,7284.863
6652.0,6527.5664
3714.0,4438.4487
5457.0,7566.766
4514.0,6540.325
4126.0,6329.6333
3967.0,5393.427
4606.0,4546.7563
2832.0,4303.062
10074.000000000002,9115.442
6690.0,7741.6475
6790.000000000001,6764.846
7587.0,6553.9434
8392.0,6445.846
6756.0,9454.036
8832.0,8847.036
8569.0,7984.5757
7799.0,8029.864
7753.0,8086.821
13541.999999999998,12782.854
9818.0,10975.432
9569.0,10046.218
10311.0,9928.982
9265.0,9279.431
7529.0,7952.6836
8074.999999999999,7988.944
7079.0,7911.2207
7517.0,8073.463
8266.0,8460.403
7996.999999999999,7922.1206
7285.0,8088.6245
13185.0,11888.01
10025.0,10326.683
8778.0,9810.349
10780.0,10243.857
10751.0,9754.793
3576.0,6044.745
5190.0,5978.1157
5060.0,5960.0654
5394.0,6426.678
5869.0,7226.62
6994.0,9379.372
6393.0,7853.2617
5601.0,7424.6724
5915.0,7203.9595
7598.0,7296.294
7415.0,5958.679
6700.0,5897.1274
5228.000000000001,5453.6904
5130.999999999999,5374.682
6036.999999999999,5712.36
6102.0,6439.098
7652.0,7797.874
9519.0,8175.0537
7978.0,6631.8237
7025.0,6457.138
7854.0,6693.2744
8658.0,7023.97
6436.0,6125.469
6038.0,5901.996
5465.0,6099.749
6808.0,5956.852
5710.0,6131.1274
2650.0,3476.9539
10798.0,11199.081
8619.0,9474.269
7676.0,8375.782
8937.0,8096.218
6214.0,7681.9517
2629.9999999999995,3524.912
6159.0,9471.257
5405.0,8508.229
4642.0,7181.016
6454.000000000001,7181.935
5242.0,5133.0156
2736.0,4101.274
10258.0,11055.62
9117.0,9234.689
7703.999999999999,8094.9946
8828.0,7967.163
8828.0,7203.3774
9091.0,10534.285
7883.0,9466.378
9251.0,8587.831
8555.0,8037.998
6795.0,6423.852
13696.0,13844.554
12838.000000000002,11558.316
11648.0,10622.329
11790.0,10805.731
9639.0,9977.712
7313.0,8417.933
9075.0,10643.191
8627.0,9748.108
7062.0,9323.299
8074.999999999999,8956.756
7953.0,8197.368
6139.0,7456.7656
12215.0,13786.168
11095.0,11522.82
9831.0,10142.348
10797.0,10195.464
10975.0,10096.854
6995.0,7580.219
8674.0,6915.079
7108.0,6929.106
7979.0,7187.8667
9355.0,8051.028
10705.0,9343.523
9914.0,8240.032
7835.0,8022.2563
8328.0,8691.606
8978.0,8696.581
9426.0,8178.49
6942.999999999999,7308.5786
6227.0,7317.64
6752.0,6900.978
7479.0,6802.4565
7527.0,7601.242
8667.0,8345.738
9628.0,10126.27
9422.0,8923.624
9854.0,8519.205
9662.0,8657.313
11335.0,8909.841
5693.000000000001,7300.007
6114.0,6614.1953
6343.0,6282.98
6501.0,6524.8315
6215.0,6284.7603
12400.0,10357.487
9405.0,8693.515
8448.0,8021.07
7663.0,8263.895
8441.0,8282.326
6733.0,6294.558
6876.000000000001,7269.1772
6324.0,7281.35
5662.0,7538.133
6104.0,7423.8867
6766.0,6968.115
7173.0,6875.597
12130.0,10887.184
10109.0,8989.709
8563.0,8324.248
8741.0,8789.145
9758.0,8436.5205
4212.0,5624.199
4752.0,5287.3936
4596.0,5032.8384
4905.0,5010.052
5300.0,4852.2793
8079.0,7737.336
6186.0,6636.2207
5926.0,6276.3027
6130.0,6298.0474
6498.0,6340.9106
4939.0,5152.1455
5499.0,5228.7207
4444.0,5102.6763
4825.0,5108.705
5525.0,6001.5806
4903.0,5895.339
5113.0,5767.456
7291.0,7724.411
5984.0,6491.709
5276.0,6238.3467
6442.0,6400.44
7839.0,6261.693
6063.999999999999,6835.3486
7129.0,6320.949
6339.0,6099.5537
6637.0,6263.429
6551.0,7366.8574
8956.0,9114.942
8055.0,7641.4854
8127.0,7382.516
7432.0,7435.2046
7240.0,7602.205
6316.0,6502.9023
6213.0,6567.3813
5815.0,6628.6367
5509.0,6347.5376
6515.0,6237.9077
6226.0,6282.3267
5642.000000000001,7023.198
8525.0,9140.318
8086.000000000001,7609.971
7147.0,7149.074
6558.0,7353.1904
9373.0,7494.0513
5646.0,6146.642
6250.0,6166.9814
6591.000000000001,6241.7324
6868.000000000001,6631.833
7432.0,6183.1987
11916.0,11052.347
9424.0,9243.539
8723.0,8429.709
8551.0,8427.015
9064.0,8337.057
6887.0,6583.4883
5869.0,6384.603
5457.0,6119.1973
5737.0,6144.2866
7160.0,6851.681
7179.0,7122.296
6936.0,6687.933
12977.0,11564.76
9218.0,9683.979
8089.0,8791.348
9618.0,8734.662
10734.999999999998,8659.128
7932.0,6805.3027
6743.0,6234.03
7000.0,6523.238
6263.000000000001,6354.069
5925.0,6251.438
6003.0,6499.9995
7797.999999999999,8453.246
6751.0,7671.5137
7270.0,7104.912
6700.0,7181.9434
6506.0,6627.9634
5630.999999999999,7082.7114
7017.0,7156.0586
5536.0,6386.628
6031.0,5635.3667
5215.0,5664.931
5394.0,5999.091
5025.0,6475.7505
7441.0,8542.351
6624.0,7312.1343
6066.0,7001.6553
6122.0,6915.7617
7118.000000000001,6803.1235
4600.0,5786.332
5445.0,5888.725
5025.0,5856.073
5769.0,6084.1016
4937.0,3988.5867
8819.0,9957.379
8882.0,8053.038
7490.0,7160.0527
8070.0,7015.991
7141.999999999999,6985.3604
4565.0,3699.326
6028.0,6497.9214
5399.0,5932.356
4560.0,5815.6973
6027.0,5569.0576
5218.0,5449.2856
4521.0,3740.5647
10513.0,9615.526
8454.0,8025.409
7309.000000000001,7584.776
8844.0,7396.9814
9240.0,7009.4014
3115.0,3548.0063
3371.0,3460.711
3210.0,3610.8838
3609.0,3503.9502
2753.0,3572.9692
4750.0,5657.8594
4567.0,4816.448
4256.0,4826.4785
4176.0,4870.203
4154.0,4899.398
3150.0,4091.5159
4288.0,4091.0317
3638.0,3743.018
3164.0,3664.42
3764.0,3707.1265
4034.0,4072.6072
3066.0,3615.8508
6097.0,5370.4917
4748.0,4558.1733
4785.0,4458.958
4504.0,4452.0444
5009.0,4272.0225
4159.0,5131.773
4661.0,5136.195
5660.0,5256.3013
4917.0,5303.6953
5031.0,4888.7017
6964.0,7797.7793
5820.0,6546.611
5876.000000000001,6095.8296
6009.0,5956.433
4923.0,5938.5806
5022.0,5030.547
5251.999999999999,4850.9985
5117.0,4622.9604
4812.0,4673.332
4782.0,4691.9863
4108.0,5037.8457
4056.0,4711.739
6709.0,6945.306
5598.0,5868.013
5501.999999999999,5612.267
7130.0,5403.954
6588.0,5480.537
8625.0,8260.57
7733.0,7757.3013
9174.0,7648.2896
8589.0,7236.4893
8248.0,10678.807
5213.0,9568.71
13290.0,13883.727
11473.0,12365.898
12141.0,10614.037
11055.0,10628.25
9986.0,9889.593
5089.0,5628.314
8554.0,9636.173
8351.0,9707.872
8163.0,7970.7495
7923.0,8241.872
7716.0,7380.01
4595.0,5430.9014
13148.0,14779.652
12106.0,11685.301
11193.0,10475.252
11616.0,10201.216
13355.0,8704.15
6590.0,7473.012
7485.0,6717.4478
6858.0,6527.3286
6899.999999999999,6307.739
5200.0,4626.2285
11541.0,10395.258
10766.0,8877.27
9393.0,8107.0713
8284.0,8328.355
7848.0,7768.1626
4778.0,5858.4746
7371.0,7877.6895
6825.000000000001,7558.2524
6433.0,7806.1377
6574.0,7081.7627
7211.0,7936.5586
4931.999999999999,5932.527
13350.0,11565.843
9688.0,9782.147
9102.0,8532.172
8956.0,8575.883
11285.0,8396.013
4558.0,5807.795
5219.0,5617.7646
5450.999999999999,5110.6206
4668.0,5257.6245
4729.0,4986.863
9321.0,8275.859
7543.0,7101.6104
6704.000000000001,6728.831
6094.0,6722.9595
5246.0,6574.5957
4995.0,5355.7104
4625.0,5285.078
3872.0,5041.142
3941.0,4905.1816
4268.0,4904.1426
4519.0,5347.474
4195.0,5060.562
7697.0,8042.2705
6505.000000000001,6516.079
6189.0,5994.0967
7625.999999999999,5778.867
7551.0,5822.6724
3659.0,3663.7866
3011.0,3650.6797
3911.0,3671.4858
4040.0,4038.124
3138.0,4081.7153
5832.0,6471.0073
4948.0,5370.4917
4930.0,5062.2886
4885.0,5121.8965
4487.0,4546.478
3070.0,4114.544
3959.0,3923.5872
3620.0,3847.0696
2807.0,3802.7053
3705.0,3826.34
3523.9999999999995,3956.2134
2589.0,3411.144
5269.0,5888.659
5039.0,5076.1816
4545.0,4594.1577
4771.0,4516.0073
5915.0,4481.998
6302.0,8844.205
6189.0,7892.568
6901.0,7409.656
6743.0,7103.343
5214.0,5718.5347
12658.0,12231.553
9625.0,10208.074
8308.0,9415.676
8800.0,9564.905
7568.0,8623.065
5833.000000000001,6227.3623
7517.0,8332.871
6539.0,7686.898
5479.0,7745.0215
6687.0,7293.1025
6253.0,6835.809
4965.0,5794.6406
10919.0,11154.823
9169.0,9177.039
7774.000000000001,8333.304
8999.0,8365.441
8733.0,8372.6875
6199.0,6901.4805
5817.0,6026.568
6280.0,5706.0293
5974.0,5925.485
6867.0,6585.4653
8066.0,8477.901
8546.0,7739.1973
7407.0,7419.9253
6735.999999999999,7543.065
7101.0,7553.3457
7267.0,7342.6123
6835.0,6739.204
6352.0,6576.1157
6098.0,6289.346
6342.0,6463.7183
6648.0,6964.1475
7267.0,7047.423
8375.0,8939.309
7506.0,7879.9062
7750.0,7637.3877
7211.999999999999,7854.0835
7780.0,7856.965
8160.999999999999,7418.946
6385.0,6719.4717
6969.0,7065.0083
7703.999999999999,6855.5366
6766.0,7041.107
6714.0,6865.7944
12340.0,11546.333
10154.0,9529.176
10032.0,8349.297
10587.0,8433.242
8585.0,8286.2705
6063.999999999999,6206.337
9022.0,6942.2505
5819.0,6522.9575
6483.0,6518.391
6933.0,6705.829
6627.0,7208.634
5460.0,6970.047
11711.0,11910.681
8897.0,9883.106
8413.0,8716.782
8416.0,8680.003
11034.0,8618.193
5505.000000000001,5949.9644
5689.0,5587.0767
6024.0,5485.09
5138.999999999999,5796.51
6546.0,6187.969
7676.0,7283.814
6393.0,6221.238
5924.0,6194.637
5955.0,6240.3037
5558.0,6291.6323
5783.0,6042.6074
6472.0,5535.406
4934.0,4969.108
4725.0,4588.3916
5962.000000000001,4773.8506
5729.0,5209.386
6059.0,6285.231
8031.999999999999,6813.142
6356.0,6174.704
6921.0,6103.713
6479.0,6204.797
6546.0,6537.769
6136.0,5726.3496
5164.0,5139.93
5620.0,5162.7993
4843.0,5260.674
5353.0,5502.769
6234.0,6092.128
7959.0,8007.819
7545.0,7261.192
7787.0,6930.756
7444.0,6813.4136
7227.999999999999,6775.265
5784.0,5916.6733
5517.0,5375.6455
4611.0,5184.0454
4820.0,5059.7026
4727.0,5542.4473
4363.0,6000.396
5343.0,6492.7075
7153.000000000001,9370.4795
6250.0,7576.898
6157.999999999999,7162.486
5710.0,7229.277
7893.0,7312.9873
4586.0,5315.233
4911.0,5049.8965
4209.0,4753.147
4282.0,4932.89
3227.0000000000005,3314.3503
7663.0,7845.908
6106.0,6863.1167
5825.0,6191.8457
5539.0,6208.004
4490.0,5326.435
3059.0,4011.9756
4853.999999999999,6570.8477
4360.0,5661.645
3670.0,5562.4775
4087.0,4923.4424
3949.0,4153.9487
1949.0,3510.7805
7187.0,7180.5166
5512.0,6024.5615
5170.0,5427.4033
5464.0,5372.918
7157.0,5138.464
3987.0,3666.9016
3298.0,3380.507
3800.0,3641.701
3792.0,3843.7385
3511.0,4877.837
1696.0,3178.952
5925.0,6883.917
5277.0,5832.4546
4838.0,5129.2485
4117.0,5303.253
4247.0,5103.5347
1439.0,3608.9644
3188.0000000000005,5129.4497
2638.0,4121.035
2849.0,3803.4727
3050.0,3442.86
2321.0,4822.565
1470.0,2899.9639
4882.0,6966.47
4252.0,5388.8604
3391.0000000000005,4761.424
4517.0,4743.7075
5012.0,3725.7307
9478.0,8950.887
7105.0,8106.1743
9270.0,8460.39
9860.0,8447.055
9926.0,8892.088
7430.000000000001,7706.6094
15263.000000000002,15077.836
12509.0,12698.731
11566.0,11808.824
11258.0,12031.8955
10125.0,10762.676
6568.0,8588.649
9679.0,10916.017
7923.0,10340.732
7574.0,9930.455
9254.0,9190.783
8911.0,8524.637
6442.0,7803.525
15255.0,14945.653
11190.0,12288.444
10766.0,10964.11
12112.000000000002,10750.115
12815.999999999998,9729.369
6232.0,7415.1797
6031.0,6586.421
6195.0,6466.798
6016.0,6225.422
6127.0,5472.1685
9525.0,10605.647
8735.0,8777.078
8268.0,8048.5537
8223.0,7691.6484
6221.0,7749.641
6638.0,5637.113
6640.0,6381.0566
5888.0,6324.952
5699.0,6105.114
5068.0,5998.7954
5176.0,5950.486
4510.0,5864.924
9581.0,10015.836
8207.0,8285.04
6692.0,7355.3745
9668.0,7124.2075
10635.0,7379.7715
7128.0,6758.9966
5849.000000000001,6175.649
6027.0,6034.7344
6508.0,5722.7026
6625.0,6282.4966
6931.0,6980.059
11984.0,10366.064
9208.0,8420.846
8774.0,7964.4097
8262.0,7808.642
6783.0,7720.4126
7305.0,6505.63
6237.0,5835.159
5561.0,5327.6406
5138.999999999999,5492.4854
6049.0,5476.1772
5574.0,6322.0283
6596.0,6584.146
8986.0,11022.38
7621.0,8871.168
7719.0,7993.7295
8365.0,7908.1973
9707.999999999998,7937.5205
4490.0,4952.8022
5113.0,5279.212
5384.000000000001,5689.5103
5208.999999999999,5711.97
4033.0,3483.8943
9753.0,10252.068
8885.0,8238.093
7945.0,7433.389
7250.0,7085.5806
7326.0,6914.142
3693.0,3287.7976
5740.0,6109.6074
4799.0,5735.6196
4563.0,5964.368
5290.0,5694.0415
4451.0,5213.5474
3328.9999999999995,3226.4978
9943.0,9895.948
8219.0,8104.0557
7358.0,7435.5967
7860.000000000001,7170.1787
8398.0,6935.7534
4130.0,4788.009
4033.0,4662.948
4313.0,4835.422
4865.000000000001,5282.627
5630.0,5641.746
7928.0,8000.5005
6862.0,6812.261
5437.0,6429.5146
5489.0,6378.0454
5500.0,6817.166
4796.0,6229.2095
4594.0,5607.18
3980.0,5092.016
3949.0,4984.8525
5155.0,5355.354
5052.0,5447.1294
5552.0,5726.0215
9271.0,7965.432
5938.0,6641.612
6256.0,6504.023
5812.0,6564.5684
6755.000000000001,6643.8257
3926.0000000000005,5193.6973
4107.0,5115.577
4979.0,4687.0596
4416.0,5250.9727
3541.0,5150.916
7592.0,8052.7256
6227.999999999999,6588.829
5130.0,6075.536
6066.0,6090.7173
5587.999999999999,5297.35
5685.000000000001,6862.0586
5383.0,6111.5977
5210.0,5882.0527
6233.0,5797.085
5342.0,5372.9927
9032.0,9202.932
7952.0,7826.8276
7534.0,7220.9336
6690.0,7404.1
5296.0,7313.8237
5279.000000000001,6156.9688
5470.000000000001,7271.263
5293.0,6876.717
4816.0,6365.042
5489.0,5767.222
5720.000000000001,5399.026
4373.0,5332.6074
9377.0,8466.957
7094.0,6937.033
6310.0,6518.091
6370.0,6387.978
8190.0,6413.9185
5171.0,5914.3853
4843.0,5242.1934
5285.0,5305.144
5847.0,5289.388
6125.0,6112.5776
5411.0,5307.549
11118.0,9921.288
6336.0,8228.38
7659.0,7637.204
8568.0,7650.7764
8476.0,7733.945
5304.0,5989.0503
5627.0,6667.775
4646.0,5921.5186
4408.0,5863.187
5231.0,6221.2134
5735.999999999999,6174.7153
4135.0,5709.229
9949.0,9549.548
7668.999999999999,7960.157
6429.0,7369.0986
7120.0,7183.4814
7958.0,7142.764
2863.0,2958.801
3131.0,3112.685
3457.0,3209.1687
3367.9999999999995,3312.8535
3410.9999999999995,3775.4287
5301.0,5506.483
4818.0,4754.8794
4051.0000000000005,4694.9946
3469.0,4682.426
4296.0,4960.4067
3768.0,4187.649
3354.0,3891.8303
3072.0,3491.6636
2808.0,3486.6924
3535.0,3566.0918
3478.0,4070.5042
3916.0,4208.624
5925.0,5703.0225
5057.0,4909.733
4459.0,4652.6475
4278.0,4704.2837
4957.0,4694.2134
6418.0,5833.1133
6425.0,5463.449
5246.0,5347.9062
4816.0,5146.5576
6708.0,5909.096
3793.0,5292.1147
8845.0,8481.454
8309.0,7299.334
7140.0,6723.0166
6710.0,6950.6514
7832.0,6482.4126
4896.999999999999,4477.866
6015.0,5503.197
6137.0,4931.3887
4401.0,4844.833
5243.999999999999,5199.9204
5652.0,6052.2056
3753.0,5477.063
8163.0,8887.257
7832.999999999999,7460.399
6792.0,7010.387
6673.0,7374.507
8074.0,7242.647
3662.0,5110.773
4375.0,4798.569
4718.0,4528.3896
4226.0,4913.3164
4392.0,4717.5947
7854.0,7697.6377
7631.0,6529.5728
6805.0,6211.0156
6391.0,6348.9067
6009.0,6187.8745
5158.000000000001,5568.302
4995.0,5423.112
4133.0,5589.579
3795.0,5429.096
4647.0,5244.435
3593.0,6400.6543
5282.0,5699.953
9991.0,8448.894
7729.0,6701.197
6979.0,6448.9194
7630.0,6430.482
9660.0,6646.179
6571.0,8447.489
7619.0,7271.578
8279.0,6829.544
8636.0,7113.235
6567.0,6871.8745
12550.0,11384.444
10010.0,9738.752
9359.0,8874.474
8333.0,8841.6
8742.0,8470.528
6906.0,6493.889
8359.0,7013.31
7146.0,6578.0117
7530.0,6499.003
8031.0,6373.2026
7481.000000000001,6789.1763
7041.0,6164.322
10898.0,11046.403
10062.0,9757.51
9138.0,8732.337
9207.0,8985.67
11094.0,9016.817
6367.0,6533.2524
7023.0,6552.3613
6870.0,6514.168
7035.0,6953.3467
5809.0,6333.6577
10497.0,10572.733
9400.0,9328.893
8175.0,8719.679
7296.0,8845.102
7804.0,8646.139
6631.0,6787.9336
7512.999999999999,8189.113
6531.0,7732.194
6266.0,7487.151
6945.0,7082.553
7495.0,7202.8213
7294.0,6644.136
10876.0,11110.905
10136.0,9605.246
8941.0,8743.32
9079.0,8941.411
9772.0,8975.771
5443.000000000001,6026.97
5560.0,5659.386
5404.0,5523.96
5731.0,5886.6763
6286.999999999999,6465.483
8284.0,8494.045
7938.000000000001,7737.8213
7740.0,7210.275
6891.999999999999,7142.9644
7006.0,7611.8066
7371.0,7373.4214
6336.0,6646.0586
5448.0,6125.5405
5168.0,5548.2983
5930.0,5964.447
5504.0,6595.7534
7956.0,6663.201
9233.0,8816.195
7909.0,7817.5464
7253.0,7361.936
7531.0,7262.3193
8592.0,7607.8267
8446.0,11718.697
10236.0,11322.449
10130.0,11294.406
12272.0,12216.328
14955.0,14035.227
15996.0,15281.477
14816.0,12672.834
13958.0,12724.164
12779.000000000002,13042.907
13333.0,12465.7295
15071.0,10696.722
12262.0,9785.219
9394.0,9511.893
9024.0,9352.7705
10178.0,10025.86
12006.0,11179.637
15934.999999999998,12823.478
18048.0,14351.002
15136.0,12209.104
13896.0,12342.212
15620.0,13253.516
16191.0,14070.696
3544.0,5536.3394
4831.0,5253.9785
3693.0,5197.8857
4100.0,4825.3184
4298.0,3768.3555
8696.0,8396.709
6789.0,6884.549
7272.0,6502.6665
5583.0,6415.411
5158.000000000001,6130.4004
4559.0,4586.488
4906.0,4339.038
4177.0,4275.1694
4202.0,4301.4
4060.0,4229.495
3777.0,5499.4243
4340.0,4612.934
8847.0,8519.123
7871.0,6981.6646
6620.0,6452.6963
6288.0,5995.238
5904.0,5931.189
3732.0,4258.8125
4831.0,4056.3167
4696.0,4603.989
4952.0,4733.7744
4855.0,5030.129
5979.0,6416.733
5387.0,5413.7363
5189.0,5341.879
5059.0,5534.3403
5420.0,5640.502
5565.0,4879.195
4618.0,4662.844
3496.0,4549.904
3941.0,4668.4707
4635.0,5107.72
4451.0,4924.7603
5274.0,5151.7334
7440.0,6123.4937
5567.0,5057.1655
6319.0,5199.331
6586.0,5473.259
6708.0,5541.5923
8815.0,10069.52
9261.0,9898.751
8728.0,9777.825
9032.0,9336.295
10057.0,11127.429
13244.0,14503.145
11587.0,11974.915
10813.0,11103.814
10386.000000000002,11098.503
10039.0,10689.866
10605.0,9323.492
9603.0,9475.529
7909.0,9365.304
7938.000000000001,9102.338
7893.0,9231.892
7730.0,9257.187
8274.0,10480.553
12906.0,12873.988
11680.0,10669.264
11287.0,9703.591
10916.0,9829.494
13443.0,10363.537
5657.999999999999,4341.54
4885.0,4288.5117
4703.0,4353.898
4961.0,4421.4893
4960.0,5216.023
3783.0,4313.652
7180.0,7889.4224
5691.0,6588.3447
5691.0,5894.5923
5583.0,5680.8853
5535.0,5644.05
3554.0,3794.7268
5095.999999999999,4793.993
4722.0,4529.5146
3964.0,4542.599
4406.0,5260.835
4365.0,4961.2544
3369.0,4134.807
7894.0,7492.567
5609.0,6243.71
5449.0,5871.3037
5286.999999999999,5790.425
6784.0,5429.912
6154.0,6204.7407
5634.000000000001,5378.957
5945.0,5204.9756
4702.0,5248.916
6620.0,5958.6587
5376.0,6109.203
9512.0,9724.708
8482.0,7893.728
8864.0,7263.9565
7893.0,7142.5615
7476.0,7138.606
5594.0,5845.1685
5496.0,5898.3525
4947.0,5416.993
5204.0,5527.4604
5327.0,5509.955
5968.0,6071.6025
5333.0,5964.926
8968.0,9973.007
6656.0,8270.557
8248.0,7542.2656
7882.0,7498.939
10136.0,7372.2246
2709.0,2963.7913
2399.0,2951.7988
2393.0,3001.135
2456.0,2942.5552
2503.0,3408.5354
986.0,1722.6909
4495.0,6637.2305
4946.0,5513.0513
3063.0000000000005,4731.131
3531.0,4747.502
3242.0,4509.66
943.0,1642.2122
2217.0,4524.447
2884.0,3531.4329
1737.0,3079.0962
2002.0000000000002,2854.221
2309.0,2540.9795
708.0,1443.7847
4906.0,5958.881
4597.0,4674.0547
2986.0,4094.8352
3211.0,4124.1294
3824.0,3006.1755
6319.0,8642.5625
7043.0,7855.725
7139.0,7276.695
7775.0,7190.2505
7662.0,7064.285
12272.999999999998,11319.136
9983.0,9665.479
9424.0,9190.847
8093.0,9189.776
8775.0,9110.21
8382.0,7648.645
8395.0,7718.911
6101.0,7329.0654
7512.0,6808.656
7303.0,6823.41
7487.0,7303.6685
7562.0,7503.269
12333.0,11795.025
10245.0,9779.183
9121.0,8781.642
9391.0,8876.736
10260.0,9239.44
6632.0,7164.2275
6577.0,7220.2295
6883.999999999999,7505.248
7688.000000000001,6965.615
6231.0,7154.392
9155.0,10264.53
8451.0,9341.3
8930.0,8533.522
8317.0,8685.63
6291.0,8483.627
6053.0,8298.343
7188.000000000001,7639.9966
5917.0,7353.0854
5793.0,6642.825
6017.0,6656.926
6259.0,7216.6133
4788.0,7764.928
8241.0,9921.269
7465.0,8368.282
7012.999999999999,8045.274
7103.0,7789.25
11177.0,7849.7407
4182.0,5126.3926
5043.0,4967.5156
5047.0,5005.777
4701.0,4858.975
5314.000000000001,5099.6606
7008.0,7414.023
5093.0,6485.15
5721.0,6227.2295
5781.0,6278.9795
6246.0,6183.4243
6128.0,5313.2827
4870.0,5009.7256
4215.0,4685.554
4340.0,4774.9985
5486.000000000001,5758.659
5186.0,5324.204
5958.0,6165.1807
7754.0,7172.8447
5569.0,6025.0454
5103.0,6026.71
6015.0,6004.4033
6625.0,6070.937
5360.0,5987.8916
6270.0,5419.099
5741.0,5264.8096
6320.0,5669.5913
6713.0,6137.4985
8205.0,8466.419
7348.0,7473.246
6717.0,7019.344
6511.0,7333.9175
6327.0,7213.9253
7557.0,6149.1416
6376.000000000001,6040.2725
5413.0,5968.141
5159.0,5896.7964
6154.0,6284.6914
5677.000000000001,6393.407
6709.0,6761.7686
8503.0,7306.353
7323.0,6447.584
6672.0,6258.472
7326.0,6647.136
7940.0,6967.5376
6559.0,6088.7554
5855.0,5618.981
7797.999999999999,5733.0786
6434.0,5680.0786
7128.0,5908.125
5783.0,6028.3354
10318.0,9835.116
8741.0,8464.685
9432.0,7830.415
7163.0,7614.995
6090.0,7306.8433
5501.0,6098.5913
6520.0,6057.7017
5309.0,6112.68
6257.0,5819.4365
6079.0,5437.9556
5475.0,5515.3687
5168.0,5733.436
9059.0,8154.075
8367.0,7216.066
8082.999999999999,7147.9287
7163.0,6990.702
8132.0,6984.792
4785.0,5452.919
6264.0,5507.6904
5005.0,5357.922
5305.0,5406.8354
4556.0,5772.921
7791.0,7458.036
7034.0,6403.131
6466.0,6151.2476
5487.0,6192.5923
6219.0,5977.545
4631.0,4757.5977
6341.000000000001,5131.941
4741.0,4830.431
4795.0,5014.851
5620.0,4862.2656
5803.0,5169.208
4838.0,5217.4224
7256.0,7384.6895
6914.0,6273.4087
6606.0,6140.865
5997.000000000001,6157.7075
7189.0,6208.65
6497.000000000001,6355.0195
5503.0,5602.868
5138.999999999999,5604.169
5365.000000000001,5567.307
5844.0,5992.5215
5279.000000000001,5713.821
9483.0,10051.546
8234.0,8240.09
8056.0,7465.2524
7327.0,7303.264
6578.0,7229.0186
5085.0,5805.029
6397.0,6072.666
5442.0,5592.5034
5001.0,5641.255
4835.0,5700.6523
5655.0,6380.1514
5449.0,6449.6187
8493.0,9922.659
7256.0,8015.032
6581.0,7618.0156
6968.0,7452.6694
8665.0,7231.327
6885.0,6901.5703
6288.0,7086.732
7121.0,6940.2646
6273.0,6688.894
4543.0,4774.0435
11586.0,11132.417
8687.0,9374.969
9289.0,8584.973
8899.0,8701.899
6941.0,8233.886
4797.0,4549.1367
7187.0,7227.8657
6813.0,6807.804
5626.0,6814.463
6442.999999999999,6720.125
5907.0,6025.8765
3794.0,4745.0723
9776.0,11237.493
8333.0,9454.341
7229.0,8311.311
8646.0,8344.734
10354.000000000002,8175.9253
11033.0,8799.983
9452.0,8344.742
10046.999999999998,8413.921
9792.0,8224.369
9928.0,9557.058
7948.0,8649.387
19454.0,16225.116
14549.0,13877.073
13777.0,12488.872
13889.0,12396.421
11357.0,11559.157
8599.0,8568.349
9830.0,9840.064
8749.0,9829.736
8579.0,8818.045
8953.0,8609.067
8952.0,9930.697
7257.0,8086.485
17819.0,17804.705
13335.0,14539.88
13041.999999999998,12251.851
10983.000000000002,12122.659
13957.0,11361.996
3061.0,3034.9353
2616.0,2793.3782
2847.0,2666.608
2399.0,2746.383
3100.0,3094.1328
3244.0,3191.1406
4326.0,4819.1943
3245.0,4287.305
3507.0,4116.191
3822.0,4260.4043
3158.0,3852.705
3187.0,3362.6562
2647.0,3184.3054
2386.0,2975.7483
2659.0,2883.1685
2500.0,3048.1362
2707.0,3250.1758
2727.0,3312.7107
4277.0,5430.1367
3167.0,4654.877
3187.0,4151.2217
3453.0,4130.8447
3994.0,4068.7808
7277.0,6261.6377
7461.999999999999,6298.0464
7420.0,6650.184
5720.000000000001,4931.3936
2447.0,4137.3286
7511.0,7525.8096
5836.0,5963.7188
5817.0,5647.2056
6737.0,6640.6514
6323.0,6018.1514
4503.0,4672.7144
2488.0,2870.4011
9285.0,10909.311
6647.0,8150.6445
7469.999999999999,8397.842
7779.0,7441.628
7167.0,8083.339
5899.0,5956.339
3077.0,3609.6565
8522.0,8504.618
6266.0,6500.579
5630.999999999999,6059.7114
7577.0,7136.2715
5650.000000000001,6318.4814
5220.000000000001,5041.8457
3742.0,3928.4324
10640.0,10243.264
7521.0,7425.563
7171.0,7199.8906
8144.0,6496.7295
8912.0,7367.0664
2026.0,3535.407
2696.0000000000005,2995.0256
2866.0,2948.2124
2588.0,2950.2532
2198.0,2985.0671
4639.0,4307.1025
3371.0,3902.041
3868.0,3906.66
3272.0,3958.7173
3652.9999999999995,3997.4666
2259.0,3425.898
2387.0,3315.337
2385.0,2861.3337
2296.0,2721.4258
2374.0,2921.2637
2375.0,2992.1516
2789.9999999999995,3443.5798
3849.0,4550.356
3634.0,4091.5383
3555.0000000000005,3888.131
4338.0,3886.967
4275.0,3691.3245
14631.0,12027.595
13212.0,11573.929
13057.999999999998,12033.076
14640.0,12549.039
11638.0,14455.935
11268.000000000002,13971.728
19446.0,21462.393
16944.0,17461.268
18169.0,15748.996
16269.0,15755.386
14177.000000000002,14239.731
10071.0,10764.529
14689.0,12638.913
12259.0,12850.618
10424.0,11482.731
12692.0,11507.043
10721.0,10926.74
8825.0,10532.896
20012.999999999996,19134.828
17134.0,16054.088
14796.0,14285.366
14477.0,15541.536
17286.0,13127.154
4116.0,4113.1187
3676.0000000000005,3875.737
4443.0,3940.0605
4149.0,3997.6528
4467.0,4690.0527
3544.0,4429.7017
5540.0,7197.0923
6613.0,5958.7563
6493.999999999999,5660.651
4986.000000000001,5428.918
4814.0,5359.499
3680.0000000000005,4196.067
4184.0,4269.3286
3505.0,4276.0425
4106.0,4155.2114
3534.0,4032.4468
4136.0,4279.8047
3136.0,3778.0798
5808.0,7261.5347
4904.0,6350.1445
5551.0,5850.959
4186.0,5522.879
6049.0,5457.5146
6796.0,7235.796
7264.0,6922.83
5987.0,7008.8896
7118.000000000001,7610.9507
7347.0,7125.383
11293.0,12515.098
9093.0,10463.477
10076.0,9545.862
9232.0,9729.617
9075.0,9069.879
8870.0,7103.6543
7382.0,7456.4526
6951.0,7516.5913
6744.0,7401.0347
7070.0,7052.7925
6275.0,6981.9585
6527.0,7197.4854
12603.0,11060.97
9878.0,8954.891
9220.0,8496.369
9496.0,8545.642
10485.0,8746.585
7238.0,8984.148
6876.000000000001,8327.518
6975.0,7971.41
8869.0,8450.623
9338.0,9713.151
12084.0,12800.73
10779.0,10748.044
9689.0,10011.242
8361.0,10242.757
8571.0,9783.837
9347.0,8622.498
8192.0,8067.6387
7243.0,7839.2046
6776.0,7185.2573
7016.0,7114.4478
9010.0,7699.4873
8442.0,8710.888
12220.0,11211.63
9981.0,9554.074
9752.0,8905.565
8887.0,9243.397
11116.999999999998,9791.012
3781.0,5380.053
5540.0,5382.0186
4379.0,5039.3833
5084.0,5694.115
5552.999999999999,7149.7744
9617.0,8821.018
8224.0,7449.5317
6496.0,6981.212
6851.0,7563.5605
5896.0,7851.3853
6062.0,6973.6313
5216.999999999999,6614.195
3859.9999999999995,6496.8794
4727.0,6282.8506
5751.0,6193.2236
4966.0,5927.8096
6905.0,6630.513
9863.0,9097.594
9720.0,7500.9443
8595.0,6998.3823
8003.0,7068.0625
9660.0,7211.9673
5495.0,6777.0786
5544.999999999999,6112.006
5610.0,5737.804
5203.0,5938.0024
6389.0,6000.4478
7719.999999999999,9485.742
8090.0,8040.2856
6984.0,7443.7705
6881.0,7527.0024
7144.0,7349.4517
5990.0,6095.2837
6120.0,6171.9224
5761.0,5860.99
4966.999999999999,6042.883
5614.999999999999,6306.6206
5316.0,6443.991
4903.0,6633.2617
9125.0,9064.412
7914.0,7280.254
6563.999999999999,6946.0474
7356.999999999999,6923.0547
10252.0,7117.5796
5300.0,4642.611
4650.0,4363.6963
4136.0,4331.779
4268.0,4314.51
4753.0,4467.0654
4753.0,4876.051
6562.0,6292.957
6078.0,5654.9077
5872.999999999999,5401.4346
5757.0,5338.8086
5351.0,5144.8774
4926.0,4421.1846
4837.0,4285.36
3687.0,4130.315
3711.0,4106.6436
3889.0,4062.2856
3764.0,4470.616
3995.0,4664.1514
6231.0,7105.688
4849.0,6046.976
4892.000000000001,5573.783
4599.0,5555.858
6940.0,5707.2964
4208.0,4465.6914
4750.0,4303.913
5218.0,4661.4185
4703.0,4728.1396
1862.0,2985.8237
7012.999999999999,7446.524
6325.000000000001,6503.8696
5635.0,5798.8413
5323.0,5676.164
4876.0,4646.3643
2069.0,3134.297
4898.0,5159.0723
4680.0,4830.2515
4376.0,4366.708
4795.0,4477.4043
4202.0,4293.794
1795.0,2213.4863
6770.999999999999,7239.422
6988.0,6209.955
6235.999999999999,5585.6685
5990.0,5353.5264
5685.000000000001,5049.8647
2649.0,3304.5232
2834.0,3069.1245
3002.0,2996.233
2766.0,2920.5842
1541.0,2681.583
3658.0,4532.6904
4101.0,4092.983
3230.0,4003.3264
3664.0,4167.172
2851.0,3975.0337
1942.0,2607.2107
3367.9999999999995,3514.0884
2784.0,3257.2065
2670.0,3313.1467
2807.0,3107.4968
3510.0,3050.5237
1592.0000000000002,2465.826
4037.0,4643.3506
3691.9999999999995,4313.0015
3251.0,3987.3374
3796.0,4117.0986
3511.0,3826.7737
3998.0,5640.2944
3818.0,5103.1895
4441.0,4859.4976
4169.0,4379.99
3745.0,4023.8452
6811.0,7085.44
5372.999999999999,6044.9136
5513.000000000001,5652.475
5086.0,5551.129
7346.0,5545.7207
3421.0,4182.6294
3912.0,5070.633
3745.0,4723.743
3574.9999999999995,4722.499
5329.999999999999,5054.2344
3828.0,4827.369
2559.0,4533.794
5876.000000000001,6800.138
6966.0,5694.116
4880.999999999999,5539.556
4673.0,5443.913
5324.0,5226.378
6053.0,5695.2764
5612.0,4963.4272
6186.0,4994.7314
5430.0,4973.2876
6344.0,5454.9946
5825.0,5587.297
7698.0,8906.046
7162.0,7633.4766
6552.0,6998.6675
7638.0,6842.993
7421.0,6791.4
5872.999999999999,5959.385
5673.999999999999,5453.065
4651.0,5157.176
5148.0,5324.935
4843.0,5803.1255
5506.0,6244.989
5319.0,6567.9785
8831.0,9097.557
6929.0,7602.678
7003.0,7038.6855
6864.999999999999,7203.842
7750.0,7137.9683
5370.0,4865.391
4507.0,4615.1157
4382.0,4608.3345
4220.0,4574.744
4058.0,4866.8877
3363.0,4326.085
6563.999999999999,8273.828
6579.0,6791.211
6354.0,6059.0547
5625.0,5963.2085
5119.0,5913.8325
3006.0,3325.05
4915.0,5686.1475
4207.0,5017.718
3798.0,4682.2896
4112.0,4611.576
3460.0,4848.0396
2796.0,3476.7527
6878.0,7902.284
5122.999999999999,6739.791
5367.0,6223.0728
4899.0,6198.9287
6468.0,5572.9883
7460.0,6573.018
5564.000000000001,6013.842
6790.000000000001,6112.7236
5806.000000000001,6025.6533
6930.0,6973.997
5558.0,6495.446
9221.0,10503.588
7967.0,8680.852
8006.0,7933.548
7281.0,7748.581
7859.0,7477.918
5444.0,5584.467
7004.999999999999,6265.878
5729.0,5820.5054
5513.000000000001,5829.0854
5296.0,6116.3223
6370.0,6115.003
5497.0,5413.8076
10376.0,9930.878
7415.0,8305.827
8130.0,8168.215
6830.0,8137.097
10141.0,7518.8247
5377.0,6055.6567
6226.0,6167.633
6439.0,6120.1206
6275.0,6826.34
7205.0,6708.0127
10398.0,10618.791
8300.0,8914.81
8209.0,8042.561
7791.0,7883.9395
8195.0,7910.013
7559.000000000001,6497.447
6124.0,6333.2827
5348.0,5944.8525
5747.0,6002.155
6726.0,6480.894
6207.0,6785.3403
7836.0,6603.443
11346.0,10372.534
8312.0,8597.533
9341.0,8289.137
9351.0,8089.6655
9423.0,8287.152
4659.0,4914.127
3690.0,4389.3384
4799.0,4385.9897
4915.0,4481.776
5541.0,4822.5156
4521.0,3761.6028
7745.0,7792.1357
7136.0,6336.2856
5423.0,5894.026
6433.0,5950.346
6517.0,5803.6196
3628.0,4473.23
4956.0,4828.559
4660.0,4636.1797
3873.0,4642.331
4980.0,4525.1694
5122.999999999999,4924.1597
3702.0,4513.9194
8490.0,7909.4185
7479.0,6867.206
6329.999999999999,6408.122
7802.0,6786.584
7849.0,6310.7144
5731.0,5882.066
6414.0,5566.9526
6145.0,5285.532
6338.0,5814.006
5124.0,5048.8574
9012.0,9138.939
8133.0,8002.0938
7495.0,7602.783
7854.0,7580.881
6476.0,7508.418
5189.0,6560.294
6106.0,7444.623
6559.0,6808.8794
5181.999999999999,6688.6143
6297.0,6173.201
5302.999999999999,5955.5596
5329.0,6064.0176
9360.0,9029.741
8338.0,7585.314
7320.0,7130.729
6846.0,7401.2837
8052.0,7217.792
5645.0,6893.1978
5996.0,6144.411
5426.0,5815.178
5501.0,5670.1177
4814.0,4656.3604
8046.0,9207.602
7037.0,7888.918
6893.0,7352.6543
6485.0,7240.3315
6133.0,7073.5474
4315.0,5652.334
5541.0,7493.461
4662.0,6610.5947
4764.0,6132.2544
5038.0,5672.6514
4708.0,5466.2485
3335.0,5177.9897
7964.0,8486.147
6947.0,7098.7
6040.000000000001,6387.9805
6565.0,6500.902
7186.0,6275.625
6614.0,7291.104
7611.0,6768.721
7717.0,6651.527
7420.0,7177.5723
7807.0,7785.7627
10936.0,10411.04
8545.0,9122.842
8739.0,8722.519
8332.0,8803.127
8219.0,8798.915
7937.0,7415.165
7903.000000000001,7697.228
6645.0,7524.6533
6375.0,7249.812
6692.999999999999,7460.6987
6277.0,7378.246
6662.0,8054.902
10306.0,10134.855
9006.0,8610.664
8064.0,8118.9624
9036.0,8566.753
10369.0,8758.754
7442.0,9048.7
7799.0,8818.331
7969.0,8058.707
7380.0,8242.245
7543.0,7756.4106
12779.000000000002,13227.807
10430.0,11232.184
10243.0,10213.379
9302.0,10070.019
9653.0,9625.057
7643.0,7776.69
7670.0,7665.004
6565.0,7012.634
7208.0,7133.9204
7858.0,7321.97
7673.0,7872.473
8142.0,8204.494
12763.0,12381.491
10745.0,10589.672
10081.0,10303.048
10159.0,10062.321
13016.0,9837.214
8025.0,7584.788
6760.0,6959.8237
7348.999999999999,7195.5405
7459.0,6873.9873
7248.0,7556.98
7571.0,7689.433
10078.0,10921.313
8649.0,9127.059
9066.0,8458.023
8411.0,8440.364
8641.0,8188.916
7693.0,7024.913
7337.0,6744.0625
6633.0,6456.488
6093.0,6256.799
5896.0,6628.3364
5633.0,7197.3823
6027.0,7347.8833
8526.0,11085.849
7037.0,9465.914
7529.0,9069.026
7605.0,9227.548
10987.999999999998,9336.085
2700.0000000000005,4933.279
4260.0,4444.902
4276.0,4404.067
3799.0,4436.931
4679.0,4602.955
6858.0,6392.104
5454.0,5518.3955
5584.0,5314.8965
4655.0,5430.0645
5739.0,5679.1216
5351.0,4760.067
3998.0,4584.779
3715.0000000000005,4380.429
3625.0,4379.9277
4454.0,5155.175
3424.0,4846.826
5649.0,5273.942
7885.0,6561.0566
6277.0,5486.944
6757.0,5430.515
7168.0,5685.1274
8353.0,5840.046
3398.0,3562.7385
2732.0,3245.9631
3359.9999999999995,3136.1665
3302.0,3213.59
4745.0,3428.7373
2801.0,3308.5056
5437.0,5204.932
4623.0,4578.067
4126.0,4408.2905
4259.0,4521.432
4757.0,4135.149
3484.0,3127.2964
3308.0,3689.7065
3246.0,3356.52
2799.0,3278.078
3456.0,3188.0981
4113.0,3484.3901
3103.0,2714.469
5436.0,5059.289
4237.0,4384.06
4495.0,4141.0264
4591.0,4064.1216
5738.0,3919.7783
9411.0,8983.009
9241.0,8648.865
8852.0,8284.719
9043.0,8592.505
8709.0,9284.45
12089.0,12335.233
11109.0,10401.852
10569.000000000002,9566.807
10253.0,9664.992
9412.0,9428.255
7672.0,7959.4863
10352.0,8288.248
9663.0,8275.725
8227.0,8228.391
9510.0,8552.699
8902.0,8548.648
9032.0,8400.978
13459.0,12074.635
11892.0,10733.145
10223.0,9936.799
12210.0,9711.36
12157.0,9663.411
8023.0,8945.067
8827.0,8629.654
9079.0,8717.808
8726.0,9510.27
9208.0,9431.116
16981.0,15731.465
12347.0,13038.366
12392.0,12048.919
10080.0,11987.334
9026.0,11320.387
8376.0,9115.9375
7477.0,9569.169
6523.0,9943.879
7328.0,9436.248
7008.0,8395.521
7509.0,8985.352
7262.999999999999,8908.801
15558.0,14023.28
11039.0,11735.74
9860.0,10793.663
10327.000000000002,11060.977
13943.0,10881.794
4061.0,5147.7925
4055.0000000000005,5057.165
4138.0,5215.4795
4944.0,5234.1826
3675.0,3242.2046
8095.0,9293.258
6541.0,7745.565
5958.999999999999,6852.053
6172.0,6715.4272
5869.0,6393.412
3654.0,3446.4966
5509.0,6082.3755
4002.0,5794.57
4539.0,5829.6597
4856.0,5353.467
5032.0,4706.011
3267.0,3433.7817
8297.0,8370.548
7428.0,6813.009
6135.0,6222.309
6122.0,6156.3896
6756.0,5822.3657
8056.0,6819.0117
7451.0,6061.6104
7074.0,6514.498
6772.0,6355.7188
6988.0,6670.3984
4762.0,4880.0674
10797.0,10900.875
8915.0,9134.425
8942.0,7893.5107
7724.0,7887.217
8074.999999999999,8069.069
5046.0,4597.1743
7226.0,6876.1772
6427.000000000001,6488.928
5762.0,6198.0244
6034.0,6425.837
6697.0,6440.6562
4504.0,4796.5063
9729.0,11713.905
7979.0,9691.26
8216.0,8951.613
7648.0,8758.486
10336.0,8060.15
5208.0,4652.6553
4809.0,4252.36
4753.0,4253.314
4912.0,4199.5625
5078.0,4506.9067
4013.0,4302.1455
5526.0,6381.895
5455.0,5866.162
5375.0,5406.3594
5065.0,5356.462
5611.0,5242.159
3797.0000000000005,4431.686
5385.0,4707.7095
3652.9999999999995,4341.6562
4135.0,4545.3994
3812.0,5014.357
3369.0,5044.1387
3372.0,4855.916
5327.0,5758.9116
4532.0,4854.652
4497.0,4863.1274
4365.0,5149.3193
4879.0,4800.803
6669.000000000001,8075.6455
6044.0,7093.774
6142.000000000001,6950.8154
6298.000000000001,6541.4937
4922.0,5534.686
8680.0,10850.123
8600.0,9005.019
8189.0,8127.5537
7429.0,8084.3306
7100.0,8302.411
4945.0,5356.3423
7082.0,7685.288
6142.000000000001,6997.219
6476.0,6788.157
5603.0,6346.638
5527.0,6099.0234
4214.0,5685.6514
8673.0,10185.36
8108.0,8392.509
7529.0,7875.1406
8478.0,7656.5957
11530.0,7425.6934
4091.0,5487.3066
4321.0,5013.5557
4394.0,4875.6567
3965.0000000000005,5312.565
4839.0,5550.5166
7746.0,8169.6016
6457.0,6914.7817
5681.0,6430.111
5934.0,6501.2397
4822.0,6444.8013
4517.0,5703.8745
4584.0,5247.205
3816.9999999999995,5164.9536
3373.0,4823.522
4062.0,4698.3774
3875.0,4956.611
4312.0,5269.401
7390.0,7285.5
5272.0,6076.959
5584.0,5727.6436
5727.0,5671.752
6757.0,5920.807
5099.000000000001,4869.02
4303.0,4482.5874
4828.0,4332.133
4744.0,4377.1426
4459.0,4780.5903
4269.0,4729.0303
6869.0,7344.718
5377.0,6302.5444
5784.0,5891.167
5158.000000000001,5886.2544
5224.0,5919.5713
3627.0,4841.618
4594.0,5363.955
3656.0,4854.3237
3586.0,4884.4316
3480.0,5205.531
3628.0,4961.6104
3376.0,4547.248
5818.0,7002.3574
4872.0,5929.437
5152.0,5598.815
4377.0,5453.288
5195.0,5717.3022
4962.0,6541.929
5380.999999999999,6012.3237
5490.0,5694.1357
5939.0,5821.4653
6024.0,6147.674
7880.0,8760.89
6953.0,7445.7104
7404.0,6957.3525
6243.0,7120.7725
7523.0,7279.58
6273.0,6346.2603
6903.000000000001,6440.639
5379.0,6105.8794
5039.0,5790.755
5311.0,6057.028
5519.0,5864.999
5421.0,6360.944
7670.0,7933.204
6749.0,6589.5933
6977.999999999999,6264.6963
6351.0,6365.842
8650.0,6573.9126
2447.0,3503.708
3546.0,3692.9248
3095.0,3842.4219
3586.0,4084.7808
3659.0,3660.153
6530.0,6644.007
4926.0,5428.6226
5340.0,5297.035
4885.0,5449.8975
4505.0,4728.039
3254.0,3976.1284
3717.0,3957.9143
2792.0,3757.9468
2805.0,3826.8958
3226.0,4191.1323
3367.9999999999995,4329.9316
2813.0,3647.6377
7814.0,6493.282
4547.0,5597.502
4000.0,5231.175
4915.0,5130.5713
5056.000000000001,5059.7188
4984.0,6285.795
5597.0,5770.916
5431.0,5812.724
5472.0,5883.681
4730.0,4065.573
10682.000000000002,10478.0625
8954.0,8798.082
7726.0,8034.2036
7620.0,7676.7246
6538.0,7501.156
5017.0,6213.2607
5577.0,7821.984
5082.0,7031.5073
4523.0,6674.4287
5984.0,5930.715
5397.0,5586.238
5148.0,4862.265
10655.000000000002,10351.423
10969.0,8483.224
9151.0,7616.424
9301.0,7246.345
11404.0,7012.8906
3483.0,6315.564
3381.0,5543.733
3272.0,5042.67
3975.0,5066.6772
4254.0,4492.0806
9766.0,8488.755
7002.0,7016.701
6921.0,6550.8345
4956.0,6530.7817
5392.000000000001,5712.2603
5074.0,4960.418
4408.0,5786.3726
3574.0,5768.174
3227.0000000000005,5419.4233
3435.0,4928.839
3955.0,4673.8726
3924.0,3334.5454
9438.0,8163.5356
5942.999999999999,6348.2915
5896.0,5865.695
6116.0,5814.624
6461.0,5705.722
8709.0,8172.155
8996.0,7733.9976
8420.0,7649.072
8142.0,7902.9917
9120.0,8423.326
12132.0,11540.489
9990.0,10040.581
11039.0,9348.835
10718.999999999998,9447.39
10019.999999999998,9208.805
9414.0,8525.091
9909.0,8214.854
9024.0,8036.7017
9241.0,7996.522
8703.0,8782.664
9164.0,9241.979
8931.0,9114.494
10722.0,11545.087
10381.0,9951.3125
9914.0,9473.34
9978.0,9652.703
10777.999999999998,9557.265
7917.0,7627.8696
6629.0,6681.008
6511.0,7374.9595
6231.0,6758.3906
6533.0,6331.531
5340.0,6141.1685
9775.0,9986.642
9651.0,8564.009
8678.0,7704.136
8369.0,7824.4644
8189.0,7591.4326
6255.000000000001,5853.047
7066.0,6359.95
5998.0,5805.774
5727.0,5742.798
5579.999999999999,5904.234
6157.999999999999,6295.6216
5603.0,6079.743
8672.0,10863.638
7830.0,8961.41
7474.0,8408.848
7531.0,8117.8267
10031.000000000002,8093.021
5449.0,8189.033
7814.0,7107.5317
6358.0,6355.2134
7402.0,6895.165
6612.0,6463.016
12054.0,11056.707
10128.000000000002,9436.061
9810.0,8814.228
8508.0,8753.714
8367.0,8912.914
7676.999999999999,7432.1274
7121.0,8032.735
5946.0,7593.964
5450.0,7307.1094
6957.0,7066.975
6866.0,6974.5874
6466.0,6706.225
12762.0,11217.6875
10718.0,9131.938
9700.0,8455.726
9354.0,8520.816
11659.999999999998,8879.647
8000.0,7439.1597
7335.0,6744.7695
7178.0,6796.531
7458.0,6681.1787
7595.0,7233.6587
7081.0,7240.859
9926.0,11879.059
9139.0,9772.555
8325.0,8819.449
8449.0,8833.461
8325.0,8174.733
7067.000000000001,6988.4326
8652.0,7121.3374
7508.0,7030.617
6696.000000000001,6951.3945
7235.0,7284.0
6882.0,7520.4336
6531.0,8143.4707
10715.0,10142.461
8140.0,9232.203
7892.0,9239.313
6738.0,9281.975
11444.0,9106.35
5307.0,5020.666
4458.0,4449.3745
4475.0,4367.7896
5106.0,4482.5923
5228.000000000001,4943.8867
4457.0,5125.4424
6696.000000000001,7807.045
6539.0,6303.382
6142.000000000001,6066.254
7034.0,5930.19
6793.0,5845.154
4448.0,4920.7617
4668.0,4636.6963
3979.0,4408.6167
3467.0,4568.6807
5163.0,4649.709
4963.0,4905.8867
4820.0,5128.0664
6286.0,8520.741
6461.0,7310.507
5009.0,6889.1777
5770.0,6973.622
7053.0,6663.843
5797.0,8540.255
7518.0,7768.3936
6151.0,7419.922
7334.0,7992.82
8101.0,7827.9863
14007.0,12828.652
11526.000000000002,10647.885
9528.0,9865.788
9456.0,9658.529
8995.0,9384.842
7943.0,7675.7646
8476.0,8644.695
7030.0,8403.275
6483.0,7774.405
6266.0,7009.733
7568.0,7140.7056
7938.000000000001,6642.6294
14654.999999999998,11861.962
12208.0,9891.701
10474.0,9413.082
10695.0,9481.61
13232.0,9529.958
15929.0,14988.016
16487.0,15166.538
17654.0,15316.429
16368.0,14598.367
15774.000000000002,15493.91
23115.0,21816.234
21273.0,18834.768
20846.0,18417.01
19587.999999999996,17405.41
15931.0,16363.273
16530.0,14335.541
18212.0,15638.567
15992.0,15977.367
14912.0,16034.621
16812.0,16315.376
14885.0,14948.144
13439.0,15421.6875
20410.999999999996,21670.854
20994.0,18746.494
19230.0,18113.05
20061.0,17620.783
22205.0,16931.162
7857.0,8976.188
8006.0,8557.824
9429.0,8474.336
8476.0,8578.038
7729.0,8116.987
15758.0,14713.901
12676.0,12024.713
11389.0,10921.975
10901.999999999998,10963.11
9723.0,10168.438
7797.999999999999,8141.108
9639.0,8645.08
8808.0,9171.347
7499.0,9156.504
7580.0,8630.516
7808.0,8182.0586
8010.0,8149.1704
16404.0,13721.922
12540.0,11362.05
12455.999999999998,10667.03
12166.000000000002,10489.179
13647.0,10163.862
4371.0,4790.381
3992.0,4851.3594
4464.0,4831.443
4468.0,5201.065
3908.0,3291.2446
8685.0,8883.21
7071.0,7325.9604
6559.0,6470.4033
5835.0,6356.5557
5087.999999999999,5944.3896
4106.0,4630.3213
5263.000000000001,6429.1665
4458.0,5754.8467
4342.0,5629.038
3769.0,5185.084
4102.0,4656.3657
2841.0,4287.731
9388.0,8371.278
7534.0,6704.034
6461.0,6253.8027
6707.0,6189.088
8801.0,5951.9014
2193.0,3241.0237
2883.0,2971.2134
2205.0,2999.355
2995.0,3191.0356
3320.9999999999995,3267.1555
4678.0,4602.3687
4048.0,4148.7383
2845.0,4077.876
2933.0,4164.1416
3347.0,3956.4248
2731.0,3477.948
2631.0,3293.0376
2289.0,2949.2273
2147.0,2885.588
2757.0,3108.9604
2454.0000000000005,3213.0588
3757.0,3453.539
4236.0,4607.5986
3757.0,3922.8784
3734.0,3874.494
3565.0,3919.4553
4239.0,3880.2678
5122.999999999999,6046.1973
5245.0,5520.919
4906.0,5237.557
5629.0,5618.08
5758.0,6317.099
8060.0,8278.626
7674.0,7028.481
6309.0,6455.432
6574.0,6502.2007
5808.0,6741.0474
6379.0,6054.4272
5168.0,5742.3677
4600.0,5476.574
4515.0,5302.578
4357.0,5292.925
5102.0,5520.634
6022.0,6067.9453
8363.0,7706.788
7969.0,6399.205
7179.0,6083.084
7510.0,6130.893
8711.0,6417.285
7070.0,6923.9824
6997.000000000001,6888.0776
6678.0,7049.6606
6778.999999999999,7450.822
6461.0,7016.5913
11075.0,11524.268
10559.0,9548.65
9188.0,8881.957
8826.0,8876.024
6563.0,8531.708
6393.0,6615.358
7270.999999999999,7155.486
6913.0,7007.1953
5642.000000000001,6966.519
6125.0,6979.619
5884.000000000001,7003.6514
4784.0,6647.5933
10768.000000000002,11152.029
8955.0,9284.425
10851.0,8591.603
9677.0,8564.169
11536.0,8439.094
5108.0,4556.7153
4374.0,4417.0083
5107.000000000001,4348.6216
4970.0,4459.669
4561.0,4740.491
2569.0,3521.0266
7098.0,7771.259
5669.000000000001,6655.2207
7444.0,5846.2583
6093.0,5719.1826
5562.0,5860.73
3089.0,3692.2263
4805.0,4951.8926
4412.0,4607.8438
3937.9999999999995,4789.264
4303.0,5537.555
4104.0,5531.376
2679.0,4044.9468
5856.0,8163.568
5366.0,6495.1274
5837.0,5713.787
5646.0,5667.231
6874.0,5229.1665
5172.0,5490.344
5396.0,5829.7983
5727.0,5381.569
5011.0,5367.1416
4259.0,5654.3027
8934.0,7417.6084
6963.0,6249.7114
5706.0,6071.6035
6152.0,6111.877
6021.000000000001,6054.8345
5043.0,4640.1123
6205.0,5085.3687
4796.0,4754.357
4355.0,4995.276
5895.0,5141.987
6533.0,5525.125
4653.0,5083.3086
7922.000000000001,7360.1455
6871.0,6325.099
6497.000000000001,6125.2583
6681.0,6170.1016
6762.999999999999,6211.272
13566.0,13893.616
13902.0,14216.024
13874.0,12694.571
10512.0,9168.684
17285.0,17199.814
12812.0,15117.39
11761.0,13962.591
11528.0,13516.991
11575.0,13210.414
11539.0,11584.553
9508.0,8732.499
15585.0,16810.928
12743.0,14362.872
12364.0,12969.15
12997.0,13250.902
12933.0,14018.34
12774.0,11789.32
10146.0,8889.654
17075.0,15680.982
11728.0,13284.457
11729.0,12032.161
11050.0,12289.426
11283.0,12492.537
11711.0,10805.354
8958.0,8245.696
15998.0,15024.801
12708.0,12903.759
12503.0,11928.939
11963.0,12513.459
12178.0,12988.731
14095.999999999998,11507.738
6679.0,6330.1445
5958.999999999999,5768.2812
6398.0,5285.202
6009.0,5227.2856
5862.0,5460.577
6076.0,5941.6396
7317.000000000001,7390.1274
6789.0,6930.9097
7130.0,6537.8003
6366.0,6473.7827
6416.0,6418.2734
6317.0,6302.718
6738.0,5465.2593
5751.0,5223.2144
5321.0,5161.933
5757.0,5425.924
5322.000000000001,5933.128
5877.0,6516.3345
7154.0,7890.0386
6530.0,6980.3384
5532.0,6684.8896
5872.999999999999,6646.0923
6848.999999999999,6781.6206
8790.0,8852.935
10798.0,8707.833
11444.0,9263.0625
9957.0,9070.002
7118.000000000001,5795.2236
21015.0,17672.287
16100.0,14222.841
14920.0,13184.677
13748.0,12992.663
12734.0,10612.458
6840.0,7456.047
10766.0,9695.634
8677.0,9748.561
8464.0,9206.431
9327.0,9354.025
8594.0,10205.36
6999.0,6784.1875
19183.0,18337.21
14900.0,15042.6875
14224.999999999998,13943.386
14051.0,13306.888
13470.0,11232.042
21418.0,17261.89
21564.0,17411.607
23253.0,17952.918
17090.0,19032.32
30255.0,23568.879
19894.0,17933.168
17208.0,18124.54
19142.0,17401.379
18631.0,17213.955
20519.000000000004,17696.826
17885.0,18370.006
32271.0,24182.453
22257.0,18299.55
21455.000000000004,18341.545
20977.0,17034.227
21595.000000000004,17097.605
22986.0,18387.969
19042.0,19052.338
31665.0,24436.602
19169.0,18158.492
17836.0,17040.39
17663.0,17630.607
17513.0,17253.373
18985.0,18977.16
17118.0,18381.51
32547.0,24710.715
22185.0,19508.854
22442.0,19210.37
21041.0,17329.299
22253.0,18308.215
25774.0,18836.18
3526.0,3890.0972
3677.0,3603.0432
3658.0,3676.5183
3680.0000000000005,3806.2913
4528.0,4429.813
5552.999999999999,6064.2163
5274.0,5498.6357
4041.0,5107.215
3777.9999999999995,5157.53
4387.0,5326.385
5110.0,5351.793
4066.9999999999995,4671.497
3370.0,4214.048
3746.0,4173.2056
3748.0,4147.005
3940.0,4852.9194
5611.0,5314.186
4839.0,6604.7515
4320.0,5543.8857
4540.0,5312.3364
4381.0,5309.677
5216.0,5374.753
6360.0,6794.3667
4949.0,5877.356
5861.0,6088.3774
5523.0,5832.1704
4999.0,6077.4653
5950.999999999999,5329.999
10467.0,10869.103
8403.0,8710.735
8025.0,7788.8467
7773.0,7395.3696
7000.0,7223.6685
5821.999999999999,5150.401
6384.000000000001,5631.159
6017.0,5443.96
4495.0,5486.839
5124.0,5772.5205
4748.0,5962.4233
5127.0,5455.3423
9108.0,10782.347
8016.000000000001,8685.2705
7049.0,8150.6523
7955.0,7783.617
8303.0,7664.385
4515.0,5028.014
5422.0,5390.0527
4536.0,5141.8477
5015.0,4988.873
2904.0,3090.6843
8237.0,9146.4795
6667.0,7684.5757
6345.0,6859.621
5869.0,6680.779
6036.999999999999,6100.233
3015.0,3554.6377
4522.0,5713.2065
4593.0,5487.2837
4314.0,5705.8457
4729.0,5239.4746
5078.0,5702.0913
2502.0,3599.6973
9264.0,8916.166
6484.0,7156.217
5493.999999999999,6358.05
6648.0,6281.457
7502.0,6084.782
4215.0,4090.4607
4043.0000000000005,3778.7952
4070.0,3740.3384
3914.0,3721.8264
4218.0,3631.52
2550.0,2918.3132
5584.0,5606.7383
5171.0,5412.4624
5076.0,4867.4116
4719.0,4884.3037
3916.0,4600.1953
2374.0,2940.923
4522.0,4993.0522
3663.0,4326.79
3406.9999999999995,4351.2197
3990.0,3993.0693
3716.0,3525.0974
2298.0,2798.6333
5485.0,5717.8726
4939.999999999999,4765.143
4876.0,4354.8423
4602.0,4459.9263
4779.0,3935.455
8790.0,7442.8496
7157.0,7141.056
9203.0,6979.2964
10933.0,7943.057
8042.0,7891.591
10716.0,9591.363
10659.999999999998,10185.433
9301.0,9116.769
8997.0,8933.831
10803.0,9187.93
8369.0,8885.417
10226.0,8156.707
9686.0,7470.3643
7625.0,6995.278
6597.0,7172.1177
9898.0,7483.4575
7698.0,8879.733
11806.0,9963.836
13544.0,8979.876
12138.0,8491.897
11502.0,9144.195
14475.0,9954.689
11326.0,9736.776
4376.0,4119.5625
4130.0,4181.948
4795.0,4264.6685
3773.9999999999995,4344.1074
4093.0,4874.239
3255.0,3893.1975
6310.0,7977.23
6013.000000000001,6423.6978
5552.999999999999,5694.4585
5487.0,5643.808
4733.0,5858.164
3237.0,3057.852
4281.0,5336.44
3508.0,4770.687
4099.0,4492.498
3709.0,4360.515
3775.0,4691.287
2924.0,3517.728
6261.0,7575.489
3845.0,6559.994
5646.0,5961.7397
5188.0,5774.375
7492.0,5660.6406
5996.0,7117.2505
6423.0,6844.366
6538.0,7352.367
6997.000000000001,7527.859
5085.0,6081.083
11831.0,12870.398
8433.0,10580.509
10439.0,9586.881
8505.0,9225.791
6723.0,8817.381
5329.999999999999,6043.5303
6923.0,9164.12
5575.0,7092.7373
5996.0,6327.8755
5791.0,6516.1367
5944.0,6259.357
3693.0,5531.3667
11083.0,10593.432
9970.0,8686.337
7617.0,8141.1177
8465.0,7926.624
12197.0,7540.337
9947.0,9232.444
8838.0,8312.289
9768.0,8039.981
9070.0,7655.915
9161.0,8542.251
9376.0,9379.127
12943.0,13013.384
11545.0,10807.326
10657.0,9603.755
10320.999999999998,9683.576
9044.0,9444.7
8801.0,8127.092
10682.000000000002,8025.5483
8593.0,7348.707
8787.0,7282.944
8649.0,7409.163
8210.0,8231.949
8716.0,8427.148
11252.0,12196.434
10532.0,11193.312
9631.0,10436.725
9969.0,10302.145
11643.0,10006.315
6867.0,6550.581
5915.0,6561.37
6544.0,6311.928
6765.0,5986.704
7008.0,6792.228
2578.0,3195.1338
13842.999999999998,13089.214
13090.0,10928.617
10310.0,9204.166
9816.000000000002,8675.838
7409.0,7958.041
2075.0,3068.2065
7299.0,9027.163
6369.0,8307.19
5457.0,6771.319
6329.0,6896.7236
5726.0,6417.535
2257.0,3077.0144
14516.0,13376.593
11629.0,10547.174
9625.0,9445.559
9447.0,9185.439
10104.0,8184.7324
4873.000000000001,5236.365
5571.999999999999,5394.444
5165.0,5533.136
5404.0,5567.163
3288.0,3348.737
9800.000000000002,9647.663
7549.0,8134.0527
7713.0,7344.8203
7656.0,7242.982
7428.0,6825.4326
3586.0,3470.3442
5600.0,6249.975
5637.0,5663.342
4621.0,5979.387
4948.0,6568.5635
5296.0,5328.233
3337.0,3651.0432
9811.0,9925.194
8156.0,8114.2207
7127.0,7253.415
7819.0,7229.9116
9109.0,7047.5312
6326.0,7009.4375
6819.0,6139.4883
6406.0,6128.383
6412.0,6410.7754
5577.0,6128.351
11512.0,10261.643
9032.0,8600.2705
7957.0,7848.38
8665.0,7932.433
7545.0,7998.598
5541.0,5785.698
7115.0,7166.7715
5848.0,7374.571
5816.0,7408.794
6223.0,6671.7017
5544.999999999999,6231.6245
5261.0,5510.4937
10257.000000000002,10071.605
9292.0,8422.205
7641.0,7686.327
9699.0,7601.8926
9189.0,7570.165
6549.0,4891.968
6210.0,5636.4424
6713.0,4881.8345
4690.0,5445.619
7318.0,5875.673
5921.0,5654.1206
5333.0,5289.345
4857.000000000001,5858.271
5254.0,5241.961
5872.999999999999,5324.413
4487.0,5285.963
7587.0,7015.4214
6605.0,5925.836
5930.0,6028.4927
5751.999999999999,5557.3423
5931.0,5461.5093
6017.0,5012.555
5087.0,4869.1724
8095.0,6346.5117
5501.999999999999,5816.085
4925.0,5515.0103
5377.0,5576.494
5725.0,6003.599
5912.0,6271.629
4789.0,6403.573
7750.0,7267.321
5927.000000000001,6501.089
5428.0,5778.519
5505.000000000001,5357.7637
5625.0,5827.249
6975.0,5491.7954
5027.0,5747.8125
5124.0,5510.4756
5243.999999999999,5374.525
5497.0,5892.452
6442.999999999999,6305.922
9472.0,9427.533
7742.0,7948.0073
7278.0,7465.3555
6191.0,7370.6675
7116.0,7357.2715
7049.0,6450.5806
6148.0,5811.647
5310.0,5212.662
5050.0,5217.273
5543.0,5433.158
5383.0,6267.391
7279.0,6634.64
9785.0,9356.981
8432.0,8058.49
7534.0,7501.4185
6903.000000000001,7547.416
8573.0,8047.4517
3574.0,3664.7754
3358.0,3233.269
3538.0,3065.3618
3447.0,3108.2795
3709.0,3184.566
2055.0,2035.0878
4994.000000000001,5685.0996
4584.0,4684.856
4949.0,4306.544
4007.0,4293.344
4043.0000000000005,4125.75
2000.0,2428.6
3385.0,3912.1985
3034.0,3454.0955
2609.0,3217.8506
3602.0000000000005,3118.528
3256.0,3429.7136
1751.0,2840.1597
5015.0,5768.588
4718.0,4564.7905
3944.0,4214.363
4283.0,4278.824
5272.0,3678.561
4546.0,5871.893
5068.0,5906.3096
4770.0,6037.8345
6285.0,5988.1196
4953.0,5553.2837
8594.0,8777.285
8235.0,7419.8574
6442.0,7029.448
5345.999999999999,7063.5767
6657.999999999999,6942.6694
4123.0,5834.419
5223.0,6378.517
4537.0,5977.0137
4844.0,5769.6313
5195.0,5542.9014
5657.999999999999,5568.2544
5493.999999999999,5834.501
9739.0,8015.4673
7580.0,6491.817
6803.0,6385.243
8029.0,6438.279
9262.0,6442.422
7791.0,6569.3022
7063.0,5968.0054
6627.0,6288.9043
6964.0,6081.706
7078.0,6134.263
5153.0,5415.7607
10630.0,10138.409
8308.0,8375.207
8970.0,7583.2876
9390.0,7644.894
7036.0,7422.8525
5741.0,5665.438
7569.0,6236.65
5640.0,5853.5977
5299.0,5645.7764
6398.0,6374.6504
6178.0,6309.6177
4129.0,5565.4473
9397.0,10648.414
7558.0,8858.019
6748.0,8106.0283
7580.0,7972.6123
9966.0,7969.2334
5679.0,8524.867
5750.0,8209.066
6990.0,8369.009
7051.0,9087.25
8697.0,9996.983
12565.0,14033.407
9723.0,11463.512
10707.0,10722.486
10603.0,10375.262
11147.0,9492.776
10483.000000000002,8448.799
9587.0,8931.83
7219.0,8585.482
6772.0,7995.463
8858.0,7646.1187
8081.0,7993.524
9705.0,8314.228
16715.0,11499.609
15183.0,9670.451
11336.0,9161.2
12275.0,9490.263
12709.000000000002,10081.178
4745.0,5524.3716
5496.0,5644.837
5624.0,5549.5664
6137.0,5588.6675
5867.0,5700.2896
8191.0,8207.406
6309.0,7158.4614
6442.999999999999,6743.3203
7040.000000000001,6786.1157
7393.0,6891.663
6044.0,6021.4717
5696.0,5828.4404
5409.0,5548.9404
5285.0,5460.678
6102.0,6479.3066
6108.0,6606.278
6065.0,6460.27
9207.0,8492.373
7783.0,7465.1396
7166.0,7374.337
7302.0,7483.4165
8189.0,7360.4585
6288.0,5505.1455
5125.0,5046.833
5552.999999999999,4889.436
6351.0,4956.687
5864.999999999999,5911.378
5899.999999999999,6227.342
7878.0,8130.845
6593.0,7091.439
6205.0,6952.29
6442.0,7049.306
7285.0,6977.013
6662.0,5831.816
5142.000000000001,5849.604
4119.0,5607.4927
4380.0,5713.019
5148.0,6474.6274
5092.0,6819.473
5347.0,6755.644
7809.000000000001,8541.041
6000.0,7202.5503
6606.999999999999,6923.412
6846.0,6904.7363
8053.0,7088.1494
4987.0,4876.4326
4338.0,4623.146
4130.0,4501.7783
4368.0,4499.3154
3855.9999999999995,4603.213
3124.0,3499.5251
6450.999999999999,7157.3896
5569.0,6108.4155
5105.0,5632.9985
5735.999999999999,5512.504
4482.0,5568.309
2871.0,3913.6465
4117.0,5017.847
4130.0,4703.8604
3659.0,4684.909
4242.0,4495.2944
3363.9999999999995,4403.6987
2802.0,3651.0918
5421.0,6976.1973
4808.0,5874.713
4145.0,5366.803
4739.0,5223.5303
4761.0,4930.028
5473.0,6775.9004
6057.0,6706.1084
6039.0,7011.1133
7057.0,7159.731
6774.0,7265.77
11692.0,9629.589
8686.0,8474.255
7532.000000000001,8279.795
10981.0,8064.2627
6321.0,8358.377
7705.0,7352.098
7111.0,6768.0537
5985.999999999999,6324.498
5599.000000000001,6264.469
7864.0,7728.052
5834.0,9045.6455
7995.0,7983.6987
9343.0,9550.326
8774.0,8242.089
7129.0,7490.299
9079.0,8052.063
9829.0,7865.6973
3555.0000000000005,4915.81
4142.0,4873.0015
3684.0000000000005,4794.7183
4386.0,5318.572
5214.0,5235.604
7701.0,8133.947
6963.0,6907.923
6554.0,6503.871
5950.0,6387.854
5665.999999999999,6548.2334
5159.0,5649.5244
4997.0,5224.118
3983.0,4975.8145
3564.0,4790.2505
4259.0,4821.764
4549.0,5394.7607
5458.0,5461.715
8812.0,8097.5435
7758.000000000001,6669.6953
6495.0,6174.6104
6518.0,6189.3345
6788.0,6332.899
4562.0,5276.682
4769.0,4791.8228
4715.0,4709.4507
4405.0,5354.4966
6225.0,6000.209
7668.999999999999,7326.292
6010.0,6574.4146
6111.0,6135.6846
5019.0,6279.856
5377.0,6575.5073
6647.0,6147.4355
5837.0,5537.4683
4623.0,5062.3447
4332.0,4649.27
4960.0,5119.061
4531.0,5933.627
7024.000000000001,6095.7324
6561.0,7077.0464
5546.0,6009.0464
5729.0,5864.2705
5458.999999999999,6155.0986
7052.0,6522.8247
2890.0,3842.553
3259.0,3803.0361
3616.0,3864.8442
3689.0,3492.7385
1558.0,2041.1914
6335.0,6834.2363
4734.0,5546.9585
4487.0,4978.0986
4478.0,4795.9966
4340.0,3980.6
1677.0,1896.3649
3476.0,4064.8086
2764.0,3440.6758
2449.0,3568.677
3245.0,3684.4026
3081.0,3277.8179
1437.9999999999998,1551.5024
6087.0,6818.2686
4654.0,5456.4946
4340.0,4726.466
4192.0,4583.694
5093.0,4123.1836
7149.0,6975.2812
7776.0,6542.6416
7015.0,6370.2944
7944.0,7232.987
8715.0,7996.384
10456.000000000002,10257.738
8742.0,8827.231
8219.0,8416.453
7610.000000000001,8754.365
7881.0,8787.539
10073.0,7921.8174
7889.0,7831.2183
6559.0,7594.328
6925.0,7307.81
7137.0,8235.915
7096.0,8762.231
9893.0,8745.632
10747.0,10155.888
9347.0,8637.388
9187.0,8293.104
9614.0,8880.877
9283.0,9693.257
3242.9999999999995,5321.6387
5108.0,5189.212
5040.0,5153.011
5138.999999999999,5431.785
4937.0,4868.511
8052.0,8087.867
5657.999999999999,6897.4624
6441.0,6500.206
5562.0,6759.369
5638.0,6714.3086
4642.0,5452.708
5286.999999999999,6655.0635
3251.0,6467.8623
3362.0,6171.6177
4741.0,6746.5645
4368.0,5411.0005
5145.0,5133.0464
9345.0,7831.467
6427.000000000001,6579.048
6190.0,6202.2476
5825.0,6211.137
6886.0,6455.922
4698.0,5877.311
5663.0,5387.9404
4802.0,5229.9634
4980.0,5554.6343
6195.0,6080.261
8726.0,7951.3228
6879.0,6856.4043
6697.0,6572.12
6270.999999999999,6852.5737
5818.0,7089.963
5133.0,7101.9814
5693.000000000001,6740.282
4692.0,6419.95
5168.0,5908.4404
5245.0,5792.6426
4925.0,5731.144
6240.0,5994.106
8394.0,8246.049
6518.0,6820.162
5837.0,6614.024
6208.999999999999,6673.7695
7522.0,6785.4116
6916.0,6854.559
6624.0,6239.3066
6603.0,5843.0933
6568.0,5635.931
4622.0,3849.382
9963.0,10589.3125
9235.0,9088.029
8774.0,8444.814
7476.0,8285.012
7213.0,7643.6904
4377.0,5513.7773
5887.0,8420.716
5587.999999999999,7582.2305
4904.0,7308.1763
5642.000000000001,6575.945
5471.0,5363.35
3014.0,5271.388
9559.0,10576.041
7957.0,8716.674
6805.999999999999,7381.407
7395.000000000001,7417.6626
8386.0,7204.047
7141.0,6537.0615
6840.999999999999,6078.579
7539.999999999999,6149.048
7571.0,6064.4287
7547.999999999999,6625.7725
4888.0,4542.985
12663.0,11633.387
10578.0,9675.38
8447.0,8585.635
8948.0,8541.487
7740.0,8366.882
4729.0,5130.905
7040.000000000001,7424.342
6722.0,7080.7183
5679.0,6551.8926
6263.000000000001,6581.4814
6932.0,6642.1025
4132.0,4743.927
11692.0,12296.9375
10374.0,10026.491
8204.0,9136.764
9030.0,9240.428
10052.0,7767.092
3754.0,5415.038
3077.0,5567.6714
2406.0,5651.7715
4777.0,5672.04
1012.0,8635.494
5922.0,6162.704
5087.999999999999,5693.7275
5248.0,5759.3843
5498.0,5488.4443
5670.0,5341.5625
4641.0,4973.4526
9668.0,8863.312
7369.0,7473.154
7219.0,6774.4854
7291.0,6720.5737
6614.999999999999,6833.3022
4161.0,4954.871
5587.0,6202.9844
4456.0,5760.698
4660.0,5656.72
5030.0,5793.4126
4826.0,5597.7266
3802.0,5127.3237
8227.0,9421.016
7171.0,7642.829
6295.0,6838.234
6748.0,6654.226
7494.0,6638.9766
5669.000000000001,5575.2446
5473.0,5200.517
5760.0,5041.971
5304.0,5261.5874
3984.9999999999995,3527.6438
9247.0,8641.252
7936.0,7456.248
7170.0,6852.462
7660.0,6658.664
5735.0,6156.345
3744.0,4052.6724
6831.0,6168.527
6440.0,5675.495
5949.0,5734.0225
5893.0,5811.11
5595.0,5399.3364
3975.0,4226.737
8234.0,8655.161
8410.0,7729.4346
7117.0,6836.42
7855.0,6920.266
7628.0,6302.9116
4635.0,6324.6606
5179.0,5893.781
5649.0,5892.043
5098.0,5601.7476
5694.0,5426.845
8883.0,8083.3496
7746.999999999999,6906.8486
7522.0,6422.434
6063.0,6310.101
5978.000000000001,6299.129
6049.0,5286.408
4838.0,5481.459
5195.0,5394.4404
5297.0,5536.982
5688.0,5742.9663
4853.0,6086.346
6161.000000000001,5895.8022
9390.0,8410.288
7533.0,6989.163
6819.0,6569.314
7240.0,6566.273
7687.0,6640.9775
5991.0,6415.9897
6358.0,5696.4355
6319.0,5811.753
6665.0,5687.1245
4957.0,4432.8594
10073.0,9295.745
8342.0,7976.4517
7691.0,7332.3354
7895.000000000001,7364.6494
6971.0,7283.124
4763.0,5081.8735
7235.0,6162.587
5728.000000000001,5831.571
5886.0,5972.4087
7063.0,5976.1353
6811.0,5857.88
4785.0,4950.6567
9971.0,10076.384
9059.0,8974.729
8785.0,7838.1436
7898.0,7738.069
8579.0,7460.222
5604.0,6609.22
6479.0,6399.2583
6325.000000000001,6176.909
6240.0,5935.3584
4946.0,4815.9653
10982.0,10082.613
8866.0,8509.876
8582.0,8008.7866
7814.0,7806.01
7711.999999999999,7527.2812
4638.0,5970.544
7606.0,6437.734
5884.000000000001,6031.1865
5605.0,5972.806
5980.0,5747.3047
6427.000000000001,6613.0635
5052.0,5496.0806
11422.0,10400.609
10124.0,8695.85
9507.0,7719.097
8318.0,8030.4233
8481.0,7750.8896
6512.999999999999,7641.841
7165.0,7410.478
7476.0,7224.11
8122.0,7632.9478
7966.0,7880.035
11497.0,10917.089
10147.0,9805.864
9397.0,9380.567
9545.0,9671.311
8643.0,9402.479
8568.0,8428.185
9339.0,8082.437
6366.0,7829.0146
5563.0,7660.36
7784.0,7947.433
8160.999999999999,8296.968
8451.0,8037.8296
11645.0,10858.1
9589.0,9248.765
8685.0,8916.241
8765.0,9410.7705
10344.0,9145.574
8630.0,7968.933
9670.0,7504.272
9483.0,7507.835
9193.0,6300.8022
4715.0,5579.2915
10714.000000000002,9065.475
8229.0,7493.786
6808.0,6822.682
7131.0,8033.88
7629.0,6935.701
8328.0,6108.708
4961.0,5227.325
12071.0,9967.898
8809.0,8544.976
8740.0,7792.309
8376.0,7676.244
9139.0,8651.868
9368.0,7287.7476
7545.0,5006.1196
10933.999999999998,9558.062
9366.0,6953.9863
8839.0,7520.854
9276.0,8256.079
9137.0,8583.367
10879.0,6668.471
4865.000000000001,6596.8066
13769.0,9877.582
9966.0,9034.614
10925.0,9139.585
9853.0,8317.397
9839.0,8584.209
6490.0,6093.441
6455.0,6007.049
5430.0,6195.848
6608.0,6590.477
7123.0,6553.5884
9574.0,10042.717
9202.0,8564.338
9095.0,7915.5933
8852.0,8003.9585
7845.0,7684.637
8101.0,6804.8604
8025.0,6330.4717
7032.000000000001,6053.517
6187.0,5981.2437
7151.0,6581.6753
7050.0,6785.0884
6815.0,6877.266
8641.0,10633.979
8773.0,8969.912
8127.0,8470.833
8095.0,8451.862
10784.000000000002,8770.84
5308.0,5011.9253
4446.0,4571.7803
4934.0,4744.343
4740.0,4786.304
5587.999999999999,5163.325
3928.0,4743.7285
7106.999999999999,8124.636
6176.0,7061.75
6703.0,6397.089
5928.0,6278.225
6942.999999999999,6446.5693
4366.0,4851.4165
5593.0,5519.8584
5009.999999999999,5097.997
4705.0,5181.1016
4545.0,5637.4316
5562.0,5230.0596
3519.0,4979.243
6211.0,8287.473
5380.999999999999,7206.778
5598.0,6736.8525
6307.0,6525.304
6665.0,5936.9326
2516.0,3697.211
3638.0,3358.796
3140.0,3640.49
3279.0,3723.258
3600.0,4461.8936
5150.000000000001,5334.0396
4430.0,4653.2124
4759.0,4398.2544
4321.0,4220.5117
3790.0,4337.397
4045.0,3975.8572
3716.0,3551.5017
2931.0,3164.2102
2487.0,3303.5854
3234.0,3598.3635
3383.0,3566.5698
4162.0,4016.817
5700.0,5107.504
4384.0,4208.1577
4368.0,3968.2258
4099.0,3996.376
5356.0,4099.66
5563.0,6032.316
5650.000000000001,5606.8076
5521.000000000001,5643.76
5405.0,5409.795
4128.0,4719.3174
7995.0,8914.557
7797.0,7412.7285
7537.0,6554.282
6932.0,6360.0884
5966.0,6411.775
4935.000000000001,4507.2974
5723.0,5408.854
5568.0,4925.619
5122.0,4944.9517
4899.0,4942.5728
4792.0,5200.4727
3530.0,4652.459
7412.0,8716.164
7827.0,7063.0107
6756.0,6512.861
7199.0,6318.7563
9026.0,6234.6377
7166.0,6703.5557
6788.0,5925.6636
6122.0,6453.8774
5475.0,6111.464
5276.0,6558.716
4845.999999999999,5664.0938
8546.0,10337.625
7511.0,8577.688
6992.0,7615.709
7433.0,7484.565
6506.0,7303.25
5056.000000000001,5022.726
6813.0,5904.1025
6106.999999999999,5290.274
5903.0,5237.844
5803.0,5540.802
5423.0,5957.7153
4123.0,5145.071
8905.0,9705.487
7191.0,8448.504
7121.0,8101.2217
7300.0,7846.034
10539.0,7505.371
4566.0,5209.3247
5479.0,5130.071
4379.0,5145.788
5204.0,5776.679
6750.0,5946.1885
9771.0,8897.6455
7854.0,7752.5205
6581.0,7067.0176
5982.0,6990.3794
6713.0,7360.031
6448.0,6709.135
5897.0,6488.2285
4833.0,6393.7573
5297.0,6057.094
5081.0,5920.68
5220.000000000001,6181.3115
5837.999999999999,6161.1177
8683.0,9284.944
6756.0,7708.9946
6112.0,7088.5024
6484.0,7116.9414
7529.0,7261.2637
4119.0,3823.6138
3682.0,3923.2395
3930.0000000000005,4110.5376
4569.0,4220.721
3284.0,3173.91
6402.0,6439.3877
6192.999999999999,5516.574
5197.0,5273.231
4494.0,5114.074
4799.0,4951.423
2819.0,3207.9172
5203.0,4356.3984
4007.0,4292.6953
3982.0,4180.8003
4677.0,4227.0317
4947.0,4401.104
2894.0,3455.5588
6574.0,6966.52
5554.0,6199.356
5644.0,5552.06
5643.0,5573.7407
6218.0,4854.6445
2279.0,3128.75
2190.0,2865.612
2317.0,2723.3843
2701.0,2758.045
2955.0,2901.149
1530.0,1834.7051
3828.0,4661.121
3811.0,4259.214
2783.0,3839.502
3495.0,3859.2886
2734.0,3529.9749
1339.0,1576.1664
2374.0,3673.7708
2330.0,3107.777
1782.0,2879.0996
2652.0,2796.3066
2040.0,2782.7798
1254.0,1944.4554
3982.0,4896.489
3687.0,4465.167
3129.0,4040.0442
3632.0,4061.6968
3419.0,3541.9941
7313.999999999999,8871.438
8384.0,8401.65
7799.0,8413.738
8039.999999999999,7919.3423
6252.0,8355.235
12638.0,13230.561
10894.0,10632.955
10665.0,9804.503
9644.0,9881.149
7802.0,9027.448
7450.0,7030.014
7751.0,7286.768
7454.000000000001,6866.498
6996.0,7137.4062
7002.0,6990.482
6618.000000000001,7250.3857
5712.000000000001,6792.585
10521.0,12244.435
10807.0,9836.916
8891.0,8640.843
9306.0,8773.456
11053.000000000002,8856.133
5396.0,6072.745
5925.0,5665.125
6469.0,5530.183
5812.0,5924.722
4869.0,4869.3657
10041.0,9777.79
8516.0,8231.441
8132.0,7420.3843
7744.0,7627.227
6474.0,7272.6396
4925.0,5392.4
5519.0,6582.675
4985.0,6481.26
4946.0,6539.691
5434.0,6241.343
5187.0,5638.3315
4725.0,5574.3257
10046.999999999998,9263.4
8299.0,7864.3164
7439.0,7127.46
8231.0,6917.778
8688.0,6863.064
11413.000000000002,10544.841
10935.0,9822.701
11829.0,9611.487
6491.0,6425.443
2403.0,5922.629
9034.0,10685.096
8060.0,8664.091
9702.0,8446.994
9497.0,9786.457
8974.0,8502.022
7838.0,6913.698
3459.0,4547.2314
13779.000000000002,13968.33
11358.0,12451.437
10752.0,12485.562
10584.0,11264.084
10886.000000000002,10013.785
8043.0,6610.2
3297.0,5819.186
9366.0,10455.618
7999.0,9101.587
6598.0,8936.848
7615.0,9955.921
8211.0,7693.237
7569.0,6245.031
3159.0,4066.7961
14281.0,12014.68
11011.0,11466.988
10569.000000000002,10961.146
11135.0,10459.915
12219.0,9966.451
6060.0,6792.683
5907.999999999999,6174.2734
5921.0,5984.63
5656.0,6134.072
6348.999999999999,5072.6978
9817.0,10005.725
8340.0,8454.804
7313.999999999999,7786.2197
7350.0,7800.0317
7729.0,7898.855
5614.0,5861.082
6690.0,7052.0884
6200.999999999999,6338.516
6189.0,6191.107
5730.0,6114.738
5981.0,6460.8286
5482.0,6195.756
8748.0,10116.089
8926.0,8510.406
7736.0,7939.817
7542.0,7611.1904
8602.0,7792.921
4350.0,5948.1963
4579.0,5244.8154
5083.0,4896.7944
4682.0,5117.7124
4414.0,4415.8486
9444.0,8232.585
7308.0,6964.0356
5735.999999999999,6523.7627
5920.0,6396.672
5920.0,6361.587
4235.0,4954.6143
5024.0,5294.357
4232.0,5161.401
4607.0,5140.78
4825.0,5232.404
5329.999999999999,5356.0107
4744.0,4521.1274
8115.0,8232.837
6832.0,6931.8325
5901.0,6522.6426
6067.0,6384.248
6678.0,6223.3203
6598.0,5460.8374
5264.0,5179.037
6539.0,5371.8394
6890.0,5526.27
6722.0,7933.442
5012.0,6763.331
10925.0,10339.116
8137.000000000001,8826.812
8152.0,7913.2534
8622.0,7776.046
7648.0,7325.004
4616.0,5134.755
6442.0,6250.931
5450.999999999999,6158.4854
4934.0,5641.327
6106.999999999999,6071.1714
6171.0,6540.243
4799.0,5076.445
11729.999999999998,10979.45
7924.0,8997.832
7573.0,8343.022
8760.0,8274.739
10432.0,7742.501
4031.0,5511.6343
4394.0,4986.8374
4689.0,4925.1313
4562.0,4854.82
2918.0,3569.1519
6745.0,7646.7124
6198.0,6630.6953
5410.0,6009.2715
5794.999999999999,5965.0234
4853.0,5524.9443
3499.0,4266.9883
4629.0,5897.581
4461.0,5231.2144
3793.0,5175.607
4226.0,4807.155
4519.0,4334.986
2459.0,3479.752
7294.0,7154.617
6178.0,6112.619
5417.0,5653.8145
6329.999999999999,5506.263
6661.000000000001,5195.3086
4665.0,4309.278
4111.0,4231.8
4268.0,4201.7236
4446.0,4262.3994
4700.0,4503.299
2448.0,3225.4778
6026.0,7154.9077
5273.0,6100.092
4821.0,5425.5776
5695.0,5370.015
5856.0,5384.2256
2323.0,3092.7083
4796.0,5155.506
3935.0,4747.5244
4033.0,4655.1245
4226.0,5193.7456
3869.0,4686.7754
2159.0,3928.805
6249.0,5655.4604
4783.0,5368.671
4819.0,5229.9194
4723.0,5381.814
5958.999999999999,4656.877
8568.0,8047.5547
7963.0,8013.6475
9500.0,8137.8555
8401.0,8770.977
8583.0,8211.588
15364.999999999998,13941.549
12000.0,11704.367
10925.0,10851.733
10696.0,10590.948
9853.0,10155.662
8948.0,8019.0225
8049.0,8581.869
7453.0,8138.6685
7501.0,8373.388
7079.0,8484.268
7990.0,8217.986
7491.0,7651.24
14796.0,13076.99
11116.0,10650.102
9945.000000000002,10023.848
10449.999999999998,10268.318
11678.0,9889.817
4031.0,5426.2896
5121.0,5126.7266
4852.0,5351.524
5167.0,5554.0737
5729.0,6027.0938
7233.0,7576.5815
5704.0,6701.2075
5255.0,6305.4956
5509.0,6369.0205
6993.0,6357.7476
6200.0,5800.4497
5125.0,5295.2295
4355.0,5033.089
3919.0,4892.1167
5060.0,5669.2944
5474.0,5987.446
5685.000000000001,7011.1724
7516.000000000001,7120.4136
6854.0,6102.801
5932.0,6121.727
6200.0,6390.329
7374.0,6592.92
8201.0,6155.935
6018.0,5679.987
6879.0,6102.1416
7914.0,5852.097
7860.000000000001,6348.316
4976.0,4980.191
11731.0,10594.277
9587.0,8798.729
8047.999999999999,8002.7446
7619.0,7921.042
7664.0,7891.2354
4632.0,5770.8438
6717.0,6558.06
5336.0,6581.6143
5712.000000000001,6356.68
7503.0,6117.635
7164.0,6349.943
4921.0,5101.5967
11190.0,10832.888
8833.0,8820.619
7920.0,8336.614
8000.0,7998.852
8026.0,7610.416
7469.999999999999,7313.5444
6006.0,6407.977
7034.0,6590.384
6725.0,6504.443
7976.0,7090.277
4770.0,6460.361
9336.0,10919.325
8814.0,8998.477
8491.0,8183.9893
9115.0,8206.101
8656.0,8107.8413
5766.0,5416.3276
7668.0,6689.39
6321.999999999999,6350.6147
6217.0,6058.1504
6134.000000000001,6907.292
7044.0,7042.021
4858.0,5461.0103
9041.0,10379.685
7034.0,8988.601
8039.0,8604.561
7955.0,8335.642
11280.0,7969.8047
16839.0,14440.155
14763.000000000002,13649.921
14117.0,13803.572
15272.0,13267.39
13094.0,14137.663
11855.0,13392.876
21729.0,19830.3
18734.0,17784.725
17521.0,15538.713
17512.0,15862.183
13989.0,15756.807
11874.999999999998,13451.811
15803.0,14120.946
13700.0,14402.744
12686.0,14072.127
14242.0,13286.552
12308.0,14546.426
11221.0,13606.78
21337.000000000004,23049.773
17080.0,18861.232
16304.0,17340.541
16912.0,18471.303
19898.0,15864.708
4927.0,5437.1035
4290.0,4760.877
5233.0,4775.0864
5544.999999999999,4984.395
6438.0,5421.334
6594.0,5964.0864
8578.0,8235.64
6881.0,7336.5703
6407.999999999999,7077.905
6465.0,6977.991
6237.0,7072.444
6144.0,5741.252
5437.0,5258.38
4366.0,5009.021
4416.0,5282.6997
4900.000000000001,5501.327
5011.0,5950.088
5653.0,6053.2754
9276.0,8623.193
6434.0,7327.41
6962.000000000001,6874.059
7119.0,6964.9473
7520.0,7044.777
5520.0,5260.7573
5161.0,4889.6685
4848.0,4873.232
5423.0,4396.253
4377.0,4984.5444
2239.0,3540.0012
8715.0,7679.5107
7699.0,6774.405
5768.0,5958.0347
5941.0,6092.3164
5300.0,5423.7256
1965.0000000000002,2698.8667
4261.0,5088.984
4504.0,4842.3804
3662.0,4538.1396
4676.0,4281.6494
4431.0,4595.2583
1872.0,2650.6807
7977.0,8296.829
7543.0,6703.153
5323.0,6009.713
6333.000000000001,5881.656
6826.0,5459.914
6190.0,6387.0317
6552.0,6242.1914
6684.999999999999,6158.469
7439.0,6737.059
7012.999999999999,6785.8804
9969.0,9978.227
8511.0,8610.478
7693.0,8355.516
7654.0,8675.436
8535.0,8698.474
7244.0,7366.4507
7058.0,7176.9883
5593.0,6998.3276
6697.0,7061.982
6916.0,8067.024
7149.999999999999,7866.8125
8349.0,8274.312
9826.0,9823.74
8995.0,8401.094
8059.000000000001,8296.619
7648.0,8400.326
10371.0,8399.895
4874.0,4760.5786
4259.0,4850.7114
4290.0,4895.8506
4971.0,4805.945
3868.0,5040.2866
1772.0,2233.643
8654.0,9294.422
7762.0,7780.729
5497.0,6371.706
6251.0,6087.11
5009.0,6008.1265
1895.0,2426.918
5167.0,6245.7227
5173.999999999999,5034.276
3793.0,4545.835
4486.0,4677.885
4088.0,4581.573
1588.0,2192.5767
7421.0,8888.377
7777.0,7162.602
5400.000000000001,6223.085
7724.0,5907.412
7753.0,4396.7676
4585.0,5939.5537
5100.0,5713.5063
6731.0,5407.9966
5012.0,5314.2783
3671.0,3781.8613
8006.0,8741.161
6916.0,7477.698
7002.0,6596.8286
8266.0,6614.4043
5085.0,6272.7363
3588.0,4204.593
5837.999999999999,6476.462
5928.0,6174.979
4337.0,6042.7354
6482.0,6409.3257
5176.0,4963.325
2933.0,4537.624
7272.0,7992.597
7217.0,7071.649
6284.0,6312.7495
9089.0,6045.012
8509.0,5855.5854
4017.0,4945.002
3995.0,4976.188
4356.0,5161.9756
5184.0,5586.932
5867.0,6113.5796
6660.0,7606.0654
5443.000000000001,6609.0083
5676.0,6371.8047
6231.0,6582.0293
6890.0,6735.171
5975.0,6411.4487
4845.0,5438.543
4604.0,5030.1626
3599.0,4831.2847
4782.0,5553.0806
4892.000000000001,5910.122
5372.0,6321.5684
7426.999999999999,7932.935
6227.999999999999,6710.1514
5982.0,6578.426
6385.0,6734.851
8094.000000000001,6741.273
6748.0,6286.5737
5931.0,5899.5513
6829.0,5898.9067
7886.0,6000.928
7192.999999999999,6758.9585
6110.0,6230.9897
12937.0,11999.924
9846.0,9678.536
9009.0,8640.221
7837.0,8319.975
7440.0,8253.448
5490.0,6005.6455
7651.0,6567.544
6459.0,6281.109
5702.0,6040.9136
6416.0,6091.7188
6101.0,6643.286
5679.0,5167.1924
11973.0,11261.296
9686.0,9735.967
8703.0,9271.79
8328.0,9295.592
11035.0,7819.553
3841.0,4213.8066
3799.0,4229.811
3815.0,4474.304
3951.0,4762.539
2707.9999999999995,3035.2976
5875.0,7188.2085
5643.0,6103.21
5571.0,5764.1123
4578.0,5746.8145
4656.0,5520.8057
2635.0,3597.182
4246.0,5756.064
3855.9999999999995,4856.528
4001.0,4916.1416
4013.0,4442.777
3789.0,4138.287
2004.0000000000002,3389.8909
5622.999999999999,6651.5957
5735.999999999999,5578.3213
4731.0,4971.9077
4781.0,4918.9517
5662.0,4185.4487
5685.000000000001,5683.544
5484.0,5730.039
6491.0,6031.4185
5923.0,6178.9585
4035.0,4267.5273
10223.0,9817.593
8260.0,8327.434
7758.000000000001,7470.478
7192.0,7452.8237
7385.0,7438.1655
4100.0,4080.5815
5919.000000000001,7640.171
5077.0,6571.5063
4952.0,6531.7915
5176.0,5790.2896
6346.0,5282.2812
3576.0,4431.8135
10109.0,9717.184
8012.0,8217.944
6176.0,7272.1562
7316.0,7267.6206
9168.0,6973.422
2949.0,3837.081
2901.0,3715.2888
3464.0,3781.4373
3149.0000000000005,3798.331
3257.0,4500.2827
5654.0,5483.106
4649.0,4669.6914
4124.0,4407.7983
4187.0,4395.508
4485.0,4718.164
4147.0,3971.4211
3120.0,3635.8894
2727.0,3297.6936
2781.0,3421.113
3301.0,3440.0051
3117.9999999999995,3596.4224
3662.0,3598.439
4862.0,4814.79
4251.0,4283.6484
3705.0,3976.1968
4201.0,4013.1091
5509.0,4107.4556
4853.999999999999,5095.4385
5125.0,5254.0884
6025.0,5100.804
4851.0,5192.695
4047.0000000000005,4160.054
7678.0,8329.56
6708.0,7139.403
6848.0,6445.097
6426.0,6331.184
5848.0,6062.6074
3568.0,4038.7395
5882.0,5349.727
5549.0,4904.448
4310.0,4972.784
5199.0,5501.486
4922.0,5377.14
3586.0,4532.5103
6847.0,8258.999
6507.0,7028.22
6781.0,6216.3247
6202.0,6065.6353
7537.0,6119.8604
4644.0,4230.623
3648.0,3844.2717
3499.0,3736.079
3376.0,3810.8052
3340.0,4045.7793
1510.0000000000002,2405.5542
4903.0,6712.061
4253.0,5713.6396
3747.0,4939.211
4171.0,4866.567
3531.0,4406.533
1504.0,2140.386
3987.0,4144.547
3007.0,3986.2344
3126.0,3672.387
3013.0,3638.3694
3132.0,3163.4912
1649.0,2442.2397
5201.000000000001,5818.138
4164.0,4730.947
3715.0000000000005,4494.823
4292.0,4535.206
4432.0,3556.9656
9871.0,9794.104
9064.0,9067.588
8697.0,9321.168
9935.0,8748.024
8788.0,8960.128
9636.0,8957.275
12797.0,14834.513
12932.0,12770.696
11438.0,11019.083
11957.0,10973.589
9949.0,10704.666
8717.0,8251.168
9555.0,8865.433
8537.0,8009.147
8447.0,8280.837
9252.0,8530.127
7773.0,8819.552
8274.0,8696.033
11511.0,15301.054
11215.0,13122.658
10175.0,11773.993
11634.0,11633.641
13459.0,11126.391
4143.0,5031.06
3865.0,4897.8228
4997.0,4611.0386
4876.0,4817.997
4199.0,4895.0444
6676.999999999999,6701.0166
5108.0,5912.499
5054.0,5595.4214
5500.0,5646.001
5026.0,5734.3706
4970.0,4635.307
4632.0,4966.1523
3583.0,4799.109
3435.0,4809.3887
4764.0,5174.127
4701.0,4949.546
4474.0,5151.622
6200.0,6374.1
4831.0,5357.242
5055.0,5146.9956
6050.0,5205.345
6583.000000000001,5529.663
17728.0,16247.942
15360.000000000002,15869.864
13533.0,14110.084
7874.0,9192.883
7141.999999999999,8359.84
11573.999999999998,12647.533
11208.0,11502.927
12384.0,11085.527
11849.0,11009.642
11960.999999999998,8640.074
8969.0,9052.723
8456.0,9480.586
21279.0,18882.164
19259.0,16388.67
18097.0,16066.899
17082.0,15008.503
14181.999999999998,13110.241
8426.0,8905.731
7518.0,8007.963
12794.0,11827.277
11977.0,12272.694
12157.0,11376.974
11568.0,12529.248
10969.0,10505.249
6786.0,9398.983
7988.0,6816.2764
20024.0,18143.275
16625.0,16454.295
16907.0,16313.626
16308.0,15286.732
17867.0,13454.145
11449.0,12768.836
12176.0,11903.608
11767.0,11792.012
11304.0,11554.718
10460.999999999998,11039.134
18445.0,18355.682
17886.0,14930.638
16946.0,14181.823
13990.0,14210.772
13531.0,13322.638
10644.000000000002,10600.628
12893.0,12729.586
11975.0,12181.41
11024.0,12067.918
12142.0,11779.742
11460.999999999998,12795.294
10153.0,11381.522
18385.0,18773.793
17406.0,16272.386
16949.0,14570.97
15959.0,14595.902
16459.0,13883.65
4212.0,4772.238
4602.0,4700.49
4635.0,4884.5225
5479.0,5150.479
5955.0,5474.671
6460.0,7048.832
5345.999999999999,6631.0854
5186.0,6133.769
5571.0,6299.8447
5768.0,6549.956
5700.0,6346.7163
5073.0,5504.627
4174.0,5015.1177
4599.0,4570.5845
5763.000000000001,5251.0405
5326.0,5674.387
6019.0,6205.403
7510.0,6921.686
5836.0,5756.6504
5854.0,5981.521
6031.0,6058.209
7345.0,6172.332
5786.999999999999,5665.5996
6040.000000000001,5699.561
6235.999999999999,5875.9805
5781.0,6287.345
5154.0,6380.5947
9707.0,9585.105
8460.0,8006.97
8150.0,7578.044
6921.0,7379.9326
7218.0,7039.7085
5891.0,5774.113
6904.0,5583.1343
5640.0,5347.04
5087.0,5345.6504
5936.0,5492.688
6136.0,6736.102
4899.0,6243.6025
8937.0,9214.001
7856.0,7608.775
8447.0,7245.0728
7538.0,6976.8994
8566.0,6893.459
4440.0,4964.8105
4705.0,4994.895
5111.0,4871.804
4859.0,4964.521
4489.0,4185.589
6944.0,7702.0103
7027.0,6446.218
6042.0,5849.951
6108.0,5756.7656
4969.0,5749.254
4391.0,3897.525
5844.0,4941.319
5355.0,4522.4736
5094.0,4524.709
4815.0,4549.416
4794.0,4882.0093
3713.0,4116.1245
7332.999999999999,7704.23
7055.999999999999,7051.852
5976.0,6566.1587
5511.0,6270.366
7080.0,6291.1567
6247.000000000001,6197.708
5786.0,5745.714
5818.0,5788.8516
5957.0,5546.9985
6456.0,6375.9907
4963.0,5734.3813
10960.0,10345.366
8507.0,8377.64
8740.0,7626.2314
8354.0,7338.3984
8052.0,7097.965
5290.0,5682.3237
6149.999999999999,6114.3228
4984.0,6030.055
4955.0,5845.0615
5251.999999999999,5949.869
5633.0,6823.69
4107.0,6249.9224
8525.0,10708.352
7089.0,8576.534
7402.0,7326.8574
6732.0,7104.0903
8192.0,6671.179
5012.0,6045.131
4559.0,5572.05
4510.0,5542.8594
4874.0,5233.8696
4471.0,4862.1484
7751.0,8032.968
7128.0,6740.5576
6366.0,6271.8774
5962.000000000001,6266.0444
5554.0,6409.6855
4860.0,5235.002
4837.0,6069.919
4191.0,5835.4043
3987.0,5652.223
3966.0,5166.394
4828.0,5084.0127
3816.0,4721.173
7618.000000000001,7715.898
6114.0,6416.041
5641.0,5918.215
5326.0,5941.667
6994.0,6068.987
9009.0,10814.36
9581.0,10865.719
10178.0,10601.17
10320.999999999998,10417.933
9974.0,10829.4375
15073.0,15593.757
13219.0,13099.086
12415.0,12090.099
11414.0,12090.806
11567.0,11561.77
10953.0,9510.906
11236.0,10021.753
8232.0,10206.159
9382.0,10563.645
10168.0,11042.531
9576.0,11213.707
12151.0,11034.249
15622.0,14888.129
13855.0,12524.696
13114.0,11369.156
13146.0,11943.092
14485.0,12074.014
6021.000000000001,6919.0425
6946.000000000001,6548.825
7098.0,6493.3438
7151.0,6573.2407
6230.0,5536.083
12098.0,11224.446
9264.0,9459.832
8028.0,8615.038
8100.0,8335.62
7146.0,8171.036
6114.999999999999,5738.12
6552.0,6342.205
5073.0,5873.3457
6130.0,6106.8667
6010.0,6071.18
5669.000000000001,6389.764
5133.0,5652.8745
10652.0,10546.4795
7621.0,9000.137
7361.0,8231.938
8420.0,7890.672
9742.0,7982.1904
8877.0,8534.159
7125.0,7626.575
6854.0,7823.68
7647.0,7361.376
7178.0,8752.228
7285.0,7442.074
13218.0,14054.698
12656.0,11363.993
12189.0,10079.151
11885.0,9981.817
9359.0,9680.775
8152.999999999999,6883.5146
9298.0,7653.8403
8037.0,7117.204
7487.0,7173.786
8370.0,7377.7407
7536.0,9020.899
6945.0,8126.314
12295.000000000002,14969.424
10841.0,12486.703
10490.0,10483.944
10487.999999999998,10270.612
12767.0,9857.859
3167.0,4432.1113
3685.0,4592.0107
3730.9999999999995,4442.145
4077.0,4399.4062
2835.0,3689.4336
6810.0,6805.804
5226.0,5889.0293
4926.0,5511.215
4069.0,5494.7314
4034.0,5010.0825
3438.0000000000005,3966.3945
4639.0,5026.4795
3713.0,4529.884
2696.0000000000005,4667.8896
4140.0,4477.884
4052.0,4338.708
3695.9999999999995,3628.0552
7691.0,6616.53
6375.0,5580.7544
5316.0,5143.73
5458.999999999999,5173.144
4989.0,4678.8164
6910.0,7364.719
6649.999999999999,7076.669
6882.0,6465.2236
6747.000000000001,6662.871
5746.0,5776.3735
9371.0,10523.75
8954.0,9029.72
8585.0,8691.641
7929.0,8859.637
7796.0,8595.877
5316.0,6554.212
7957.0,8838.676
6969.0,7727.223
6328.0,7346.772
6371.0,7071.186
7235.0,6824.041
5171.0,6879.7944
9230.0,10008.085
8352.0,8182.949
7709.0,7734.7935
7781.0,7782.4263
8934.0,7815.2827
4123.0,4904.1494
4518.0,4674.3667
4912.0,4862.9844
5050.0,5188.6597
5625.0,5978.825
5700.0,7133.807
6139.0,6245.664
5332.0,6049.881
5607.000000000001,6202.6997
6033.0,6297.2534
5573.0,5464.3525
4546.0,5086.605
3891.0000000000005,4692.6787
3937.0,4901.526
5259.0,5361.9736
5255.0,5521.745
6025.0,6080.8394
7153.000000000001,7035.408
5469.0,6117.935
5735.0,5852.0767
5716.0,6084.158
7512.0,6260.5234
8116.0,8351.831
8985.0,7961.019
8159.0,8196.287
8013.0,8807.956
7892.0,9655.052
12061.0,11132.891
10131.0,9654.265
8284.0,9335.345
8471.0,9513.234
8497.0,9238.195
8752.0,7979.3296
9255.0,7763.5845
7080.0,7276.218
7959.0,7411.5195
8981.0,7401.5977
7512.999999999999,8242.46
9788.0,9175.428
10791.0,11251.27
10820.0,9392.804
10089.0,8971.303
10112.000000000002,9409.481
10046.999999999998,9309.981
9299.0,8240.281
8481.0,7687.4253
8351.0,7249.4893
8520.0,7312.6846
8045.0,8172.733
9411.0,8535.391
9798.0,11348.896
9502.0,10136.514
9478.0,9419.224
8991.0,9295.996
8819.0,9304.178
8825.0,8984.011
8575.0,8477.143
7209.0,7846.565
6937.0,7679.3643
7496.999999999999,7961.4136
7463.0,8251.34
7804.0,9280.019
10170.0,10038.478
8743.0,9189.391
8117.0,8887.336
8450.0,9074.949
9281.0,9366.894
4931.0,6192.269
5478.000000000001,5730.3506
5924.0,5683.0957
6083.000000000001,6028.8086
6949.0,6884.9424
10542.000000000002,9809.552
8731.0,8251.044
7951.0,8044.629
7676.999999999999,7822.66
7737.0,7781.1187
6967.0,6454.594
5950.999999999999,5903.6426
5093.0,5467.095
5322.000000000001,5533.489
6252.0,5686.247
6289.0,6218.6416
6553.0,6215.0596
10663.0,10186.813
7888.0,8488.538
8127.0,7883.511
7772.0,7919.306
8418.0,8079.8135
4683.0,6670.4
4867.0,6009.0977
5146.0,5525.09
5242.0,5647.913
5293.0,6169.183
8932.0,8485.981
7531.0,7294.0527
6606.0,6916.065
6257.0,7207.651
6896.0,7126.002
5913.0,6235.648
5025.0,6921.2993
4300.0,6790.307
4510.0,6439.233
4612.0,6249.333
5732.0,5808.1787
4566.0,5872.916
9096.0,8431.7
7222.0,6650.4087
6220.000000000001,6330.961
7523.0,6266.833
8603.0,6348.804
6745.0,6484.2485
5392.000000000001,5944.267
5813.0,5719.308
6129.0,6302.6133
7167.0,6569.213
6302.0,7008.701
8884.0,9214.114
7362.0,7674.245
7447.0,7389.895
7990.0,7521.736
7809.000000000001,7565.1846
6497.000000000001,6737.9565
6018.0,5921.5103
5579.0,5662.2686
5122.0,5779.71
5656.0,6507.2583
5533.0,7153.671
5840.0,7238.7676
8172.000000000001,9359.716
6844.0,7877.449
6584.0,7514.13
7748.0,7481.009
8204.0,7586.135
6988.0,6385.274
8026.0,6878.7383
7293.0,6512.7075
4408.0,4997.032
9827.000000000002,8601.055
7176.0,7016.139
5745.0,6445.752
5893.0,6474.294
5933.0,6732.4023
6442.999999999999,6384.854
5308.0,4965.735
9118.0,9349.836
6660.0,7498.9043
6202.0,6372.78
6916.0,6095.905
6839.0,7063.113
6635.0,6655.1343
5159.0,4736.0635
9008.0,8727.386
6480.0,7207.944
5514.0,5927.616
5785.0,6180.444
6192.999999999999,6617.047
6079.999999999999,6044.304
5122.0,4940.838
9788.0,9297.5205
6810.0,7326.0537
7050.0,6122.6084
6211.0,6000.6567
6514.0,6581.6084
7851.0,6350.407
6858.0,6877.9985
5995.0,6786.1743
7452.0,6528.07
7616.0,6931.0005
7571.0,7539.1216
12826.0,10431.2705
10033.0,8859.117
8203.0,8300.525
8979.0,8587.583
8092.0,8617.63
9116.0,7732.219
8034.0,7358.4136
6101.0,7551.4556
6467.0,7176.4287
6510.0,7029.485
6840.999999999999,7416.894
6680.0,8275.824
11378.0,10242.299
8788.0,8581.071
7667.0,7853.056
7992.0,8030.252
10053.0,8465.304
10039.0,8208.721
8835.0,7605.6753
8446.0,7751.5664
9111.0,7649.0776
9193.0,9740.752
6258.0,8032.5205
12056.0,13508.622
10240.0,11608.851
10293.0,9789.678
11598.0,9886.928
9609.0,9650.128
6598.999999999999,7610.5073
10082.0,8296.079
7996.0,8354.989
7461.999999999999,7599.185
8525.0,8350.001
7820.0,8820.77
6327.0,7702.458
11581.0,12395.7295
10121.999999999998,10888.955
9290.0,9529.52
9842.0,10013.226
12766.0,9958.901
5675.0,5788.11
6212.000000000001,5318.257
5877.0,5859.6465
6422.0,6043.0215
6876.000000000001,6549.1367
7788.0,8062.418
7597.0,6885.183
6057.0,6839.9277
5831.0,6903.0938
7335.0,6951.816
6861.0,6122.4204
6167.0,5749.643
5457.0,5324.948
5216.0,5363.2915
5468.0,5818.338
5627.0,6194.3076
6895.0,6929.757
7930.000000000001,7946.0195
6826.0,6854.4277
6837.0,6590.0166
7495.0,6737.6626
9347.0,7181.2666
7574.0,7387.9653
6454.000000000001,6881.6387
7196.000000000001,7164.1704
7213.0,7061.618
7322.0,8152.6772
6544.0,6876.741
11788.0,12034.231
9557.0,10142.665
9264.0,8846.793
9571.0,8929.25
8432.0,8889.3125
6361.0,6591.2505
7675.0,7277.775
6041.0,6703.1094
6081.0,6798.8574
7291.0,7284.7
6754.0,7333.26
5388.0,7045.15
11372.0,11990.969
9603.0,9770.407
8218.0,9093.385
9981.0,8874.037
10131.0,8747.995
7557.0,11453.927
8571.0,10116.736
7959.0,9189.04
8968.0,8706.933
8085.0,8679.447
14733.0,13887.572
11239.0,11462.327
10716.0,10540.629
10382.0,10806.893
9382.0,10184.623
9116.0,8610.041
8719.0,10201.032
7756.0,10005.26
7377.0,9403.029
7221.0,8781.071
7904.0,8011.343
7176.999999999999,7896.2046
13709.000000000002,12532.267
10987.999999999998,10234.172
10326.0,9233.574
11466.0,9718.638
12667.0,9838.331
5332.0,5524.855
5958.0,5047.3486
5486.000000000001,5040.675
5791.0,5495.38
6836.0,5983.5337
8436.0,8208.153
6505.000000000001,7236.7134
7078.0,6967.738
6399.0,6943.978
7058.0,7275.1094
7317.000000000001,6618.602
6684.0,6213.782
5567.0,6268.55
5497.0,6088.1675
5786.0,7400.287
6220.000000000001,7097.523
7288.0,6870.599
9184.0,9111.659
6265.0,7558.592
6550.0,7098.6157
7694.0,7415.329
8544.0,7700.897
7270.999999999999,6317.114
6324.0,5493.2383
6303.0,6318.39
6021.000000000001,6289.642
6419.000000000001,6596.9473
4444.0,5826.3276
9932.0,9964.592
8201.0,8466.214
8549.0,7550.706
8675.0,7522.4507
7859.0,7493.3237
5157.0,4410.318
5939.0,6123.766
5668.0,5789.1797
5398.0,5650.5176
5742.0,6312.627
5863.0,6072.443
4835.0,4932.328
8797.0,10441.507
7343.0,8563.436
7971.0,7884.4683
7854.0,7706.628
9135.0,7602.1406
5059.0,5464.739
3861.0,4843.807
5259.0,4826.875
5590.0,4970.911
6243.0,5774.3345
5501.0,6347.046
9453.0,9394.282
8189.0,7644.678
6883.999999999999,7198.6323
7055.0,7206.304
7648.0,7276.5796
4738.0,5879.4053
4510.0,5383.784
3799.0,5068.3755
4374.0,5575.2007
4892.000000000001,5601.0107
5103.0,5843.7754
5393.0,5828.277
9890.0,9806.868
8004.999999999999,8146.027
7426.0,7731.349
7894.0,7669.5244
9806.0,7450.612
7136.0,9876.242
8251.0,9058.753
8225.0,7996.217
8203.0,8368.741
8292.0,7846.617
12724.0,13470.969
11198.000000000002,11695.331
9927.0,10672.658
10174.0,10812.992
8884.0,10252.739
8321.0,8932.522
9675.0,8990.266
7805.999999999999,8783.965
7590.0,8926.846
8109.0,8615.215
7635.0,9302.233
7797.0,9250.773
13639.000000000002,12758.04
11702.999999999998,11137.745
10191.0,9630.924
10216.0,9904.67
11686.0,9789.324
7801.000000000001,6696.5605
7069.0,6149.378
6565.0,6056.933
7370.0,6104.4297
6434.999999999999,6224.1797
6421.0,6069.5815
10694.0,10542.412
9086.0,9297.029
8566.0,7980.364
8323.0,7943.5522
7582.999999999999,7701.904
6691.0,6282.129
7459.0,6396.7104
6208.0,5854.979
6395.0,5717.5728
6574.0,5831.526
5778.0,6205.9814
5365.000000000001,6073.9927
9480.0,9930.912
8591.0,8703.255
7192.999999999999,8345.662
6942.0,8445.18
9564.0,8298.59
5109.0,4937.1
5321.0,5135.093
4591.0,5140.0913
4816.0,5028.6777
3155.0,4395.4585
7186.0,7592.83
7019.0,6475.7207
5728.000000000001,6023.251
5584.0,5897.731
5178.0,5339.609
3833.0,3853.9558
5831.0,4868.5283
4591.0,4555.271
5227.0,4649.7676
4998.0,4630.4927
4640.0,4736.1543
3273.0,3591.9714
7468.0,7158.9575
6908.0,6152.777
6250.0,5679.3364
6250.0,5658.085
7160.0,5294.7104
4490.0,5206.9824
4693.0,4922.5605
4728.0,4977.5547
4268.0,5147.393
5942.0,5386.9214
8043.0,7778.4023
6719.0,6429.936
6741.0,6154.624
5971.0,6122.484
5630.0,6387.4175
5407.999999999999,5551.0337
4588.0,5187.322
3624.0,5021.392
4187.0,4917.418
4361.0,5362.5806
4232.0,6706.0186
5151.0,6397.88
7667.0,8541.852
7191.0,6899.649
7340.0,6337.4907
8197.0,6029.12
8742.0,6253.7173
5824.0,5162.0806
5282.0,5263.0757
5259.0,5167.789
5422.0,5078.7236
6430.0,5624.3804
2781.0,3698.2017
9896.0,10113.322
7915.0,8220.9375
6770.0,7200.3877
6985.0,7029.849
6394.0,6905.501
2888.0,3138.355
5862.0,6531.1387
4906.0,5972.4043
4734.0,5463.945
5309.0,5495.111
4831.0,5413.0757
2711.9999999999995,3739.805
9385.0,10013.719
7249.0,7982.4956
6350.0,7225.2515
8215.0,7007.131
9155.0,6615.3286
5145.0,5447.907
4198.0,4832.885
4908.000000000001,4800.216
5007.0,4676.554
4893.0,5307.6333
5173.999999999999,4640.7993
9283.0,8617.807
7015.0,6854.472
6759.0,6404.767
6204.000000000001,6338.654
5907.999999999999,6361.009
5158.000000000001,4919.1396
4143.0,4624.5195
3736.0,4376.5903
3598.0000000000005,4343.546
3753.0,4323.7656
4134.0,5171.923
4197.0,4900.37
7788.0,8692.664
6346.0,6869.264
5890.0,6237.3076
4945.0,6098.787
7514.0,6230.1426
7547.999999999999,9622.437
7892.0,8884.877
8275.0,8136.675
7655.0,8706.402
7870.0,7395.329
16951.0,14940.66
12139.000000000002,12296.944
12116.999999999998,11385.561
10446.0,11568.382
11431.0,10945.663
8798.0,10201.379
7832.999999999999,10905.968
7496.999999999999,10492.751
7268.0,9748.351
7167.0,8810.841
7140.0,8247.068
9064.0,7706.217
18878.0,15210.233
12868.0,12484.08
13674.0,11641.007
12314.0,11121.205
16556.0,10755.804
4867.0,6048.051
5829.0,5626.034
5903.0,5575.8823
6125.0,5933.6865
6596.0,6689.4263
8787.0,8621.227
6776.0,7419.534
6237.0,7032.6123
6259.0,7094.7104
6684.0,7254.9775
7471.0,6393.617
5401.0,5710.279
5205.0,5386.172
5130.999999999999,5143.195
6122.999999999999,6051.267
5901.0,6629.7954
7264.0,6706.1304
8315.0,7406.3765
7269.0,6345.258
7510.0,6750.705
6985.999999999999,7232.471
8495.0,7620.8115
6661.000000000001,7034.9746
6863.0,6509.763
7132.0,6431.6953
6812.0,6766.278
6973.0,6613.363
11089.999999999998,10490.115
9819.0,8814.267
8007.0,8506.227
9407.0,8705.731
8112.0,8408.088
7198.0,6934.701
6076.0,6985.1807
5288.0,6594.4844
5880.999999999999,6523.621
6632.0,6725.894
6167.0,7486.6753
6305.0,7631.9575
10718.999999999998,10924.465
8896.0,8803.77
7145.000000000001,8199.244
9120.0,8076.9136
9747.0,8197.005
5530.0,6993.978
5461.0,6181.182
5957.0,5600.708
5128.0,5898.045
6251.0,5561.411
10991.0,9425.914
7859.0,8085.3125
7921.0,7953.639
6889.0,7805.1235
6567.0,8183.015
6202.0,6656.612
5619.0,6649.26
4781.0,6432.4453
5069.0,6017.3325
5317.0,5949.5005
5071.0,6409.373
5887.0,6803.271
11324.0,9997.037
8826.0,8044.8135
8294.0,7517.4424
7633.0,7598.3945
8360.0,7588.0596
6976.0,7667.5405
8287.0,7687.8867
8586.0,7915.9805
8160.0,8622.107
6716.0,8783.14
14036.0,12979.8
10388.0,10675.729
10271.0,9778.188
9774.0,9775.219
8676.0,9363.396
7563.0,7005.1846
7909.0,7702.633
6555.0,7677.144
7141.0,8074.834
6924.0,7775.26
6908.0,7649.5835
7047.0,6979.123
12463.0,12037.728
9644.0,9881.491
10046.999999999998,9056.0205
9867.0,9313.446
11470.0,9413.703
3121.0,3714.243
4535.0,3473.682
3969.0000000000005,3491.7214
4359.0,3759.5435
4632.0,4413.919
5517.0,5591.4385
4765.0,5068.9966
5100.0,5056.903
4256.0,5127.7974
5785.0,5237.622
5079.0,4759.969
4419.0,4446.563
3374.0,3983.5808
3724.0,4028.103
3883.0000000000005,4481.4004
4564.0,4948.332
5016.0,5214.5293
5649.0,6054.1436
4863.0,5153.1597
4893.0,4997.6626
5028.0,4983.7334
6621.0,5136.2163
7517.0,7370.5474
7104.0,7024.6626
7031.0,6945.666
6353.0,6482.728
6643.0,6813.027
5122.999999999999,4973.227
9598.0,11150.911
8458.0,9308.993
8736.0,8043.346
7607.0,8101.277
7665.0,8121.1235
4325.0,4649.922
7291.0,7508.027
5774.0,7066.2354
5711.0,7080.119
6723.0,6801.8667
5729.0,6311.645
3872.0,5152.4214
9187.0,10894.375
7569.0,8917.971
8138.0,8411.031
7270.999999999999,8246.013
9062.0,7682.681
8659.0,7858.9087
8560.0,7593.948
8402.0,7427.7065
7516.000000000001,7143.015
9574.0,7913.596
4504.0,4180.8623
15094.0,14610.124
13094.0,12042.233
11143.999999999998,10457.716
10964.0,10167.901
9400.0,9757.324
4305.0,4962.023
7802.0,8491.738
8017.0,8075.25
6618.000000000001,7275.5107
8526.0,7684.7153
7159.0,7543.7744
3806.0,5145.418
15191.0,15524.201
12618.0,12013.926
10658.0,10594.825
11497.0,10657.876
13240.999999999998,9102.948
7917.0,7746.374
6696.000000000001,6350.3066
7135.0,6825.2285
7133.999999999999,6699.278
6522.0,7306.9624
6381.0,5922.2466
12067.0,12312.066
9658.0,10068.954
11044.0,8817.598
9431.0,8910.411
8455.0,8752.622
6393.0,6025.2847
7786.0,7760.962
6086.0,7426.6553
5963.0,7318.1167
5807.0,7835.6533
6484.0,7151.5454
5566.0,6375.32
11209.0,12489.147
9718.999999999998,10138.896
9225.0,9221.761
8327.0,8947.835
11300.000000000002,8697.437
7697.0,6927.488
8060.0,6403.0864
6214.0,6757.2793
8172.000000000001,6870.329
8011.0,7656.132
6893.0,6763.9062
11286.0,11876.617
10000.0,9986.083
8820.0,8901.5
11030.999999999998,9101.313
8510.0,8822.312
6598.0,6509.3037
7675.0,7200.7197
7744.0,6795.233
6367.0,6572.2925
7034.0,7344.5205
6983.0,8347.917
5312.0,7084.6875
10559.0,11699.476
9391.0,10077.394
9088.0,9153.757
9044.0,9209.8545
14939.999999999998,8835.45
5815.0,6725.6953
5372.999999999999,6187.9033
6547.0,5949.1226
6181.0,6129.2153
5382.0,6296.4756
8052.0,9518.438
8232.0,8070.004
7987.0,7301.7275
7652.0,7083.2466
5886.0,7263.7983
6825.000000000001,6278.6694
6227.999999999999,6114.529
6404.0,6016.7607
5661.0,5921.382
5864.999999999999,5810.6167
5493.0,5823.828
4473.0,6146.0083
8228.0,8600.903
8469.0,7169.508
6428.0,6651.743
8125.0,6619.52
8828.0,6818.5806
3812.0,4573.9478
3421.0,4239.135
3472.0,4179.113
3449.0,4174.3564
3538.0,4469.7437
3041.0,4499.7124
5282.0,6585.9604
5277.0,5587.3555
4961.0,5236.5596
4494.0,5201.1924
4148.0,5216.743
3477.0000000000005,3797.2246
3702.0,4156.154
3683.0,3923.2515
3724.0,3875.403
3807.0,3653.0896
3725.0,3804.0598
3106.0000000000005,3330.9358
5454.0,6032.146
4583.0,5283.3228
3636.0,5162.3022
4653.0,5131.4277
5550.0,4955.607
11425.0,11999.028
11588.0,12164.227
11804.999999999998,11939.743
12901.999999999998,11282.458
13525.999999999998,13091.748
16529.0,17154.238
17009.0,14623.931
17846.0,13866.693
14537.000000000002,14297.479
13080.000000000002,13760.366
12147.0,12993.013
12836.0,14079.722
11236.0,13142.362
11761.999999999998,12208.77
11141.0,11265.841
11765.0,10736.937
9423.0,11792.501
15973.000000000002,16905.426
17790.0,14438.726
15244.0,13577.696
14706.0,13156.961
17133.0,12767.238
10114.0,7828.119
8997.0,7404.37
8304.0,7104.513
8896.0,7041.531
8938.0,7728.852
5639.0,5637.4624
12923.0,13563.111
10408.0,11195.513
10352.0,9535.757
9917.999999999998,9479.021
9799.0,9262.016
4862.0,5669.538
9294.0,7757.6924
8121.0,7388.615
7711.0,6799.8257
7726.0,7894.8296
7623.0,7415.1934
4909.0,5339.698
12086.0,12760.516
11280.0,10625.645
9999.000000000002,9920.438
10231.0,9876.425
10760.0,7896.6035
6510.0,6253.63
6174.0,5849.767
5971.0,5937.392
6953.0,5899.5615
7762.999999999999,6479.343
5423.0,5568.455
11753.0,11277.225
8322.0,9375.446
9521.0,8456.796
9004.0,8250.52
9246.0,8102.7876
5753.0,6068.4585
7098.0,7022.6465
5422.0,6703.3413
5372.999999999999,6642.1304
7009.0,7409.4023
7461.0,6600.1855
5379.0,5827.757
13274.0,11016.987
8884.0,9535.963
8646.0,9230.797
9028.0,8889.934
10802.0,7529.5073
14753.0,15100.718
15085.0,15227.703
16304.0,14903.975
15193.000000000002,13889.91
15774.000000000002,14143.433
20668.999999999996,19722.162
19209.0,17341.096
19052.0,17302.232
19289.0,17338.068
16838.0,16118.389
17171.0,14936.618
16062.0,15578.531
16500.0,15693.755
16561.0,15566.1455
16635.0,15388.074
14767.0,16749.162
14584.999999999998,15690.86
20541.000000000004,19079.422
17738.0,17389.21
16739.0,17029.408
19194.0,17035.357
22129.0,17132.467
10337.0,8351.908
8090.999999999999,8173.785
8881.0,7737.3706
9775.0,7529.871
9206.0,7430.4224
5677.000000000001,6020.7075
14383.0,10912.589
13062.0,9671.622
9759.0,9213.014
10121.999999999998,9128.032
8767.0,7054.7104
5232.0,6858.9575
8743.0,8177.208
8511.0,8319.404
6738.0,7942.1475
8856.0,7984.359
7459.0,7617.9585
4988.0,5050.0884
13057.999999999998,13247.1455
12573.0,10531.3
10341.0,9274.581
11088.0,9679.266
12065.0,9240.092
5299.0,6785.9185
5902.0,6395.505
5278.0,5990.3193
5544.0,6304.758
7156.0,6980.4204
11357.0,9843.167
8648.0,8303.405
7571.0,7964.1724
7227.0,8044.1846
8610.0,8309.487
7601.0,7089.02
5581.0,6643.2144
4698.0,6877.304
5280.0,6568.214
5549.0,6271.8076
5328.0,7016.147
7277.0,8110.432
11567.0,10102.754
9096.0,8087.552
9249.0,7711.698
7699.0,7915.989
8807.0,8083.9023
5009.0,6013.2974
5577.0,5955.6865
5697.0,6020.2944
6079.0,6401.4043
6518.0,6447.977
9702.0,9968.374
8518.0,8243.212
7719.0,7607.7734
7286.0,7401.823
7248.0,7321.586
5883.0,6021.1504
6055.0,5741.794
5428.0,5445.3564
5305.0,5543.416
4766.0,6033.4824
5582.0,6282.3496
5435.000000000001,6217.41
10435.0,9803.865
7485.0,7998.345
8184.0,7473.0757
8658.0,7431.391
10007.0,7405.228
7088.0,7713.0127
8152.999999999999,7799.455
8179.0,7726.156
7533.0,8465.768
6815.0,7617.2144
13865.000000000002,13253.586
13100.0,10977.549
11293.0,10006.8955
10900.0,10008.796
8764.0,9579.132
7238.0,7709.067
8831.0,9807.238
7247.000000000001,8809.238
7560.0,8601.875
7631.0,8395.459
7512.999999999999,7858.5967
6179.0,6824.883
13778.0,13777.24
12764.0,11494.153
10614.0,9881.769
10764.0,10015.434
14533.0,9801.197
8698.0,10861.659
8945.0,9989.499
8347.0,9390.884
7652.0,9019.854
7491.0,8307.334
14693.000000000002,14780.629
12506.0,12262.377
11196.0,11089.811
10978.0,11409.933
10190.0,10817.387
8472.0,9244.605
8790.0,11813.697
8375.0,10336.663
7198.0,9906.547
8329.0,9232.215
7672.0,8321.589
6721.0,7956.4775
13079.0,13902.133
11052.0,11450.298
9435.0,10228.105
10708.0,10176.123
11506.0,10090.537
11928.0,8926.871
10743.0,8250.9
10554.0,8657.357
10798.0,8378.818
10083.0,10290.583
8827.0,9762.827
16022.0,13848.876
14582.0,12680.71
13389.0,10554.145
13109.0,11261.252
10777.999999999998,10621.798
7555.0,8065.502
11054.0,10458.622
10100.0,10690.661
8989.0,9927.127
9681.0,9579.854
9265.0,10172.378
6751.0,8926.683
13341.0,16996.562
11261.0,13787.676
12428.0,11678.291
12000.0,11666.56
13404.0,10552.056
11380.0,11297.699
9238.0,10253.278
9927.0,9896.277
9844.0,9502.359
10478.0,11147.541
11009.0,10665.831
16651.0,15647.695
12899.0,13595.426
15205.0,12009.524
13803.0,11883.931
12964.0,11316.05
9931.0,8614.643
10871.0,9318.43
9022.0,8661.416
8938.0,8319.971
9138.0,9043.196
9514.0,9583.683
8631.0,9371.5625
16249.0,16571.752
13157.0,13764.241
13106.0,12158.784
11936.0,12367.136
16172.000000000002,11940.876
4853.999999999999,6052.409
4403.0,5374.5996
4789.0,5189.9727
5333.0,4911.8926
2186.0,3469.846
7648.0,8487.362
6405.0,7083.2896
5574.0,6208.3916
6286.0,6060.4043
5109.0,6002.5625
2573.0,2853.375
4734.0,5156.758
4394.0,4698.011
3766.0000000000005,4532.461
4733.0,4411.7075
4536.0,4637.7773
2132.0,2939.8652
7812.0,8038.579
6129.0,6487.652
5232.0,5830.322
6777.0,5760.81
8431.0,5424.1235
5673.0,7510.9385
5928.0,6813.858
6356.0,6374.7715
6280.0,6186.6543
3997.0,4476.017
11620.0,10568.01
8681.0,8977.504
8426.0,8324.367
7198.0,8152.1196
6464.0,7574.7183
4293.0,4927.342
6762.999999999999,8392.639
5706.0,7556.695
5354.0,7474.966
5870.0,6632.0835
5718.0,6016.775
3738.9999999999995,4633.3467
10395.0,10185.138
8082.999999999999,8291.257
6421.0,7321.41
6805.0,7180.023
7261.0,7290.3135
4637.0,6211.03
5489.0,5725.24
5465.0,5383.4526
5347.0,5649.281
4652.0,6310.7437
9093.0,8756.529
6240.0,7545.3564
6131.0,6807.1924
6058.0,7070.3735
5700.999999999999,6837.7812
5313.0,5776.215
5383.0,5664.743
4096.0,5750.2266
4364.0,5668.863
4877.0,5543.5605
5081.0,5236.5293
5226.0,5948.566
8457.0,7672.745
7590.0,6240.817
6035.0,5821.932
6852.0,5764.679
8124.0,5838.7627
6732.0,7369.347
7524.000000000001,6907.1055
7112.0,6951.083
8024.000000000001,7409.379
8851.0,7505.8584
12498.0,11586.146
9908.0,9894.347
8977.0,9151.026
7796.0,9386.203
9882.0,8982.073
8893.0,7701.5566
7762.0,7598.364
6379.0,6966.1978
6649.0,6539.505
7948.0,6650.58
7615.0,7540.0195
8853.0,8783.958
13142.0,10444.743
10603.0,8887.915
9827.000000000002,8695.215
8920.0,9013.801
10549.0,9300.639
3542.0,3792.693
3193.0,3893.2043
3946.0,3820.0962
3842.0,3551.4402
2467.0,3617.4436
4962.0,5298.7485
4861.0,5008.545
4386.0,4838.291
3829.0,4678.8184
3969.0000000000005,4601.538
2646.0,3499.2964
3675.0,4391.687
3015.0,3912.1309
2545.0,3698.555
3261.0,3568.1091
3177.0,3502.8176
2371.0,2748.641
5204.0,5298.754
4458.0,4732.6367
4053.0,4223.363
3434.0000000000005,4194.8105
4966.0,4294.5737
9726.0,9368.533
9137.0,9264.066
9813.0,8937.092
10788.0,9161.772
9579.0,9266.486
5563.0,6664.353
15782.0,16296.341
13762.0,13689.863
11444.999999999998,11610.094
12708.0,11267.095
9255.0,10296.381
5616.0,6478.888
10118.0,12109.911
8835.0,10709.287
8392.0,9619.437
9983.0,9383.009
7972.0,8596.1875
5012.0,6211.2124
14853.999999999998,16087.261
13222.0,12922.109
10607.0,11064.094
14092.0,11067.31
13780.0,9009.379
5108.0,6760.178
5118.0,5901.822
5108.0,5534.548
5414.0,5293.1323
4307.0,4148.427
8583.0,8778.242
7813.0,7388.39
7293.0,6608.257
6696.000000000001,6619.682
5923.0,6096.3306
4429.0,4691.6943
5148.0,6253.114
4778.0,5714.9478
4649.0,5689.1387
4550.0,5200.3184
4512.0,5060.625
2745.0,4625.3413
8030.0,8299.556
7060.0,6825.4424
7225.0,6124.154
6727.999999999999,6054.3223
8130.0,6077.1196
4426.0,5294.7324
3781.0,4796.297
4645.0,4770.201
4241.0,4795.598
4995.0,5302.676
4891.0,5205.378
7918.0,8135.0513
6406.0,6568.306
6574.0,6229.6865
6748.0,6124.7285
7355.0,6295.1084
5025.0,4956.4224
5025.0,4779.995
4395.0,4480.298
3999.0,4512.4233
4585.0,4693.6587
4427.0,5259.2715
5044.0,5253.0376
7546.0,8749.013
6597.0,7475.6133
6270.0,6972.7334
7098.0,6967.3086
8246.0,6885.207
4989.0,5383.522
5155.0,5117.3633
5810.0,5319.094
5564.000000000001,5655.3765
4960.0,5713.6436
7964.0,8051.4927
6897.0,6770.606
6436.0,6435.4897
5981.0,6443.402
5552.999999999999,6436.2583
4770.0,5389.027
6041.0,5460.094
4629.0,5158.873
4301.0,5292.544
5272.0,5225.115
4687.0,5436.4556
5860.0,5107.0195
8415.0,7962.941
7995.0,7122.7744
6440.0,6742.991
6960.0,6791.5635
6917.0,6857.253
8082.0,8285.903
7028.999999999999,7288.707
8159.0,7529.7227
7528.0,6906.0527
7383.999999999999,8185.934
5177.000000000001,5905.284
12555.0,13955.868
9931.0,11106.088
11208.0,9670.804
9170.0,9643.408
8614.0,9308.326
5437.0,5588.205
8668.0,7773.074
7687.0,7513.327
6691.0,7215.496
7092.0,8074.0264
6910.0,7366.173
5157.0,5685.6704
12339.0,13198.899
11806.0,10671.641
10147.0,9794.535
9654.0,9634.842
11084.0,8706.283
7706.0,6928.278
7445.0,6891.642
7680.000000000001,6810.527
6910.0,6123.1387
6077.0,6634.7046
2701.0,4258.366
11078.0,11555.378
10754.0,9606.038
9495.0,8372.115
7375.999999999999,8403.47
6831.0,8117.816
3540.0,4035.4468
7304.0,7288.753
6254.0,6763.2773
5859.0,6169.0356
6594.0,6280.187
5792.0,6866.907
3299.0,3985.6396
11092.0,12159.652
9696.0,10079.082
9001.0,8824.15
8706.0,8699.335
8951.0,7480.6494
5208.999999999999,4817.176
4071.0,4412.074
5274.0,4368.454
5708.999999999999,4481.2866
5570.0,4962.5874
6439.0,5579.962
9405.0,7518.0454
7053.0,6277.9907
6059.0,6168.414
5370.0,6399.7524
4988.0,6237.619
5852.0,5129.8193
6098.0,4765.1445
3950.0,4669.068
4307.0,4668.613
4495.0,4979.7227
4736.0,5560.8364
5155.0,5525.6553
9815.0,6997.9346
7797.999999999999,6010.9365
6809.0,5784.437
6815.0,6038.2954
6904.0,6251.275
7006.0,7287.2583
6966.0,7113.605
6743.0,7130.709
7092.0,7079.5503
4652.0,5363.911
11754.0,10664.064
9798.0,9308.113
8514.0,8489.408
8011.0,8724.476
7499.0,8231.374
5083.0,5583.854
7030.0,8455.402
6942.999999999999,7898.258
6258.0,7838.9243
6634.000000000001,7210.869
6447.0,6603.8403
4343.0,5469.842
10232.0,10776.752
8546.0,9173.275
7598.0,8199.519
8227.0,8237.816
8698.0,8176.2344
4174.0,5231.672
5410.0,5057.1104
4656.0,5142.1235
4499.0,5035.01
3091.0,3809.1028
7379.0,7867.6284
6167.0,6790.501
6417.0,6247.461
5879.0,6058.51
5264.0,5663.177
3131.0,3688.6245
5130.999999999999,5276.098
4960.0,4926.1514
4532.0,4948.8545
4588.0,4922.0205
4417.0,4995.496
3113.0,3756.11
7862.0,8006.3564
6700.0,6657.888
6528.999999999999,5907.757
6772.0,5833.8545
6690.0,5892.961
3207.0,4456.5615
3621.0,4433.731
3452.0,4639.2715
3647.0,4560.802
2813.0,3106.1445
7592.0,8121.6816
6255.000000000001,6592.405
5317.0,5862.5703
5185.000000000001,5804.964
4690.0,5553.3774
3431.0,3455.1433
2455.0,4613.9873
2985.0000000000005,4096.9497
3212.0,4087.8071
3073.0,3908.5596
3400.0,3861.8284
2377.0,2701.9165
7645.000000000001,7444.832
6433.0,5804.882
4589.0,5434.784
5084.0,5204.4375
5569.0,5022.696
5278.0,6277.253
5968.0,5823.2017
6324.0,5575.0005
6420.0,6030.4946
7772.0,6020.16
10084.0,9320.664
8260.0,8185.0347
7960.0,7926.535
6966.0,7656.9854
8260.0,7748.186
7668.999999999999,6621.709
7068.0,6302.9785
5555.0,6115.7744
5679.0,5924.2847
6160.0,6853.5938
6805.999999999999,7081.0195
7768.0,7215.483
10677.0,9722.137
7878.0,8160.9424
8266.0,7695.0605
7903.000000000001,7751.643
10916.0,7893.3887
3402.0,4331.723
3480.0,3884.9336
3957.0,4258.7407
4388.0,4119.403
3850.0,4446.821
5171.0,5635.572
4523.0,4959.1543
4777.0,4844.166
4534.0,4838.1973
4667.0,5207.368
3598.0000000000005,4645.076
3869.0,4391.4443
3822.0,4005.5576
2974.0,4036.6846
3919.0,4256.4565
3736.0,4105.305
4254.0,4276.1465
6360.0,5338.0093
4977.0,4395.2915
4373.0,4384.41
4843.0,4288.0557
6393.0,4617.1113
3818.0,5275.0874
4170.0,5157.9976
4246.0,4968.774
4384.0,4750.5103
4386.0,5316.345
6889.0,6857.775
6329.0,5831.363
5960.0,5591.173
5025.0,5487.729
6191.0,5636.7534
4307.0,5041.0063
4418.0,4632.262
3804.0,4313.5034
3721.0,4300.7314
4433.0,4455.619
3978.0,4980.565
4656.0,5206.0493
8411.0,7111.8833
6338.0,5778.1045
5885.0,5723.317
6129.0,5779.845
7985.0,5905.545
5081.0,5217.325
5237.0,5364.6025
5673.999999999999,5164.4897
5067.0,5650.4414
5126.0,5422.807
8400.0,8978.786
8172.000000000001,7539.9814
6545.0,6943.6987
6614.999999999999,6857.4673
6522.0,6790.1343
5861.0,5367.0254
5644.0,5351.1514
5110.0,5165.789
5017.0,5378.2793
6182.0,5527.6816
5026.0,5908.9663
5205.0,5860.5728
8372.0,8977.889
7925.0,7454.932
7375.0,6908.5435
9211.0,6874.4146
7235.0,6738.822
4147.0,5048.523
5296.0,5283.5186
5207.0,5339.242
5035.0,5887.352
4914.0,5293.506
9650.0,9477.402
8420.0,7938.581
7943.0,7149.688
6753.0,7307.4517
6801.0,7175.7124
5570.0,4884.1924
5066.0,6588.1655
4407.0,6714.287
4553.0,6640.5415
4045.0,5818.2524
4797.0,5643.6074
3612.0,4657.159
9394.0,9274.92
8175.0,7684.6646
7659.0,7066.206
6812.0,6865.034
7959.0,7194.7246
5849.000000000001,9739.366
8676.0,8864.28
7778.0,8225.131
8652.0,8436.17
8925.0,8576.706
14091.000000000002,12973.082
11327.000000000002,11350.572
10046.0,10656.71
9373.0,10406.029
10040.0,10086.698
9145.0,9293.556
8951.0,9436.187
7466.0,9239.829
6629.0,8701.406
8716.0,8200.761
8577.0,8067.571
10270.0,9147.72
13872.0,12120.438
10899.0,10298.283
10528.0,9801.273
10325.0,9944.883
12977.0,9742.078
6584.0,8701.286
7788.0,8194.34
7738.0,8206.085
8632.0,9324.896
10641.0,11212.635
10993.0,12445.052
9552.0,10677.701
8362.0,10238.159
8663.0,10843.534
9260.0,10900.483
12263.0,10079.749
9267.0,9370.377
7225.0,8672.253
6676.0,8631.558
8851.0,10777.426
8998.0,11061.293
12898.0,11653.829
12189.0,10833.759
11699.0,10170.749
10413.000000000002,9945.137
10247.0,10907.515
12027.0,11626.719
6327.0,6092.4175
6216.0,5912.327
6959.0,5833.139
6456.0,6117.4565
4141.0,4921.3047
9773.000000000002,9468.343
9366.0,8308.47
7577.0,7514.159
7421.0,7619.703
6869.0,7612.0215
4653.0,5294.845
7301.0,7165.2363
6245.0,6573.789
5716.999999999999,6674.826
6873.0,6839.1567
6165.0,6045.124
5564.000000000001,5188.547
10508.0,10387.372
9334.0,8849.02
7899.0,7889.5386
8642.0,7989.6313
10228.0,7639.1367
5094.0,5813.439
6222.0,5639.2144
5311.0,5612.743
6215.0,5982.982
6889.0,6513.8154
8725.0,8760.907
7109.0,7421.3276
6512.999999999999,7118.9766
6316.0,7152.168
7566.0,7156.5503
7679.0,6933.9766
6592.0,5957.889
5622.0,5818.7837
5359.0,5369.9624
6027.0,6535.58
6784.0,7349.7764
7853.0,8130.4946
8430.0,8724.633
7052.0,7571.5625
6684.0,7553.623
7278.0,7797.342
7805.0,8033.0625
6889.0,4918.43
5302.0,4932.3906
5834.0,4861.992
5495.0,5484.5474
6168.0,6841.9927
5981.0,6821.3896
9256.0,8352.44
7481.000000000001,7051.0547
7076.0,6863.167
6768.0,6959.21
6133.0,6995.4316
6130.0,6109.005
5732.0,5349.197
4915.0,5205.101
6327.0,5077.2646
5841.000000000001,5049.9536
5987.0,5452.9863
6883.0,5891.459
8180.000000000001,8021.834
7031.0,7067.6724
7210.0,6789.031
7257.0,6734.5386
7713.0,6281.2393
11701.0,8857.105
9731.0,8065.918
10236.0,8337.432
9716.0,8129.723
10591.0,9992.705
10858.999999999998,10480.387
16014.0,14510.815
13684.0,12274.314
12930.0,11079.026
13610.0,11102.232
11387.0,10643.668
10579.0,9003.032
10411.0,8878.312
9375.0,8337.606
9034.0,8034.6475
9419.0,8091.6284
9013.0,9331.712
8938.0,9317.075
13850.0,15936.72
12498.0,13564.521
12159.999999999998,12477.629
12627.999999999998,12435.565
13376.0,11978.656
5673.999999999999,6794.475
5938.0,6612.566
6305.0,6452.8
5483.0,6371.1885
4977.0,4159.924
9610.0,11564.575
8125.999999999999,9353.992
8788.0,8707.926
7549.0,8188.8896
6399.999999999999,7648.1953
5188.0,5284.181
6455.0,6556.9067
5304.0,6099.133
5370.0,6129.5293
5634.000000000001,5787.376
4732.0,5414.0967
3344.0,5095.8623
8354.0,10208.167
8808.0,8229.504
6782.000000000001,7546.6743
7434.0,7205.99
9051.0,6912.4575
3968.0,6522.679
4434.0,5523.759
4374.0,5015.026
4905.0,5027.5337
2939.0,3497.781
8158.0,8158.202
6506.0,7166.83
6458.0,6479.2593
5569.0,6513.293
6006.0,5825.8066
3241.0,4276.86
4233.0,6737.1416
4038.0,5843.329
3781.0,5749.918
3665.0,5172.1226
4865.000000000001,4676.197
2001.0,3694.97
7904.0,8086.2124
6205.0,6618.4316
5312.0,5989.9683
6038.0,5920.021
8180.000000000001,5994.9043
5359.0,5481.6167
4654.0,4827.195
4907.0,4820.908
4747.0,4619.759
4974.0,5289.408
3613.0,5228.87
7199.0,8072.798
6367.0,6616.815
6552.0,5962.226
5637.0,5990.122
5320.0,5776.6777
3444.0,4305.593
4954.0,4772.1646
4118.0,4657.0835
4023.0,4409.5044
4370.0,4481.036
3661.0,4950.07
3176.0,3778.6216
6604.0,7956.341
5226.0,6721.8804
4814.0,6273.8813
5614.0,6099.838
8159.0,5993.7974
3763.0,5001.413
4777.0,4534.7397
4455.0,4540.9575
4234.0,4868.2466
5130.0,5127.901
6502.0,6802.9443
5592.0,6011.127
5146.0,5730.6978
5060.0,5882.6885
5329.0,5988.6357
5107.000000000001,5355.7856
4946.0,5385.0415
4460.0,5029.4053
4197.0,4965.361
4456.0,5143.757
4230.0,5128.067
5414.0,5452.743
8349.0,6649.7046
6268.0,5762.1406
5170.0,5449.349
5767.0,5521.87
6377.0,5840.761
10897.000000000002,7700.24
7128.0,7273.9375
9415.0,7286.2305
9804.0,7941.306
8622.0,9107.45
10929.000000000002,10344.312
12920.0,10976.111
9945.000000000002,9791.454
9873.0,9566.963
8565.0,10162.195
10334.0,10244.613
11605.0,9011.035
10303.0,8472.31
8710.0,8406.623
8683.0,8251.263
8236.0,8129.7266
8620.0,9044.164
12345.0,10356.88
13778.0,10976.494
12917.0,10399.951
11965.0,9603.446
13964.0,10520.472
14471.0,11474.583
4452.0,4716.1714
3892.0,4201.999
4114.0,4221.3374
4061.0,4140.77
4676.0,4474.308
4287.0,4485.781
4936.0,5976.6943
6046.0,5094.2197
4978.000000000001,5020.163
5185.000000000001,5075.266
5197.0,5078.0137
4143.0,4501.1113
3828.0,4277.77
3340.0,3987.5803
3300.0,4224.4624
3588.0,4360.83
3769.0,4464.9624
3352.0000000000005,4509.9243
4732.0,6319.1714
4230.0,5378.9814
4540.0,5093.7534
4676.0,5035.8574
5017.999999999999,5031.11
12850.0,10894.311
12828.0,11419.198
14447.0,10507.265
10689.0,9252.849
17458.0,11745.123
11016.0,10669.628
10866.0,10415.327
10096.0,11166.142
10993.0,10899.433
11836.0,10107.805
8831.0,9046.395
15075.000000000002,13930.98
13896.0,11372.811
12383.0,11168.426
11884.0,11113.166
12482.0,12190.399
13242.0,11043.528
10330.0,8037.733
18497.0,13008.812
10279.0,10616.23
10082.0,10041.309
9807.0,11182.8125
10044.0,11408.775
11137.0,10597.163
9328.0,8561.443
16014.0,13332.67
12469.0,11406.487
10632.999999999998,11355.94
11417.999999999998,11511.591
11100.999999999998,12182.109
13331.0,10812.875
6455.0,6354.275
6339.0,6093.2354
6066.0,6250.8306
7131.0,6790.712
7358.0,7553.4795
9061.0,10942.789
7247.000000000001,9122.666
7955.0,8196.179
7966.0,8149.113
6778.0,8148.8784
6795.0,7204.114
6750.0,6529.54
5420.0,6172.6567
5999.0,5911.833
5434.0,6395.067
5804.0,6987.512
5241.0,7655.243
8262.0,10039.028
6272.0,8486.386
6493.0,8099.0073
7076.0,8061.3604
10141.0,8415.331
3031.0,3108.3682
2949.0,2887.8804
2650.0,2870.4036
2913.0,2786.2866
1824.0,2513.9978
4089.0,4873.4937
3246.0,4450.6055
3780.0,4078.6174
3027.0,4116.455
3080.0,4021.843
2093.0,2640.3276
3153.0000000000005,3760.462
2939.0,3447.5364
2510.0,3210.958
2791.0,3368.07
2754.0,3237.0789
1481.0,2675.1118
4638.0,4875.686
3624.0,4305.358
3014.0,4024.6653
3150.0,4109.512
4744.0,3626.6394
4428.0,5581.075
4228.0,5212.948
4097.0,4659.5566
4290.0,4670.4336
3516.0000000000005,3823.4734
6563.999999999999,7380.0684
6845.0,6312.498
6015.0,5905.3677
5246.0,5977.525
4867.0,5767.219
3500.0,5751.2334
4066.9999999999995,6242.0166
4081.0,5808.2573
4227.0,5388.446
3221.0,4957.396
3861.0,4585.287
3416.0,4387.807
6805.0,7308.387
5528.0,6013.8545
6006.0,5546.857
5125.0,5366.0366
5535.0,5603.4375
5159.0,6133.553
5315.0,6116.8936
4886.0,6274.4785
5384.000000000001,6618.9746
5723.0,4941.08
8941.0,11438.439
9428.0,8928.048
9230.0,7848.784
7781.0,7782.4883
7342.0,7597.124
7575.000000000001,5178.276
6656.0,7170.6733
5441.0,6679.317
5887.0,6635.666
8389.0,6319.9116
6243.0,5971.977
6453.0,5365.6836
12588.0,10130.381
9562.0,8371.494
8386.0,7996.4546
12943.0,7897.5767
10228.0,7830.684
5110.0,5849.682
6459.0,5700.17
6030.0,6172.711
5889.0,6437.905
5910.0,7293.929
10123.0,9156.049
7827.0,7718.371
6719.0,7221.177
6049.0,7556.9746
6738.0,7460.5454
7028.999999999999,6222.026
6996.0,5901.086
5388.0,5513.7466
5029.000000000001,5619.8325
6474.0,5794.8203
6010.0,6608.85
6969.999999999999,7175.5806
9436.0,8719.788
8141.0,7168.683
7202.0,7167.0425
7610.000000000001,7334.563
7940.0,7467.5986
3675.0,4806.9473
4392.0,4803.8335
4400.0,4896.195
5223.0,5065.024
4606.0,4912.8735
7875.999999999999,7395.981
5803.0,6457.816
5628.0,6158.707
5708.0,6064.072
5622.999999999999,6090.3413
5302.999999999999,5371.169
4501.0,5295.7856
4040.0,5129.585
3715.0000000000005,4960.793
4729.0,5064.5767
4962.0,5125.8677
5236.000000000001,4752.048
7494.0,7153.6
5509.999999999999,5960.378
6049.0,5690.539
6145.0,5751.1846
6999.0,5874.5757
6131.0,7420.6924
8874.0,6958.3486
8330.0,7490.351
8243.0,7650.5957
9407.0,8828.034
11535.0,10339.905
9488.0,8816.484
9136.0,8460.899
8690.0,8834.105
9680.0,8848.227
8946.0,7849.652
8373.0,7681.5547
6729.0,7645.649
7421.0,7315.227
7660.0,8278.957
8128.0,7799.957
9373.0,9016.761
12668.0,10258.366
9432.0,8905.433
10118.0,8376.032
10116.0,8942.434
11245.999999999998,9347.982
8073.0,9794.984
7857.0,9214.324
8882.0,8430.96
8800.0,8119.996
8699.0,8542.945
14347.0,12378.772
10686.0,10609.844
10636.0,9896.724
11122.0,10155.401
10293.0,9861.688
8230.0,8996.737
9251.0,9416.21
7496.999999999999,9046.118
7469.999999999999,9148.126
8457.0,9390.373
7458.0,8800.423
7519.0,9167.063
12245.0,12321.384
10129.0,10533.949
9466.0,9658.507
10765.0,10230.9795
12369.0,9853.495
12070.0,10627.671
10313.0,9963.399
10062.0,9962.297
11148.0,9277.123
9987.0,9251.695
6798.000000000001,7682.0557
14549.0,16155.784
14009.0,13590.89
13541.0,12153.773
13226.0,11777.866
12525.0,11076.702
8597.0,6809.986
12083.0,11273.656
10861.0,11223.796
11104.0,10793.447
11301.0,10831.122
10960.999999999998,9011.86
7481.000000000001,7069.791
15917.0,16242.192
13497.0,14066.861
14509.999999999998,12270.117
13839.0,12191.655
13988.0,10848.056
7640.0,6365.2256
7817.000000000001,5954.3813
7351.0,6032.291
4559.0,3653.8027
1292.0,4001.1208
6749.0,5477.708
5636.0,5526.837
5891.0,5688.18
5497.0,6111.4126
5275.0,4835.3037
3909.0,3923.825
2057.0,2882.766
8554.0,9214.28
8290.0,7196.029
8208.0,6345.385
6709.0,6121.058
7355.0,6283.8013
4907.0,4533.6685
1952.0,3593.864
6452.0,7307.1616
5535.0,6324.446
4824.0,5123.858
5848.0,6216.6035
5855.0,5828.463
4279.0,4420.588
2143.0,2668.7139
7754.0,9674.955
7106.0,7491.9043
7040.000000000001,7320.1777
7092.0,6462.7603
8970.0,6679.621
7769.0,8416.733
9404.0,7983.527
9827.000000000002,8424.895
10074.000000000002,9615.206
10596.0,10287.419
14209.000000000002,12762.851
10530.0,11430.437
10039.0,11271.983
8575.0,11791.042
9992.999999999998,11565.273
10496.0,10579.694
8085.0,10478.993
6557.0,10343.688
7137.0,9896.753
9731.0,10124.517
9314.0,9801.868
10390.0,11586.02
12449.0,12324.959
10558.000000000002,10858.611
10680.0,10596.441
11115.0,10993.732
12333.0,11428.416
2772.0,3338.0015
3042.0,2993.5645
2597.0,2836.2268
2596.0,2837.8958
2009.0,2445.2341
4116.0,4697.3877
3980.0,4409.571
3579.0,4008.4966
2728.0,4015.1848
3121.0,3862.7578
2112.0,2515.9302
2995.0,3925.2168
2521.0,3455.4526
2668.0,3360.6843
2607.0,3249.4329
2650.0,3014.8838
1678.0000000000002,2819.5056
3700.0,4882.2075
3033.0,4336.9478
3301.0,3990.231
3405.0,4117.28
3142.0,3960.9421
5685.000000000001,5035.2944
4633.0,4720.05
5599.000000000001,4650.354
5315.0,4721.1543
5083.0,5790.4224
4575.0,4982.525
8233.0,7810.718
6724.0,6535.6284
5758.0,5879.2847
6312.0,5908.433
5843.0,5785.929
3820.0,4322.8066
5111.0,5049.119
4077.0,4864.0596
4406.0,4802.316
4577.0,4808.8755
4748.0,5162.71
3776.0,4377.4277
7701.0,7652.4985
6372.0,6479.5034
5681.0,6118.1274
6333.000000000001,6197.248
7465.0,5924.9185
5781.0,5668.763
4325.0,5183.2495
7378.0,5242.2563
6364.0,5480.9907
7469.999999999999,6161.509
8582.0,7836.714
11202.0,7852.844
10075.0,6861.624
8028.0,6873.9463
6354.0,6943.267
6169.000000000001,6378.4272
7724.0,5768.0176
7132.0,5537.595
5180.0,5498.7153
5095.999999999999,5823.899
6329.999999999999,5934.0913
6246.0,7632.4575
8025.0,6654.5093
12158.0,7790.3613
9544.0,7116.369
8818.0,7596.742
7596.0,7473.0264
9287.0,7608.675
4941.0,4498.3887
4148.0,4582.5786
5876.000000000001,4620.6016
5347.0,4447.1465
5129.0,5771.6577
4106.0,4711.9336
8211.0,8150.861
7012.0,6647.9067
6338.0,6218.381
6112.0,6083.2007
5561.0,5969.9014
3600.0,3353.2434
4867.0,5001.7144
3877.0,5009.467
3683.0,4850.031
4392.0,4840.1216
4452.0,4949.99
3762.0000000000005,3684.9087
8634.0,8274.113
6563.0,6735.0513
6715.0,6197.257
6078.0,6129.7197
6735.999999999999,5534.0835
6402.0,6478.1587
5726.0,5652.042
5675.0,5992.721
5487.0,6018.6514
5837.999999999999,6678.3296
5766.0,5788.7437
11390.999999999998,10984.972
8023.0,9013.537
8246.0,8070.6865
7714.0,7815.9956
7072.0,7746.831
5344.0,4961.7236
6395.0,6892.2456
5487.0,6008.521
5531.0,6156.882
5650.000000000001,5971.819
5355.0,6263.2295
4635.0,5298.0776
10117.000000000002,11010.533
8225.0,9022.546
6624.0,8405.33
6905.0,8112.816
8562.0,7941.3457
5023.0,4796.943
5500.0,4973.283
4450.0,4951.28
6016.0,5160.229
3353.0,4351.1904
7545.0,7909.8364
6954.000000000001,6783.376
5509.999999999999,6149.984
5488.0,6050.7407
6475.0,5844.5913
3634.0,3767.6243
5032.0,5370.414
4648.0,4865.441
4212.0,4954.8945
4509.0,4756.137
4836.0,5285.3643
3163.0,4200.195
7240.0,7615.9473
6215.0,6503.402
6215.0,6038.5103
6681.0,5989.344
8230.0,5819.6206
5796.0,5869.9263
5845.0,5459.5527
5135.0,5385.745
6262.0,5629.1357
6690.0,6625.741
8973.0,8211.595
6888.0,7111.0664
6467.0,6838.3564
6819.0,6926.5317
6524.0,7073.268
6475.0,6585.792
6152.0,5898.438
4605.0,5622.3125
4361.0,5246.334
4941.0,5244.175
5309.0,5784.7354
5107.000000000001,6505.366
7534.0,8239.749
6522.0,6748.3877
6657.0,6386.6987
6399.0,6500.8906
8718.0,6794.1123
3408.0,4355.8486
3725.0,4136.736
3513.0,4008.435
3919.0,4266.1367
4507.0,4269.6826
6196.0,6381.3574
5291.0,5495.969
5388.999999999999,5381.8916
4777.0,5450.35
5294.0,5435.7954
4693.0,4597.3867
3583.0,4344.1284
3263.0,4081.68
3349.0,4074.9055
3316.0,4595.326
3382.0,4476.396
4891.0,4798.604
7047.999999999999,6488.3984
6292.0,5450.889
5776.0,5221.056
5809.0,5134.347
7477.999999999999,5268.2354
4914.0,5184.4297
3913.0,4700.912
4344.0,4655.7573
5233.0,4395.9434
5216.0,4719.399
3534.0,3964.043
7998.0,7658.0396
6038.0,6378.67
6659.0,5824.7856
5405.0,5883.683
5706.0,5821.126
3324.9999999999995,3939.9922
4950.0,5787.601
3816.9999999999995,5158.4263
3565.0,5085.3354
4772.0,5015.282
4692.0,5090.416
4127.0,4161.482
7967.0,7837.657
6391.999999999999,6342.714
5215.0,5902.46
5920.0,5741.9756
7055.999999999999,5783.4766
11771.0,9613.695
8235.0,8779.183
10526.000000000002,8597.682
11718.999999999998,9150.448
10691.0,10189.31
14428.0,12515.688
16116.0,12545.157
13731.0,11230.018
11752.000000000002,11045.8545
10334.0,11717.979
11785.0,12027.23
13201.0,10796.079
11312.0,9993.736
9264.0,9485.611
8752.0,9610.44
9854.0,10109.836
9890.0,10883.413
13672.0,11852.947
14893.0,13420.929
14132.0,13132.855
12684.0,12009.035
12129.0,12271.061
14441.0,12626.943
6563.999999999999,7880.116
6799.0,7182.51
7391.0,7321.964
8129.000000000001,7842.517
11804.999999999998,8919.06
8489.0,10113.904
9017.0,9015.98
9234.0,8876.008
9660.0,9404.3125
8130.0,9011.549
10753.0,7904.037
7544.0,7591.906
6995.0,7135.14
6944.0,7293.941
7867.999999999999,8084.082
9010.0,8439.309
8043.0,9850.331
9681.0,8683.377
9959.0,7886.317
9298.0,8014.5996
9424.0,8316.319
11042.000000000002,9068.091
3721.0,5847.464
3794.0,4916.1787
4357.0,4594.0337
4375.0,4606.7783
2440.0,3139.9314
6206.0,7394.0137
5410.0,6439.7905
5931.0,5893.0967
5364.0,5827.4116
4876.0,5250.881
2394.0,3710.0579
3853.0,6317.037
3637.0000000000005,5473.5444
3650.0,5309.3906
3980.9999999999995,4958.31
4099.0,4113.653
1977.0,3227.914
7145.000000000001,6992.1514
6149.999999999999,5886.089
4720.0,5256.0366
5561.0,5189.782
7952.0,5000.85
6765.0,5039.3833
4692.0,4479.143
4965.0,4440.225
4631.0,4640.486
5155.0,5034.501
5465.0,5443.464
7506.0,7083.034
6507.0,6069.5513
5463.0,5637.4326
6041.0,6146.4272
5418.0,6011.9233
4999.0,5840.4565
5535.0,4983.1885
4324.0,4579.2534
4006.0,4466.9043
4314.0,4439.415
4316.0,5043.491
4619.0,5413.109
5932.0,7296.3438
5085.0,6341.654
4915.999999999999,5867.021
4704.0,5755.272
5700.0,5880.7686
7590.0,8894.886
7862.0,8270.691
8399.0,8128.6655
7429.0,7870.4907
4861.0,5798.53
11977.0,12063.45
9693.0,10325.386
9561.0,9840.133
9886.000000000002,9675.831
8727.0,8653.018
5464.0,6203.927
8064.0,8553.408
6770.999999999999,7933.1753
7265.0,7950.2397
7436.0,7676.992
7439.0,6990.4287
4559.0,5991.305
11303.0,11168.946
9296.0,9505.544
8621.0,8490.839
8584.0,8638.641
8924.0,8560.135
7594.000000000001,10532.555
9326.0,9807.162
9065.0,8506.608
8910.0,8170.0312
7641.0,6356.325
14873.0,14582.167
12818.0,12129.628
13895.0,11038.028
10733.0,10780.016
9630.0,9806.213
8261.0,7048.427
10163.0,8600.6455
9327.0,7984.217
9447.0,7921.2764
9609.0,7595.816
8873.0,7928.801
8275.0,6479.9146
15058.0,14317.227
13103.0,12164.804
12544.0,10470.611
11944.0,10534.007
13829.0,10055.771
6946.000000000001,7287.4316
6952.0,6996.156
9189.0,7159.552
6510.0,7863.8516
8876.0,8230.173
11413.000000000002,10418.173
9711.0,8658.266
9073.0,8708.17
11162.0,9167.242
8768.0,9662.012
10702.0,8234.579
7458.0,7546.0757
7211.999999999999,7568.7197
7500.0,7390.1743
9251.0,8813.537
6988.0,8655.7295
10463.0,8965.033
13560.0,11364.782
11193.0,10032.806
12005.0,10269.052
13984.0,10627.597
10830.0,10755.477
4518.0,5334.4424
4885.0,5528.0776
4451.0,5276.355
4972.0,5543.4385
4900.000000000001,5393.301
7635.0,7863.022
6860.000000000001,6506.57
5756.0,6177.539
6571.0,6064.9263
6174.0,5845.998
5095.999999999999,4881.714
5376.0,4884.283
4688.0,4537.825
4727.0,4650.9824
4732.0,4841.9014
5438.0,5260.162
5632.0,5136.9736
7396.0,7492.756
6684.999999999999,6535.0596
5870.0,6272.474
6385.0,6405.8896
6628.0,6334.188
3937.0,4437.294
4048.0,4236.935
3768.0,4249.6284
4208.0,4094.9153
4722.0,5849.692
2861.0,3802.771
7413.0,7841.9907
6737.0,6222.871
5177.000000000001,5706.131
5796.0,5479.241
5529.000000000001,5413.0503
2961.0,3784.302
5065.0,4998.1826
3933.9999999999995,4373.5366
3631.0,4101.5903
3873.0,4138.692
3816.9999999999995,4759.09
2454.0000000000005,3735.625
7881.0,7558.7554
5896.0,6397.8047
5888.0,5943.4463
6254.0,5931.8125
7541.0,4854.121
13082.0,9033.076
12066.0,8660.141
11589.999999999998,8543.029
8470.0,5858.3145
5501.0,5272.6006
13766.0,9967.04
10184.0,7887.472
11950.0,7773.3145
10111.0,9203.574
8722.0,8141.381
8282.0,6255.7188
5276.0,4867.9556
15611.0,12984.182
12540.0,10759.328
12885.0,10018.038
10827.000000000002,10093.593
10444.0,9974.259
9331.0,7879.8716
7317.000000000001,5145.182
13527.0,12961.15
10290.0,9219.81
11734.0,9684.559
13564.000000000002,10260.563
9758.0,10070.741
10175.999999999998,8212.475
7455.0,8158.1177
16493.0,11998.456
15695.0,10140.003
14506.0,11143.786
12678.0,9686.18
13328.0,9288.457
5879.0,5485.496
5364.0,5448.5337
6255.000000000001,5240.3364
5722.0,5257.3286
5820.0,5471.2607
2049.0,2843.5303
9088.0,10063.502
8135.0,8268.637
7698.0,6948.845
7060.0,6823.616
7190.0,6676.5195
2197.0,2614.258
5110.0,5903.3765
5436.0,5487.3027
5379.0,5197.9946
5067.0,5413.6626
5568.0,5191.012
1629.0,3287.2263
9372.0,9071.353
7821.0,7589.2837
7303.0,7123.6357
7210.0,6923.7866
8073.0,5994.409
7532.000000000001,6785.1797
9345.0,6542.1406
7276.0,6997.4414
7090.999999999999,7254.7515
10307.0,8586.093
10042.000000000002,9245.729
10930.0,8081.858
8006.0,7892.41
6542.0,8317.581
6676.0,7976.837
9860.0,7031.859
6846.0,6570.5103
6019.0,6397.4604
6091.000000000001,6329.173
7269.0,6642.739
6842.0,7254.6494
8067.000000000001,9040.501
9005.0,9331.059
9293.0,8288.692
9369.0,7884.8794
9372.0,7865.8115
9743.0,8227.483
4751.0,5403.9517
5348.0,5186.9272
5297.0,5103.8105
4797.0,5446.292
4418.0,4724.4746
7799.0,9177.316
6831.0,7676.8916
7062.0,6786.2837
6905.0,6828.224
5156.0,6450.546
4364.0,5074.0996
4925.0,5864.5166
4634.0,6057.096
4204.0,5917.438
4579.0,5364.492
4043.0000000000005,5116.1484
3273.0,4775.621
7330.0,8583.361
6750.0,6980.554
6023.0,6312.3657
7231.000000000001,6240.6714
7183.0,6352.497
4402.0,4943.7456
4650.0,4682.2896
4686.0,4744.7476
5120.0,5091.623
4995.0,6146.3325
8824.0,7175.4946
6609.0,6087.6943
5834.0,6095.6504
4724.0,6054.265
6571.0,6039.243
5475.0,5204.9873
5216.999999999999,4653.7505
3990.0,4380.7544
3691.9999999999995,4463.3926
4791.0,4650.775
5477.0,5402.7607
5703.0,5553.7876
7447.0,7196.3174
6170.0,5819.269
5564.000000000001,5844.6377
6350.0,6220.562
7040.000000000001,6119.8496
5526.0,6414.039
6532.000000000001,6001.5684
5684.0,6168.4883
5501.0,6790.0986
9536.0,8712.687
9532.0,9516.621
8387.0,8222.939
8539.0,7972.972
7450.0,8346.005
8272.0,8751.575
9615.0,7771.6167
7163.0,6746.2344
7401.0,5912.395
6856.0,5649.8247
6832.0,6535.674
6821.0,7412.203
10460.999999999998,7601.3423
10605.999999999998,7456.6714
9299.0,6824.246
7047.999999999999,7163.4307
7531.0,7929.292
9276.0,8280.162
9225.0,7815.4126
8239.0,7350.8755
7327.0,7700.5864
8478.0,7612.6484
8228.0,8923.051
6338.0,7701.805
14373.0,14111.15
12566.0,12105.609
11053.000000000002,10077.651
10754.0,10663.555
9601.0,9807.295
5621.0,6530.6304
8301.0,9061.263
7304.0,9191.054
6575.000000000001,8128.143
7568.0,8059.9067
6964.0,8047.1123
5012.0,6060.7725
14014.999999999998,14951.754
12093.0,11263.968
10662.0,10628.047
10847.0,10629.574
13873.0,9542.063
3275.0,3599.825
3455.0,3618.2295
2513.0,3636.0176
4036.0,3796.672
3600.0,4096.8184
2029.0,2494.6917
6746.0,7185.851
4590.0,6025.6104
4628.0,5470.518
4056.0,5370.6655
4146.0,5315.7793
1688.0,2136.9146
3983.0,5850.8447
3283.0,4486.84
3096.0,3892.2566
4010.0,4099.0693
3147.0,4135.472
1881.0000000000002,2770.0737
7199.0,7159.019
4758.0,5783.9365
4657.0,5375.5586
4472.0,5339.9194
5538.0,4475.094
4109.0,3881.6567
4778.0,3871.8796
3648.9999999999995,3941.4385
3912.0,4232.461
4469.0,4806.678
5883.0,6289.449
4692.0,5564.1323
4845.999999999999,5551.534
4744.0,5561.594
4719.0,5545.446
4830.0,5086.2617
3907.0,4978.318
3117.0,4787.898
3285.9999999999995,4372.971
4266.0,4807.4746
3984.9999999999995,4769.654
4837.0,4696.7427
7067.000000000001,6301.835
6065.0,5494.951
6176.0,5150.86
4882.0,5252.9507
6252.0,5471.83
3744.0,4881.387
4721.0,4417.917
4398.0,4468.8643
4879.0,4488.7744
4652.0,4714.6074
2108.0,3816.8955
5349.000000000001,7705.9805
5050.0,6530.831
4939.999999999999,5808.9517
5204.0,5658.0454
4498.0,5693.2485
1873.0,2995.6074
5021.000000000001,5404.1196
4465.0,5085.7207
3753.0,4559.399
4282.0,4995.775
4053.0,4220.9663
2179.0,3204.008
6656.0,6495.8286
6051.0,5607.8506
5130.999999999999,5318.99
5259.0,5293.6084
5518.0,4206.1284
5784.0,7261.725
5423.999999999999,6478.804
5211.0,6055.815
4872.0,5506.146
3382.0,4379.8726
8840.0,9133.516
7367.0,7889.7437
6833.000000000001,7067.8643
6931.0,6822.273
5370.0,6959.7773
3976.9999999999995,4172.958
5520.0,6711.2656
4990.0,5929.314
4877.0,6051.8228
4726.0,5476.91
4259.0,5012.432
2871.0,4587.977
7253.0,8803.097
5856.0,7306.0967
5274.0,6410.848
6068.0,6299.073
6403.0,6047.375
9774.0,9317.448
9847.999999999998,8421.549
9684.0,8054.4683
8874.0,8107.361
9114.0,9203.335
11907.0,10613.833
14670.999999999998,12667.659
11993.0,10916.879
11643.999999999998,10601.05
10426.0,10750.83
10327.000000000002,11237.606
11343.000000000002,10511.509
10611.0,9123.115
9358.0,8891.979
8579.0,8736.86
9175.0,9592.959
9645.0,11337.174
11190.0,11808.492
12883.0,14462.525
11609.0,12389.068
12006.0,11067.455
10953.0,10836.958
11967.000000000002,10967.68
6000.0,8319.756
7147.0,7369.5034
6817.000000000001,6867.3057
6842.0,7042.061
7607.0,7796.893
12950.0,10450.406
9928.0,8820.677
8815.0,8429.892
8332.0,8578.227
8550.0,8753.659
7885.0,7444.8555
6872.0,7394.3354
6649.999999999999,7090.5117
6914.0,6860.0454
7340.0,6645.5337
7383.0,7032.5303
8279.0,7395.3037
12202.999999999998,10530.48
9781.0,9027.003
8729.0,8563.513
9077.0,8459.899
10130.0,8587.607
6013.000000000001,7316.058
6547.0,6935.208
7421.0,6949.104
7892.0,6515.574
4066.9999999999995,4646.956
10583.0,11696.636
8804.0,9828.032
10337.0,8923.199
8819.0,8763.192
8432.0,7864.467
4270.0,5150.331
7047.0,8528.093
5583.0,7962.561
6165.0,7448.587
5465.0,7171.295
6087.0,5416.6504
2969.0,4814.1323
8960.0,10575.21
8841.0,8914.027
8862.0,7889.081
8869.0,7743.661
9329.0,7196.233
13176.0,12309.3545
12366.0,11997.937
13084.999999999998,11805.6455
11764.0,11660.741
11956.000000000002,12098.13
17072.0,17981.066
16358.0,15170.081
15191.0,14264.247
14966.999999999998,13946.094
11392.0,13453.126
12584.0,12147.04
13267.0,11665.202
11674.0,11218.379
10922.0,11187.877
11825.0,10459.477
10294.0,11179.095
9472.0,11712.759
14472.0,17334.39
14299.999999999998,14814.241
12568.0,13734.485
14503.0,13221.274
17208.0,13167.593
5613.0,5087.477
4278.0,4681.065
5672.0,4760.979
5313.0,4999.3677
5862.0,6088.6377
7313.999999999999,7367.5615
7738.0,8422.655
7309.000000000001,7206.2837
6727.999999999999,7069.44
6345.0,7150.021
5568.0,7289.355
7415.0,6682.7065
6327.0,5483.0405
5156.0,4976.6387
4262.0,5202.683
4968.0,5693.771
4750.0,6054.638
7351.0,6605.214
9642.0,7497.5186
9032.0,6651.0166
8066.0,6780.5454
9458.0,7362.891
8281.0,7937.1636
10304.999999999998,10893.073
8678.0,10371.627
9277.0,9096.124
9475.0,8878.204
9997.0,11036.72
12018.0,10587.685
16439.0,15828.611
15423.0,13427.898
13887.0,12487.083
11695.0,12391.51
12119.0,11786.244
10159.0,8978.95
9554.0,8973.856
8463.0,8361.566
8505.0,8491.003
8151.0,8900.7295
8579.0,11807.102
9564.0,10420.92
15785.0,17812.436
13974.0,14835.497
12401.999999999998,13766.189
12844.0,12968.986
16964.0,12399.379
8970.0,10394.2295
10546.0,10334.732
9782.0,9984.496
10253.0,9905.413
11363.0,10955.374
15531.0,15027.578
15098.0,12471.861
13332.0,11657.808
13143.0,11615.151
10862.0,10936.565
11225.000000000002,9842.497
11156.0,10396.417
9318.0,11390.696
9279.0,10414.621
9511.0,10078.396
9080.0,9732.472
9086.0,10438.707
14938.0,14596.696
13988.0,12233.082
13220.0,10817.825
12576.0,10842.63
15098.0,11149.491
5263.000000000001,6211.322
5783.0,5948.769
6776.0,6443.3286
5969.0,6894.8096
6854.0,7668.538
9785.0,9075.811
7094.0,7536.585
6483.0,7274.319
7167.0,7439.486
7148.0,7629.143
6560.0,6369.6265
6576.0,5892.3677
5655.0,5549.248
4936.0,5583.131
7445.0,5984.6445
6086.0,6436.104
6852.0,7256.1733
10526.000000000002,8597.124
8333.0,7101.967
8215.0,7071.8257
8119.0,7210.807
9116.0,7331.197
5672.0,4700.9736
4782.0,4307.881
5130.0,4496.366
4895.0,4370.9087
5515.0,4718.7007
4432.0,4975.0293
8028.0,7010.044
6477.999999999999,6058.608
6254.0,5848.7734
5899.999999999999,5793.1855
5653.0,5573.393
4422.0,4700.3457
4769.0,4599.369
4214.0,4406.5596
4152.0,4415.879
4339.0,4407.9565
4297.0,4817.427
4134.0,4518.118
6181.0,7701.7354
5302.0,6389.4136
4637.0,5887.8125
6281.0,5913.314
7981.000000000001,6008.314
2771.0,4000.2644
2565.0,3835.6309
3095.0,3630.468
3126.0,3318.8325
1944.0,2243.9019
4624.0,5692.5054
4511.0,4685.13
4441.0,4139.908
4021.0,4192.0483
2733.0,3935.0593
2556.0,2546.6982
2893.0,4511.016
2539.0,3812.9387
2426.9999999999995,3481.164
2831.0,3327.241
2982.0,3086.684
1750.0,2225.9817
4465.0,5215.552
3990.0,4214.281
3522.0,3936.0657
4171.0,4038.5876
4267.0,3485.9695
7943.0,6080.132
5862.0,5642.9395
7947.0,5916.2285
6960.0,5956.7124
6846.0,6634.963
4277.0,4606.631
11210.0,11729.409
8943.0,9356.255
9202.0,8149.321
7972.0,8030.2183
7600.0,7931.6313
4076.0,4887.666
6861.0,6505.878
5937.0,6273.9727
5693.000000000001,5809.8657
5968.0,5927.112
5685.000000000001,6267.7954
4885.0,4332.2593
11427.0,11250.915
8962.0,9694.079
8238.0,8996.221
7921.0,8951.971
9034.0,7498.1187
4949.0,5848.1797
5547.0,5163.0117
5160.0,5148.679
5251.999999999999,5681.741
5713.0,5929.6533
8128.0,8512.637
8226.0,7211.2275
6512.0,6645.8276
6920.0,6992.89
5548.000000000001,6925.6294
5974.0,5736.913
5368.0,6068.2607
5286.0,6053.208
5130.999999999999,5850.1567
4729.0,5773.2896
5266.0,5673.801
5076.0,6080.9463
8471.0,7770.896
7496.0,6652.4473
6899.999999999999,6349.4883
5814.000000000001,6339.387
6834.0,6842.008
5673.999999999999,5930.2544
5043.0,5609.371
6136.0,5651.785
5862.0,5493.552
6046.0,5383.311
3178.0,3370.7249
9577.0,9840.426
7511.0,7958.7026
7149.0,7106.408
6600.0,6893.295
5786.0,6531.944
2612.0,3447.7473
5645.0,6154.586
4871.0,5679.6587
4875.0,5173.022
5383.0,5091.377
5302.999999999999,4957.33
2676.0,3419.975
9121.0,9182.281
7424.0,7576.9404
6431.0,6720.4434
7205.0,6442.1777
7562.0,5997.0195
4563.0,5224.1772
5536.0,5320.7363
6265.0,5687.4673
5985.0,6448.0757
5468.0,7305.219
9689.0,8960.108
7469.999999999999,7160.3906
6278.999999999999,7095.136
6842.0,6953.7363
6524.0,6811.872
6291.0,5497.1055
5172.0,5353.0977
5296.0,5030.5713
4935.000000000001,5072.4497
5462.0,5305.8345
5842.0,6105.598
6416.0,5929.7944
8832.0,8946.817
7060.0,7469.9297
7473.000000000001,6961.699
6766.0,7059.1064
7885.0,7021.106
6832.0,6541.6143
5901.0,6072.8423
6654.0,6051.0894
6038.0,5949.6323
6523.0,6427.828
4732.0,4723.1606
10184.0,10944.193
8266.0,8789.509
8063.0,7712.3755
7863.0,7665.8535
7437.0,7476.7393
4577.0,4372.7344
6924.0,6183.7715
4859.0,5936.1577
5786.999999999999,5769.019
5452.0,5738.935
5153.0,5983.29
4120.0,4978.7065
9334.0,10899.018
7958.0,8786.539
7358.0,8392.2705
7985.0,8147.369
10068.0,7418.76
10377.0,9984.324
11213.0,8458.834
10783.0,8613.264
10857.0,8525.093
11536.0,9107.6455
7441.0,7794.878
15675.0,15826.643
14578.0,13103.698
11592.0,11438.085
11931.0,11213.12
10530.0,10999.26
7973.000000000001,7198.544
10486.0,9633.097
11247.0,9746.29
9053.0,9152.115
10426.0,9214.626
9980.0,8736.888
6705.0,6677.4204
16992.0,15616.41
16014.0,13119.963
13702.0,11829.535
14465.0,12206.595
16699.0,10501.108
4818.0,5053.976
4481.0,4752.503
5106.0,4748.438
4152.0,4577.5464
4171.0,4902.149
2370.0,3023.7368
6838.0,8162.46
6155.0,6786.4814
5489.0,5973.2046
5514.0,5811.979
4197.0,5663.0215
2415.0,2642.705
5196.0,5531.8203
4054.0,4745.508
4007.0,4530.84
3871.0,4536.077
3806.0,4574.0576
2366.0,3051.2864
6725.0,7716.6343
5718.0,6477.839
5342.0,5783.3857
4939.999999999999,5762.5195
6233.0,5051.7163
3881.0,5752.4976
5215.0,5325.426
5706.0,4859.7554
5124.0,5187.4336
5269.0,4942.224
8579.0,8178.804
7682.0,7076.4565
6106.999999999999,6618.186
6326.0,6846.995
5633.0,6843.115
4805.0,5956.5396
4986.000000000001,6096.3477
4261.0,6078.16
4312.0,5696.554
5834.0,5596.075
5817.0,5396.094
4983.0,5249.081
8197.0,8428.478
7413.0,6829.9473
5706.0,6310.8706
6485.0,6325.471
8419.0,6337.377
6657.0,6769.8257
5492.0,5789.0938
7079.0,5394.441
6563.999999999999,5558.106
7067.000000000001,6412.3574
8367.0,7341.0806
11175.999999999998,9732.043
8825.0,7921.1074
7966.0,7779.6772
7531.0,7696.471
7644.0,7902.547
7939.0,6591.2617
7338.0,5876.058
4937.0,5479.5464
6266.0,5677.562
5691.0,5807.939
6459.0,6764.17
7186.0,7084.8203
11626.0,10254.304
9083.0,8727.272
8478.0,8241.759
9017.0,7895.938
9814.0,8347.094
4756.0,4668.6914
4955.0,4446.369
4682.0,4321.3296
4834.0,4447.435
4026.0,4991.9644
1864.0,2131.4128
7092.0,8344.307
7337.0,7100.1016
5628.0,5908.272
6323.0,5870.1675
4345.0,5521.981
1495.0,2299.1465
4727.0,5913.458
4974.999999999999,5707.4033
3553.0,4617.502
3982.0,4691.796
3773.0,4380.441
1553.0000000000002,2310.1658
5700.999999999999,8183.336
6488.0,6635.155
4477.0,5839.24
7614.0,5773.5576
6200.0,5396.4604
7297.999999999999,6614.9614
5942.999999999999,5909.0254
6867.0,5788.629
7126.000000000001,6447.0156
7956.0,7295.5166
8475.0,7891.1187
9600.0,8104.176
7320.0,7253.716
7585.0,7406.27
8608.0,7784.928
8571.0,7918.4404
9652.0,7201.3384
6627.0,6312.971
5754.0,6231.744
5932.0,6214.8867
7273.0,6505.332
8256.0,7193.2627
8308.0,8116.446
9039.0,8266.408
6880.0,7972.4097
7367.0,7469.8247
8031.0,7446.6914
10638.0,7692.279
3722.0,5100.0933
4177.0,4922.992
4163.0,5037.5786
5270.0,4928.74
5889.0,5226.63
6990.0,7134.277
5743.0,6033.1284
5383.0,5727.05
4942.0,5694.5547
6049.0,5944.0815
5695.0,5140.326
5168.0,4772.7134
4044.0,4499.4155
3759.0,4410.0586
4616.0,5296.4062
4557.0,5524.9863
6132.0,6708.747
7824.999999999999,7004.519
6255.000000000001,5729.9844
6376.000000000001,5631.6016
6782.000000000001,5882.9043
6914.0,6085.0127
3082.9999999999995,4610.4473
3618.0,4556.519
4360.0,4642.284
3708.0,4509.8457
3041.0,3294.2634
6496.0,7489.1943
4839.0,6142.9233
5085.0,5627.975
5317.0,5503.0405
4087.0,5289.921
2741.0,2910.2893
3956.0,4345.318
3336.0,4141.9443
3328.9999999999995,3986.3887
3947.0,4027.4915
3691.0,4157.8813
2044.0,2642.8882
6375.0,6943.0474
4626.0,5770.936
4462.0,5129.631
5735.0,5085.5356
6225.0,4647.5073
6207.0,6794.705
4914.0,5959.297
6461.0,6058.73
6213.0,6171.8433
6525.0,6312.0264
6555.0,6972.7935
8713.0,9713.348
7503.0,8491.829
7836.0,7914.77
8633.0,7738.5386
8858.0,7664.575
7259.0,6538.7593
6303.0,6161.232
5949.0,5836.294
5511.0,6195.544
6348.999999999999,7243.8853
6807.0,7423.6704
6719.999999999999,7481.135
9696.0,10025.389
8785.0,8329.479
8160.999999999999,8128.7236
9484.0,8365.882
9624.0,8192.007
3711.0,4465.4688
3095.0,4056.7605
3462.0,3909.6294
3020.0000000000005,3850.579
3855.0,4283.252
3189.0,4195.6743
5452.0,5893.392
4779.0,4745.7383
4264.0,4674.3267
4396.0,4738.933
3932.0,4595.1636
3483.0,4264.4346
3356.0000000000005,3893.6865
2788.0,3687.462
2670.0,3777.211
2601.0,3740.3904
2947.0,4322.8413
3469.0,3909.199
4519.0,5468.476
4056.0,4234.514
4113.0,4174.5083
2999.0,4071.2305
4184.0,4064.657
6305.0,6436.514
6333.000000000001,6494.4194
6735.0,6610.251
6756.0,6311.8384
6142.000000000001,7344.6025
3701.0,3815.3015
12239.0,13831.352
10476.0,11473.72
9200.0,9719.979
9176.0,9023.113
7567.000000000001,8268.437
3259.0,3553.611
6460.0,7896.6694
6200.0,7438.1064
5562.0,6407.8486
6025.0,6711.017
6295.0,5883.81
3000.0,3725.154
12190.0,11989.39
11148.0,9754.167
9137.0,8695.029
10307.0,8605.584
9010.0,7743.1465
6369.0,7645.719
7192.0,7340.187
7274.000000000001,7025.6943
7570.0,7645.3574
8163.0,8868.977
9971.0,10668.234
8754.0,9069.016
7811.0,8732.756
7805.999999999999,9010.286
7370.0,9058.83
8818.0,7946.2505
7789.0,7813.5117
7155.0,7464.565
6501.0,7267.718
6669.000000000001,7990.9517
7757.0,8315.7
9076.0,9094.344
9968.0,10340.73
9263.0,8631.627
8732.0,8606.116
8458.0,9042.073
9184.0,9556.462
4939.0,5572.6265
6011.0,5597.5527
5232.0,5571.6245
5331.0,6232.898
6382.0,6243.345
10390.999999999998,9658.651
8063.0,8230.444
6887.0,7669.7983
6891.0,7637.877
7779.0,7866.5967
6780.0,6550.448
5965.0,6725.4917
5132.0,6724.417
5052.0,6411.0654
5992.0,6223.926
5848.0,6801.4326
7356.0,7056.028
10393.0,9934.952
9412.0,8389.466
8735.0,7934.8003
8141.0,8099.6733
9951.0,8205.959
6331.0,7321.924
6962.000000000001,6964.2363
6950.0,6856.3364
7196.000000000001,7026.9336
6730.0,6761.3647
10161.0,11119.83
10245.999999999998,9591.198
9528.0,9003.297
8272.0,9003.684
7610.000000000001,9097.383
7044.0,7431.7173
7787.0,7581.3823
6543.0,7343.8037
5710.0,7442.546
6885.0,8085.377
6310.0,8305.224
6536.0,8415.347
10171.000000000002,12467.168
9529.0,10490.279
9219.0,9382.045
8929.0,9536.0
10485.0,9267.242
6980.0,7806.648
6995.0,7592.0127
7585.0,7630.9272
8517.0,7761.7812
7144.0,7373.5273
11593.0,12552.987
10853.0,10417.459
9700.0,9112.607
8598.0,8999.031
8114.0,8757.195
8090.0,7081.508
8170.0,7175.5557
7149.999999999999,6987.493
6829.0,7103.175
6340.0,7462.817
7288.0,7457.6406
7055.999999999999,7963.2207
10580.0,11553.719
9416.0,9844.393
8525.0,8898.625
10320.999999999998,9103.7
11089.999999999998,9256.227
10569.000000000002,8261.751
10028.0,8443.419
9133.0,7735.4316
5298.0,6259.4414
7595.0,8280.742
7303.0,8509.471
7431.0,8032.701
7345.0,8178.535
7234.0,8373.233
7168.999999999999,7749.599
5420.0,7614.126
8525.0,7277.46
9147.0,10214.591
8680.0,9462.699
9204.0,8965.555
8125.999999999999,9118.5205
7918.0,8171.7686
5673.999999999999,5732.8706
7883.999999999999,7088.1323
6122.0,8610.146
6226.0,7738.85
5455.0,8241.968
5584.0,7635.573
6358.0,7508.1875
4667.0,6661.073
7804.0,8859.627
9108.0,9049.59
8339.0,8469.727
7917.0,8096.1807
9013.0,8313.021
9970.0,6908.223
3414.0,4663.2188
4787.0,4840.4824
4463.0,4814.426
4678.0,5141.6514
4455.0,5110.465
8277.0,7946.0977
7157.0,6667.878
6428.0,6206.627
6577.0,6145.573
6533.0,6211.6934
5302.0,5167.4204
4672.0,5153.677
3902.0,4756.726
4069.0,4870.9736
4464.0,5068.595
4125.0,5355.0034
4857.000000000001,5481.8457
9118.0,8332.505
7196.000000000001,6768.816
7004.0,6499.914
6671.0,6421.3496
6995.0,6295.7686
6868.000000000001,7639.2026
5905.0,6999.9297
6559.0,7251.776
6180.0,7019.6294
6727.999999999999,7772.3066
5987.0,7545.784
11027.0,11856.712
9066.0,9655.41
9202.0,8646.333
8426.0,8651.316
8166.0,8407.329
6020.0,6914.3945
7383.999999999999,6596.215
6010.0,6063.653
5851.0,6092.629
5820.0,6214.684
5366.0,6897.361
5754.0,6551.8896
10370.000000000002,11552.717
8511.0,9605.012
7918.0,9189.547
8172.000000000001,9132.428
10834.0,8834.8955
7131.0,10050.16
7996.0,9042.756
8511.0,8388.415
8082.999999999999,8463.235
6084.0,7132.4443
10921.0,12828.392
10920.0,11296.199
9407.0,10343.128
9051.0,10556.433
9141.0,9718.2295
6662.0,7527.9824
8241.0,9297.073
7871.0,8294.901
7308.0,7859.215
8779.0,7808.5044
8514.0,7960.5796
7017.0,7312.9053
11331.0,12443.755
11683.0,11112.051
10414.0,9871.852
9264.0,10343.892
11353.0,9947.424
6008.0,6029.1064
6203.0,5583.549
5848.0,5680.3105
6215.0,6258.7466
7420.0,6702.5703
7598.999999999999,8705.097
7780.0,7757.862
7158.0,7362.7573
6536.0,7376.2373
6848.0,7428.7627
7429.0,7167.294
6896.0,6304.0444
6216.0,5696.431
6173.0,5513.3027
6312.0,5974.0938
6219.0,6488.1753
8038.0,7314.228
7078.0,8267.5205
8072.0,7277.9863
7012.999999999999,7210.738
6953.0,7379.052
7685.0,7526.7065
4518.0,5791.613
4460.0,5409.381
4880.999999999999,5054.6714
4420.0,5010.2236
4823.0,5796.16
7408.0,7150.6245
6033.0,6175.791
6299.0,5903.542
5829.999999999999,5889.172
5604.0,6297.238
4894.0,5654.6445
5398.0,5387.6133
4168.0,5244.2437
4264.0,4891.9673
5150.000000000001,4917.9976
5170.0,4906.5757
4670.0,5145.072
8530.0,6984.1367
6335.0,6091.977
6917.0,5757.888
6651.0,6061.396
7716.0,6389.632
4999.0,5014.3125
5262.0,4975.512
6096.0,5189.2554
5405.0,6202.418
6707.0,6423.475
8626.0,8151.781
5904.0,6761.0444
5654.0,6674.6943
6293.0,6723.9673
6406.0,6811.785
7325.000000000001,6154.0137
6387.0,5374.2085
5411.0,4834.458
4503.0,4766.4077
5950.0,5191.2046
5702.0,6108.3516
7062.0,5995.613
7948.0,6785.585
7344.0,5754.217
6240.0,5653.061
7853.0,6297.167
7364.0,6425.549
3677.0,4925.7173
4867.0,5119.047
4510.0,4987.041
4031.0,4869.817
3508.0,4216.128
6851.0,7563.238
5905.0,6481.659
6284.0,5910.5186
5612.0,5776.4346
4793.0,5677.008
3582.0,4416.9976
4235.0,5332.1387
4012.0000000000005,4838.0312
4212.0,4820.6196
3861.0,4622.29
3802.0,4879.7056
1571.0,4074.0405
7703.0,7709.1226
6379.0,6546.352
7057.0,6069.187
6097.0,5926.5664
6626.000000000001,6051.1733
7375.0,9655.67
9100.0,9053.213
8994.0,8307.372
8645.0,8438.445
8686.0,8272.984
13939.999999999998,13647.528
11761.0,11334.734
12578.0,10303.05
11665.0,10258.647
9948.0,9768.532
8675.0,7655.7456
10046.0,8585.112
8882.0,7855.6787
8835.0,7785.611
9236.0,7928.1055
9044.0,8178.977
8145.000000000001,7649.4336
13152.0,14149.083
11548.0,12322.1045
10784.000000000002,10767.333
12534.0,10654.186
15473.0,10535.771
5479.0,5360.459
4333.0,4954.6436
5870.0,5106.6284
5775.0,5257.6865
5903.0,5967.0625
5971.0,5755.6777
10148.0,10786.343
8695.0,8739.899
7434.0,8068.7075
7324.0,7949.1064
7699.0,7570.731
5805.0,5646.044
6331.0,5773.076
4865.000000000001,5286.332
4746.0,5415.636
5745.0,5464.3247
6104.0,5851.4497
5827.0,5363.3247
11200.0,10293.346
7745.0,8651.235
7679.0,8709.482
9715.0,8636.034
9654.0,7977.0605
7338.0,7545.821
5862.0,6598.078
5963.0,6017.3843
6006.0,5766.0615
5732.0,5881.421
6276.0,6506.677
9150.0,8858.006
8024.000000000001,7551.8843
7787.0,7204.355
8445.0,7090.3853
5899.999999999999,7016.1597
6232.0,6097.5513
7711.0,5356.975
5849.000000000001,5102.2397
5547.0,5039.3633
5933.0,5404.3506
5188.0,6430.7915
5954.0,6882.189
7460.0,9548.507
6985.999999999999,8029.5957
6050.0,7050.252
7075.000000000001,7224.9644
10679.0,7197.2485
4440.0,4795.587
4048.0,4713.9336
4163.0,4627.594
3773.0,4806.5
3072.0,3788.5002
6536.999999999999,7246.5073
5857.000000000001,6098.7275
4921.0,5560.0
5048.0,5573.196
4466.0,5629.793
3531.0,3631.8354
4354.0,4643.3164
3788.0,4143.9453
4205.0,4039.4395
4337.0,4045.931
3133.0,4479.537
3216.0,3477.0566
7076.0,6896.007
6090.0,5980.8506
5301.0,5441.421
6546.0,5746.4155
7087.0,5375.191
5808.0,7825.5444
6808.0,6680.359
6354.0,6250.5117
5781.0,5814.398
4466.0,4461.3145
10917.0,10059.73
8615.0,8295.355
8191.0,7659.42
7221.0,7508.449
6845.0,7233.987
4561.0,4748.959
6519.0,6781.7407
5564.000000000001,6055.656
5801.0,6047.2354
5810.0,5698.9087
5414.0,5714.9185
4098.0,4295.4575
11541.0,10266.87
8051.000000000001,8428.505
8065.0,7739.499
7922.000000000001,7459.197
11162.0,7452.854
6258.0,7783.3228
7383.999999999999,7120.1934
7135.0,7199.795
8596.0,7489.4727
6819.0,8313.497
12453.0,11772.672
9726.0,9717.666
9062.0,8964.249
8691.0,8610.028
8233.0,8584.548
7582.999999999999,6911.3604
7183.0,6706.067
6270.0,6330.5923
5747.0,6381.821
6945.0,6613.237
7348.999999999999,7103.072
7192.999999999999,7001.711
10960.999999999998,10993.338
9072.0,9426.069
8194.0,8594.621
9704.0,8663.669
10706.0,8795.695
6173.0,6495.7046
5573.0,5965.6616
6598.0,6044.6016
6976.0,6075.032
5819.0,5316.199
10567.0,10647.005
8233.0,8729.326
8345.0,7779.3477
8369.0,7705.2036
7178.0,7592.892
5549.0,5864.5986
7031.0,6030.0596
5374.0,5821.3438
4977.0,6212.387
5645.0,7409.1753
6684.999999999999,6349.8364
4350.0,5926.584
10408.0,10450.643
8406.0,8698.435
7149.0,8139.6187
8006.0,7833.91
11201.0,7750.292
4376.0,6664.1973
5154.0,6145.3574
5350.0,5884.6406
5809.0,5527.913
3936.0,4426.123
9394.0,9419.483
8180.000000000001,7887.783
7060.0,6854.772
6227.999999999999,6748.112
6744.0,6660.552
4202.0,3881.227
5471.0,5322.5244
5242.0,5157.8174
5697.0,5147.206
5306.000000000001,5312.3413
5275.0,5276.5737
3905.0,3682.22
9802.0,9350.977
7292.0,7682.3433
6818.0,6976.24
6975.0,6775.673
8130.0,6481.01
6823.0,7249.158
8024.000000000001,7264.884
7328.0,7401.0054
7975.0,7258.4927
4973.0,5548.13
11382.0,12873.331
9197.0,10841.714
9293.0,9696.987
8753.0,9563.6455
8803.0,8442.361
4758.0,5869.3276
8055.0,9365.172
6591.000000000001,9017.188
7681.0,8334.675
7077.0,7455.575
7139.0,6648.2334
4556.0,5138.36
10628.000000000002,11264.437
9165.0,9490.663
7972.0,8572.213
9186.0,8565.427
11537.0,8107.4795
5928.0,5002.841
5206.0,4518.805
5417.0,4354.829
5201.000000000001,4450.2583
4917.0,5053.7334
5031.0,5554.0483
6391.0,7118.7764
6412.0,5974.13
6432.0,5725.9043
6136.0,5706.5117
5714.0,5877.4966
5831.0,5835.8047
5894.0,5272.0664
5548.000000000001,4925.7866
5516.0,4744.3804
5573.0,4902.0015
5843.0,5319.6562
5655.0,5840.9956
7412.0,7077.2954
6508.0,6423.7515
5953.0,6456.7837
5440.0,6379.522
7375.999999999999,6262.9385
7240.0,6470.8037
7519.0,6823.58
7897.0,6028.5723
6125.0,5947.427
9540.0,5689.4395
6410.0,6101.487
6103.0,6510.6533
5536.999999999999,6131.1553
5833.000000000001,6144.9346
7066.0,6058.3047
5679.0,5590.3076
8768.0,6856.738
6859.0,6544.964
6433.0,6524.5195
6578.0,6303.16
6882.0,6814.6763
7340.0,6929.9507
5317.0,5526.76
8474.0,6890.6323
6179.0,6294.3594
5801.0,6227.8296
5827.0,6041.609
5411.0,6921.737
6767.0,7162.597
4941.0,6019.73
7905.0,7394.129
6694.0,7052.25
5944.0,6807.5537
6454.000000000001,6468.646
6606.0,7247.265
8548.0,6962.2344
17516.0,15104.862
14509.0,13969.962
14240.0,14275.326
16403.0,13826.005
15329.0,14710.106
17611.0,14286.236
21509.000000000004,21999.402
20038.0,18559.498
20999.0,18058.715
19770.0,17499.334
17561.0,16055.218
15504.0,14232.971
17406.0,15716.426
14289.0,15414.75
12363.0,15582.601
14959.0,15176.268
14283.0,15176.416
15231.000000000002,14284.989
19739.0,22383.31
17894.0,18895.342
18350.0,18325.725
17623.0,18041.1
19958.999999999996,16224.58
4314.0,5485.9023
4825.0,5466.072
5204.0,5738.4507
5300.0,5771.951
3768.0,4684.71
7657.0,9582.282
6926.0,7912.335
6016.0,7054.0156
5583.0,7049.3145
6171.0,6981.51
4558.0,4447.0195
5114.0,6235.783
4136.0,5886.328
4202.0,5706.921
4934.0,5244.828
4912.0,5111.908
4672.0,4044.5513
8651.0,8482.873
8085.0,7056.1924
7532.000000000001,6563.511
6981.000000000001,6612.649
7568.0,6188.9478
6299.0,8651.465
7701.0,8316.435
7535.0,8372.585
8310.0,8954.697
8950.0,10281.093
11372.0,11998.475
9793.0,10259.919
9196.0,9862.952
9532.0,10081.192
10138.0,9774.725
8816.0,8914.984
7933.0,8454.333
5519.0,8298.396
5817.0,8003.1406
6428.0,8926.526
7711.999999999999,8545.893
7823.0,8813.679
9890.0,10114.263
8995.0,8486.01
9571.0,8266.968
10131.0,8454.432
12823.0,8869.189
4361.0,5062.671
4606.0,5262.284
5544.999999999999,5566.715
4438.0,5799.231
4029.0,4519.299
8734.0,8917.873
7871.0,7306.346
6722.0,6679.421
6710.0,6443.6074
4606.0,6526.6177
4437.0,4172.9785
5113.0,6267.8384
4927.0,6260.517
4278.0,5709.292
4996.0,5327.3477
5133.0,5096.6416
2825.0000000000005,3713.0276
7733.0,8462.727
7604.0,7113.1587
6702.0,6427.576
7996.0,6422.5947
7303.0,6293.046
6467.0,4590.5854
4938.0,4748.364
5682.0,4650.5625
5548.000000000001,4834.4287
5606.0,7278.12
3164.0,5894.924
10366.0,9806.149
8467.0,8008.3193
7498.0,7041.6963
7250.0,6643.0664
6217.0,6315.1875
3628.0,4237.564
5722.0,5095.563
5589.0,5212.152
5243.999999999999,5158.276
6165.999999999999,5181.1543
5706.0,5291.8584
3230.0,3773.546
9535.0,9626.786
8209.0,8271.164
7356.0,7120.733
7802.0,6853.6465
7754.999999999999,6515.0522
3615.0,6333.3843
3980.0,5844.2153
3914.0,5700.719
4464.0,5869.8496
5731.0,6101.534
6926.0,9076.337
6041.0,7372.6646
6509.0,6885.313
6959.0,6898.651
7612.0,6591.113
6325.000000000001,5379.6797
5322.000000000001,5718.862
4562.0,5635.9634
4252.0,5783.405
5228.000000000001,6136.031
5477.0,5782.4727
6489.000000000001,5701.659
9975.0,8347.051
7719.0,6636.26
6643.0,6635.6226
7440.0,6946.62
8027.0,7190.484
4551.0,4854.5337
3881.0,4328.7803
4296.0,4167.06
4392.0,4237.8345
4656.0,4788.478
5392.000000000001,4953.134
7202.0,7383.0723
5917.0,5952.0903
6143.0,5768.486
6534.0,5468.899
6498.0,5489.2695
5853.0,4662.286
5137.0,4450.4707
3941.0,4244.4805
3816.9999999999995,4267.439
4501.0,4726.196
4447.0,5585.2715
5394.0,5037.1714
7706.0,7967.1953
6730.0,6424.987
6316.0,6182.612
6309.0,6467.5977
8175.0,6231.9375
3980.9999999999995,3732.2974
4276.0,3223.803
4146.0,3094.701
3902.0,3204.7605
4305.0,3353.7974
3616.0,3556.2405
5948.0,5515.0977
5044.999999999999,4596.734
4669.0,4585.6973
4764.0,4513.9404
5370.0,3927.7908
3166.0,3615.866
4888.999999999999,3531.2522
4094.0000000000005,3629.7974
3747.0,3491.8208
4175.0,3712.3547
4422.0,4134.0913
3373.0,4219.6865
5922.0,5835.7827
5339.0,5169.808
4667.0,5283.0557
4281.0,5339.641
5170.0,5103.22
3937.9999999999995,4537.8633
4173.0,4460.72
4328.0,4605.26
4262.0,4872.6665
4866.0,4547.3335
7350.0,7288.044
6220.000000000001,6372.0815
5530.0,6061.4873
6306.000000000001,6097.04
5824.0,6146.9077
5319.0,5429.242
4935.000000000001,5258.6934
4311.0,5002.2983
4416.0,5055.1914
4814.0,5344.556
4926.0,5121.8535
5042.0,4869.5386
6930.0,7589.3433
5575.0,6757.0015
5205.0,6252.58
6260.0,6315.485
8340.0,6034.351
6304.0,7453.6606
6792.0,7517.3364
7037.0,8045.573
8319.0,8623.995
7904.0,8960.235
10128.000000000002,12193.079
9132.0,10241.568
7752.0,9936.143
8835.0,9761.691
10800.000000000002,9125.914
9545.0,7601.9077
8782.0,7610.831
6966.0,7149.1855
6601.0,7181.957
8779.0,7873.0933
8895.0,7920.084
9419.0,8600.533
12627.999999999998,10396.694
10417.999999999998,8866.61
9681.0,8970.68
10430.0,9341.724
11473.0,9504.897
13212.0,11809.781
11750.0,10980.45
11535.0,11027.003
11806.0,10948.124
11943.0,11705.408
14507.0,13068.946
17400.0,16777.97
15670.0,14554.676
15269.0,13878.049
14464.0,13624.053
13446.0,13298.025
13991.0,12393.368
14208.0,10957.414
10786.0,10700.278
10741.000000000002,10731.611
11202.0,11159.424
11213.0,12968.922
12676.0,13320.6
15771.0,17894.674
13504.0,16161.188
13250.0,15788.484
14170.999999999998,14477.531
15349.000000000002,14258.971
10174.0,9011.873
9636.0,8388.187
10078.999999999998,8760.261
6801.0,6434.0957
1760.0000000000002,4441.0874
8838.0,9914.898
7194.0,7816.93
7436.0,7468.078
8033.0,8574.672
8559.0,7558.0044
6745.0,5932.346
2507.0,3826.0496
11661.0,12099.469
10281.0,10469.406
10175.999999999998,10060.639
9483.0,9555.536
8909.0,9409.427
6815.0,6542.83
2508.0,3764.807
8454.0,9527.89
7590.0,7932.7744
6592.0,7840.8975
7589.0,9168.146
7108.0,7631.3047
6600.0,5907.9746
2523.0,3683.179
11849.0,11607.175
10078.0,10626.8125
8971.0,10530.169
10041.0,9588.604
11966.0,9549.401
9234.0,7942.6797
7912.0,7746.6255
8471.0,7383.3853
7739.000000000001,7227.943
9664.0,8024.0728
9763.0,8707.811
12473.0,11826.941
10054.0,9967.748
10607.0,9266.843
10306.0,9848.175
9122.0,9995.152
8971.0,8838.849
9464.0,8233.452
8085.0,7741.328
8282.0,7600.8076
8709.0,7951.3267
8669.0,8625.358
8960.0,8932.698
12406.0,12485.266
10201.0,10519.956
9483.0,9583.561
9673.0,10175.801
10460.999999999998,10053.957
10653.0,9212.27
9551.0,8305.636
9888.0,9145.453
10659.999999999998,8477.312
9488.0,9296.496
6614.0,7740.1147
15653.0,15114.974
14438.0,12941.987
12948.0,10929.035
11439.0,10837.995
10363.0,10353.737
7240.0,6711.8794
9235.0,9802.423
8412.0,9714.825
6920.0,8458.803
8945.0,8581.894
8028.0,8328.801
7017.0,5833.3306
15052.999999999998,15834.49
14180.0,12806.055
12448.0,11449.504
13164.0,11555.254
11006.0,9870.182
9001.0,10789.112
10508.0,10443.501
10636.0,9645.415
10657.0,9512.668
9200.0,11018.478
13471.999999999998,13603.999
13029.0,11642.395
10425.0,10833.257
9498.0,10919.224
9568.0,10306.786
10127.0,8974.207
9579.0,9514.554
7794.0,10072.578
7881.0,9669.88
8817.0,9491.192
9405.0,9213.218
8335.0,10392.865
13412.0,12561.55
11989.0,10526.02
10694.0,10008.6
10469.0,10462.789
14509.999999999998,10578.686
8262.0,10117.52
8398.0,9244.955
9714.000000000002,8986.0625
10006.0,8596.373
7792.0,7584.58
13796.0,14661.245
11599.0,11849.555
12460.0,10735.709
11881.000000000002,10545.824
11089.0,9696.377
8101.0,7198.9727
9279.0,8197.456
8843.0,7699.864
8904.0,7599.314
9453.0,7890.1353
9236.0,7942.8877
8004.0,7051.5923
15054.0,13421.237
12136.0,11346.474
10760.0,10406.367
12792.0,10673.487
14384.0,10229.297
7277.0,7163.49
6407.999999999999,6536.1133
6929.0,6553.145
8390.0,6572.388
8109.0,7122.725
6777.0,7462.5527
10665.0,11233.364
9888.0,9533.573
8299.0,8493.367
10373.0,8761.072
9083.0,8751.854
7528.0,7328.242
7573.0,7784.5635
6255.000000000001,7740.821
6416.0,7459.5083
6926.999999999999,7500.2207
7909.0,7678.3604
7078.0,7702.823
11164.0,10914.252
7912.0,9256.441
8296.0,8820.248
8731.0,9194.609
11283.0,9073.701
7287.0,5190.635
7993.0,4866.9473
6731.0,4606.798
7938.000000000001,4318.9214
5540.0,4197.368
7921.0,4324.8276
7405.0,4500.597
6654.0,4930.7627
5541.0,5683.529
6100.0,5033.356
6329.0,4623.553
5436.0,4647.025
8559.0,5172.0312
7857.0,5168.2197
7557.0,5420.329
7202.0,5644.238
7676.0,6000.06
7379.0,5878.3584
7444.0,5397.585
9156.0,5454.57
7985.0,5088.1406
7886.0,5436.279
7879.0,6263.2266
6894.0,6469.802
7701.0,6616.9985
6595.0,6017.8013
10413.000000000002,6231.0425
9044.0,6397.13
9047.0,6705.659
8020.0,6004.613
9561.0,7026.029
5765.0,4845.9375
4723.0,4411.7007
4782.0,4326.706
4892.000000000001,4335.7007
5845.0,4842.138
4581.0,5282.1816
6562.0,6796.6865
6403.0,6135.2866
6021.000000000001,5892.5737
5950.999999999999,5860.732
5661.0,5704.2764
4550.0,4847.165
5593.0,4946.101
4205.0,4720.6865
4015.9999999999995,4925.854
4501.0,4865.0356
3930.0000000000005,4937.935
3902.9999999999995,4563.9204
5812.0,7157.071
4701.0,6176.038
4778.0,5828.322
5144.0,5609.072
5374.0,5648.321
9933.999999999998,10337.603
10190.0,9762.371
9609.0,9547.813
9357.0,9582.948
9596.0,10366.489
12946.0,13926.209
11738.0,11770.064
10299.0,10895.257
10216.0,10789.479
9836.999999999998,10507.135
10102.0,10110.831
10097.0,9431.126
9885.0,9293.277
9098.0,8835.735
9013.0,8376.998
9017.0,8658.35
9760.0,9662.296
12514.999999999998,11562.389
10847.999999999998,9837.583
10771.0,9250.785
11119.0,9638.393
10981.0,9772.003
9591.0,10632.18
9524.0,9730.6875
10788.999999999998,9240.022
10619.0,8982.212
8047.0,8511.591
16624.0,14045.064
12369.0,12054.397
11908.0,11197.791
11272.0,11116.7295
10992.0,10519.067
7772.0,9021.683
9183.0,10346.29
8511.0,9803.713
8514.0,9606.7705
9439.0,9220.575
9068.0,9801.945
7250.0,8301.123
17395.0,14447.981
13022.0,11908.426
13030.0,11190.101
13127.999999999998,11288.787
15364.0,11114.3125
3578.0,6115.3223
4326.0,6330.7207
4245.0,6396.4893
6827.0,6998.507
8060.0,6601.4727
13656.0,10313.883
10562.0,8323.105
9179.0,7670.0757
9022.0,7829.2007
9777.999999999998,7297.5684
7582.0,5227.033
6649.999999999999,5728.6953
4958.0,5465.058
4937.0,5538.872
6921.0,5361.309
7195.0,5856.33
6848.0,4439.0757
12889.0,10273.509
9867.0,8350.099
9224.0,8015.891
9246.0,7498.4565
10914.0,7537.7266
6955.0,8472.252
8364.0,7670.4565
8199.0,7526.986
7320.0,7504.8867
5583.0,5629.7617
10479.0,12355.871
10822.0,10458.802
9545.0,9568.484
9091.0,9853.858
7811.0,8765.488
5302.999999999999,6720.0625
7633.0,9854.811
6926.999999999999,9094.377
7009.0,8546.467
7286.0,7896.7744
6465.0,6386.872
4219.0,5944.9243
10492.999999999998,11718.909
9565.0,10201.646
8028.0,8927.715
9373.0,8818.289
8794.0,8504.663
7480.0,9489.933
6919.000000000001,8284.205
7407.0,7369.5
8300.0,6949.3667
4930.0,7260.1396
10858.0,11788.76
11024.0,9966.587
8541.0,9260.131
8636.0,9363.018
7870.0,8496.466
5169.0,6321.964
7679.0,7789.3594
7586.0,7436.8433
5917.0,6720.268
6639.0,6641.9917
6990.0,6754.281
4187.0,4992.025
9688.0,11481.411
10315.0,9359.64
8685.0,8221.843
10052.0,8397.116
13528.0,8331.543
4570.0,5250.519
5055.0,5085.8047
4481.0,5319.995
5318.0,5517.611
4658.0,4771.2104
7246.0,8799.414
6786.0,7198.1885
6560.0,6459.2285
5975.0,6380.882
6082.0,6330.249
4868.0,4569.0645
6157.999999999999,5630.489
5179.0,5414.7363
5246.0,5233.993
5804.0,4904.856
4918.0,5213.5737
5301.0,4583.641
9150.0,7987.821
7842.0,7063.2046
7305.0,6817.9097
8144.0,6879.1147
8220.0,6742.053
4805.0,4026.3416
3794.0,3646.005
3713.0,3753.1306
3838.0,3908.1313
3383.0,4143.656
2451.0,3139.1702
6381.0,6752.986
5302.999999999999,5850.738
3857.0,5130.186
4721.0,5148.8027
3967.0,4912.7427
2367.0,3021.2466
4274.0,4035.3481
3346.0,3957.0247
3082.9999999999995,3958.0706
3459.0,3834.7803
2896.0,4087.6536
2028.0,2971.6406
4981.0,6776.5107
4526.0,5695.676
3988.0,5101.1904
3834.0,5061.264
4509.0,5132.0386
9745.0,10345.498
9517.0,10170.794
9753.0,10583.2
10786.0,11144.926
11457.0,12453.066
13557.0,14815.806
13067.0,12425.632
11799.999999999998,11428.168
11331.999999999998,11627.674
12674.0,11664.926
13479.0,10600.948
11295.0,9947.551
10028.0,9845.639
9275.0,9769.664
10954.0,10907.48
10263.0,13029.528
13022.0,12013.481
13979.0,14309.062
12758.0,11535.699
11481.0,11039.617
13424.000000000002,11550.282
14009.0,12276.374
4991.0,6317.663
5875.0,5840.361
5799.0,5915.0894
5556.000000000001,6373.149
6518.0,6721.6577
9262.0,10359.559
7958.0,8713.883
7915.0,7956.268
6825.000000000001,7844.561
5965.0,7819.2935
7420.0,6411.113
6446.0,6071.3516
5249.0,5484.012
4739.0,5625.504
7299.0,5787.6826
5880.999999999999,6122.9727
6964.0,6586.2407
11297.0,9336.866
10056.0,7577.872
8984.0,7401.172
8241.0,7526.0015
8908.0,7715.3784
5552.999999999999,7138.6426
6569.0,6407.1426
5794.0,5842.411
4622.0,5892.773
4286.0,6160.978
11500.0,9994.7
8500.0,8363.985
7363.0,7906.2544
7108.0,7843.921
5613.0,7921.095
5130.0,5971.3867
6458.0,5924.6455
4920.0,5287.5615
4902.0,5391.8887
4811.0,5524.0913
4714.0,6578.225
5288.0,5698.3735
10233.0,10618.935
7428.0,8440.307
7606.0,7633.2793
8756.0,7116.061
9015.0,7187.024
4358.0,5226.136
5149.0,5281.3057
5286.0,5365.899
5801.0,5634.2295
5539.0,5304.194
8540.0,8725.108
7908.0,7446.1885
6789.0,6814.3887
6132.0,6587.4316
6482.0,6263.2114
5483.0,4851.7427
5489.0,5289.0596
4886.0,5068.6475
5072.000000000001,5041.2764
5969.0,5104.625
5734.0,5276.434
5356.0,4774.9673
9078.0,8506.886
7160.0,7046.352
6694.0,6577.2646
7236.0,6543.0107
6598.0,6482.6924
1958.0,3067.6543
2072.0,3001.5078
2169.0,3085.1724
1843.9999999999998,2843.5193
1407.0,2522.3923
3862.0,5513.9297
3573.0,4856.1553
3531.0,4288.933
3478.0,4316.1006
3331.0,3992.942
1743.0,2205.808
2115.0,3618.3918
1961.0000000000002,3261.2922
1843.9999999999998,3190.6575
2111.0,3033.6233
1748.0,2224.7646
1360.0,2351.0789
4482.0,5920.7124
3726.0,4695.806
3484.9999999999995,4226.772
3309.0000000000005,4132.2114
3377.0,3424.439
13184.0,10968.902
11191.0,10793.49
11444.999999999998,11145.656
11682.000000000002,10961.864
11427.0,11839.619
8546.0,10361.848
20014.0,19859.592
18497.0,16393.766
16718.0,15190.046
14509.0,14924.698
12103.0,13455.376
8726.0,9130.176
12633.0,11119.7
11398.0,11038.01
10249.0,10428.077
11439.0,11138.302
10083.0,11693.486
8653.0,10086.461
18258.0,20562.947
16885.0,16720.654
15101.0,15016.3
14988.0,14411.937
17626.0,12294.554
7953.999999999999,10355.116
9351.0,10013.84
9193.0,9067.105
9333.0,8854.705
7319.0,7474.061
15223.0,15790.291
13567.0,12973.076
13212.0,11777.379
12778.0,11795.797
11315.999999999998,10650.133
7921.0,8479.569
9707.999999999998,10311.408
7875.0,9834.182
8472.0,9247.648
8907.0,8824.018
8007.0,8666.549
7093.0,7072.071
15617.0,15458.527
12603.0,12872.98
12181.0,11433.106
12624.0,11288.86
15111.999999999998,10827.006
17053.0,15144.694
15134.000000000002,14311.057
14584.999999999998,13780.402
15047.0,13453.632
14973.0,13351.277
14462.000000000002,14056.067
19115.0,20069.629
16750.0,17461.383
16174.0,15339.951
16329.0,14875.413
15072.0,14027.992
12920.0,13988.276
15262.0,13412.926
14280.0,12978.409
13321.0,13141.702
14443.0,12596.035
14075.0,12470.262
11008.0,12506.011
14939.0,20085.312
14902.0,16687.855
13039.0,15996.041
14552.999999999998,16204.886
14468.0,15483.157
5243.999999999999,5217.248
6702.0,4915.9814
5672.0,5348.587
5283.0,5826.9756
6021.000000000001,6224.726
8598.0,7593.8193
6655.0,6855.88
6208.999999999999,6814.861
5863.0,7237.698
6138.0,6932.6675
5780.0,6398.732
7259.0,5996.162
4954.0,5625.432
4880.999999999999,5137.8237
5898.0,5287.876
6204.000000000001,5519.0845
5646.0,6270.737
9027.0,7843.6875
7506.0,6876.5024
7664.0,6688.23
8165.0,6834.651
6818.0,7047.2334
3952.0,5287.3306
4728.0,4906.4155
4278.0,4477.6646
4899.0,4683.1553
4139.0,4158.371
8272.0,7245.8013
6333.000000000001,6305.3623
5430.0,5987.0747
4710.0,6175.289
5299.0,5775.208
4361.0,5336.344
4306.0,5904.574
3511.0,5502.1797
3452.0,5255.0903
4209.0,5060.269
3609.0,4709.604
4612.0,4719.6226
7215.0,7178.7466
5485.0,5915.3384
5163.0,5574.7354
4674.0,5438.063
5101.0,5583.24
5584.0,4381.5176
4388.0,4165.4507
4505.0,4372.3696
4255.0,4695.4985
4876.0,4883.9585
3862.0,4780.9463
5875.0,6618.961
5347.0,5741.553
5538.0,5277.704
5056.000000000001,5160.1934
5702.0,4886.2417
3337.0,4969.2793
4696.0,4704.181
3835.0,4425.7754
4707.0,4395.907
4071.0,4903.8906
4650.0,4944.0156
3021.0,5262.337
5369.0,6409.5127
4675.0,5637.8086
5195.0,5225.688
4629.0,5252.1953
6023.0,5581.537
3748.0,6562.484
3684.0000000000005,6371.796
4172.0,5706.883
4484.0,5486.9927
4833.0,5583.4736
7018.0,7527.9653
6217.0,6802.2856
5148.0,6170.5093
5670.0,6457.593
6434.999999999999,6605.1157
4987.0,5344.666
4475.0,5946.509
4290.0,5634.095
4830.0,4988.3423
4325.0,4660.6113
4410.0,4916.437
5433.0,5172.4165
7496.0,6615.899
5411.0,5651.8574
5961.0,5560.939
5810.0,5513.2188
6482.0,5913.803
7923.0,7863.792
6714.0,6989.817
5698.0,6629.3135
6403.0,5959.7324
5911.0,6292.4443
4648.0,6749.1724
8712.0,8840.666
8729.0,8131.1084
7675.0,6997.9097
7461.0,6609.2515
6682.0,6341.4575
4816.0,5744.7705
6544.0,5380.6724
5763.000000000001,4932.961
5062.0,4825.928
4770.0,5046.0117
5599.000000000001,5684.8657
4231.0,5168.187
6856.0,9210.655
6557.0,8006.678
6241.0,7355.344
6429.0,7251.9463
11632.0,7518.273
5151.0,6253.8076
6412.0,6096.1084
5396.0,6221.8887
5884.000000000001,6258.4404
4257.0,3186.7173
11567.0,12357.088
10426.0,9908.428
10957.0,8718.005
8724.0,8258.164
8379.0,8055.0796
5099.000000000001,3997.2651
6940.0,7315.022
6294.0,6944.8135
6477.0,6874.51
7252.0,6345.8804
6052.0,5782.7896
3809.0000000000005,3901.1228
13059.0,12179.7
11059.0,9803.387
9691.999999999998,8862.102
9055.0,8362.822
8985.0,8034.849
4812.0,6154.007
5500.0,5935.025
5527.0,6491.6655
5976.0,7074.1523
9912.0,9111.816
8574.0,8604.139
7253.0,8185.2007
7657.0,8072.0137
6815.0,7895.581
8123.0,8307.138
10188.0,7561.833
6011.0,6388.955
6237.0,5910.2544
5815.0,6019.9136
5841.000000000001,7937.0273
7406.0,8195.132
11005.0,8960.227
8918.0,8656.518
7969.999999999999,7929.6484
8050.0,8441.417
8898.0,8981.265
9736.0,9508.59
5964.0,4819.6777
5264.0,4412.2515
5361.0,4408.6655
5761.0,4489.347
5761.0,5077.8506
3686.0,5128.612
7020.999999999999,7230.223
5863.0,6266.625
5629.0,5904.5293
5783.0,5794.6143
5361.0,5276.0312
6028.0,4728.9683
5732.0,4823.427
5075.0,4758.7847
6028.0,4569.836
4568.0,4709.913
5237.0,5401.8896
5278.0,5256.2886
7189.0,6496.6006
5635.0,5727.5015
7100.0,5851.187
5086.0,5732.7417
5927.000000000001,5473.0938
3724.0,4261.485
4279.0,4127.011
4735.0,4321.822
3700.0,4534.3696
4542.0,4326.0527
6830.0,6825.4165
5891.0,5870.298
5567.0,5485.404
5401.0,5551.4634
6407.0,5754.2476
4397.0,4699.682
4327.0,4930.684
4058.9999999999995,4774.872
3170.0,4856.1177
3995.0,5537.5464
4072.0,5254.366
4654.0,4788.1943
7536.0,7306.6367
5670.0,6149.954
5000.0,6057.6426
5990.0,6296.931
5886.0,6009.5747
7354.0,6995.7812
6104.0,6266.1577
6062.0,6429.575
6306.000000000001,6451.428
6459.0,6775.3696
4960.0,5716.436
9712.0,11480.522
8718.0,9256.238
8912.0,8027.641
8762.0,8155.8794
7012.0,8059.3335
5242.0,5154.39
6133.0,8094.36
5993.999999999999,7386.644
5308.0,6963.2856
6380.0,6871.934
5573.0,6340.65
4856.0,5746.7744
9681.0,11158.16
8561.0,9006.382
7771.0,7988.446
7837.0,7783.508
9036.0,7564.964
3655.0,4491.3228
3380.0,4242.8813
3330.0,4099.2
3298.0,4203.4277
3296.0,4299.987
5547.0,6609.3623
4735.0,5540.7163
5981.0,5396.885
4111.0,5334.332
3275.0,5221.531
3533.0,4752.9644
3383.0,4675.079
2946.0000000000005,4399.282
3319.0,4286.6377
3158.0,4006.9702
2735.0000000000005,4094.6433
2298.0,4497.5947
6004.0,4998.119
4807.0,4650.321
4819.0,4425.175
4196.0,4339.063
5417.0,4144.6733
3078.9999999999995,3443.8547
2750.0,3096.4922
2760.0,2927.4287
2808.0,3069.4675
3380.0,3191.89
3056.0,3250.0344
4169.0,4906.4033
4350.0,4014.3083
3957.0,3944.3955
4170.0,4056.9253
3455.0,3686.6074
2847.0,3301.829
3195.0,3353.599
3009.0,3208.9346
2789.9999999999995,3209.6187
2741.0,3273.7903
2979.0,3511.2822
2590.0,3498.9998
3814.0,5101.4614
3756.0,4392.628
4046.0,4306.801
3500.0,4523.0537
4376.0,4427.3003
6398.0,6877.1587
5639.0,6232.0557
5391.0,5870.555
5323.0,5351.859
5407.0,5581.6553
2243.0,3143.2278
9247.0,10213.6
7611.0,8511.1045
6459.0,7119.4893
7274.000000000001,7078.693
5668.0,6703.549
2263.0,2475.1924
6092.0,6319.151
5310.0,5861.247
4583.0,5292.5337
5147.0,6059.164
4753.0,5136.036
1859.0,3197.627
8995.0,9973.309
7574.0,7996.235
6836.0,7289.834
7387.0,7026.682
9949.999999999998,5717.248
13786.0,12475.034
11175.999999999998,11343.032
13194.0,10968.334
12145.0,10867.755
13351.0,11990.258
14631.0,12944.254
20860.0,18593.3
18080.0,16115.153
17493.0,14700.812
15094.0,14682.467
14627.999999999998,13966.683
16248.0,12310.829
13697.0,11918.589
11797.0,11105.436
11097.0,10972.509
11530.999999999998,11535.951
11209.0,13020.352
14421.0,12824.429
19045.0,19589.35
16167.0,16868.168
15138.0,16004.901
14653.0,15544.101
18197.0,14867.983
6139.0,5841.673
6671.0,5745.13
6088.0,5961.387
7172.0,5827.8315
4237.0,4436.6147
6421.0,9571.119
9763.0,8196.466
8111.0,7602.9795
8138.0,7453.5786
7601.0,7076.7705
4752.0,5355.305
6466.0,7175.1587
6460.0,6903.9287
5793.0,7219.237
6036.999999999999,6694.601
5924.0,5720.71
4696.0,5079.066
10341.0,9226.575
7870.0,7884.756
7114.0,7196.2065
7535.0,7126.5933
9522.0,7163.1963
20467.0,16654.184
19316.0,16861.096
19083.0,15890.053
12272.0,14520.23
19876.0,17654.74
18049.0,17047.607
16004.0,15500.532
16691.0,15571.098
16703.0,15741.899
17110.0,16050.993
12331.0,14566.198
20263.0,20735.5
19638.0,17898.21
19677.0,16447.232
18810.0,17227.18
17697.0,16984.469
17687.0,16001.12
12865.000000000002,12915.24
21992.0,17483.527
17268.0,17152.203
15293.0,15504.733
14832.0,15970.683
16388.0,15708.865
16227.0,15514.384
12281.0,13212.18
20310.000000000004,20257.547
19680.0,17135.555
18491.0,15691.538
17137.0,16978.344
18577.0,17040.531
20303.0,15701.647
3574.0,4118.7676
3582.0,4009.3486
3997.0,4106.164
3940.0,4325.265
4345.0,3982.0652
4851.0,6661.504
5391.0,5722.3716
5229.0,5383.7524
5101.0,5401.7065
3309.0000000000005,5501.335
3838.0,4153.706
3979.0,4946.078
3720.0,4439.9976
3263.0,4722.2773
4086.0000000000005,4510.119
3353.0,4366.6255
2232.0,4225.0674
4988.0,5018.1167
4771.0,4888.2427
4267.0,4756.819
4898.0,4776.218
5754.0,4986.3413
5021.000000000001,5944.125
5009.0,5893.8594
6124.0,5852.216
5464.0,5794.71
5173.999999999999,6184.347
7993.0,8564.388
6800.0,7252.3843
5956.0,6783.361
5866.0,6712.338
6019.0,6896.924
6718.0,5746.8438
5292.0,5735.0464
4592.0,5310.865
4736.0,5221.6816
4488.0,5208.394
5068.0,5420.581
5167.0,5879.0586
7283.0,7919.0815
5964.0,6585.4463
6114.0,6154.243
6413.0,6025.137
5924.0,6224.2373
5528.0,7510.596
5714.0,6455.8535
5375.0,5880.338
5852.0,5660.265
4582.0,4633.7974
8562.0,9151.249
7977.0,7760.117
7687.0,7274.131
6861.0,7184.9736
5993.999999999999,7235.064
4777.0,5735.184
6306.000000000001,7553.4214
4883.0,7082.3096
5605.0,6564.664
5023.0,5767.5986
5470.000000000001,5471.901
4367.0,5231.9326
9035.0,8688.999
7924.0,7267.907
7361.0,6791.557
6938.0,6637.5293
8283.0,6626.2036
5267.999999999999,4964.722
5076.0,4675.153
4624.0,4817.485
4739.0,4773.2534
5401.0,6089.3076
4138.0,4761.494
7869.0,8699.054
6639.0,6991.1284
6498.0,6159.812
6543.0,6074.679
5661.0,5850.707
3799.0,4211.7554
4950.0,4675.8755
4512.0,4671.5044
4304.0,4602.1777
4170.0,4912.4424
4910.0,4971.447
3277.9999999999995,4082.4863
6563.0,8401.488
5592.0,6872.511
5329.999999999999,6481.8677
5741.0,6209.7383
7202.0,6073.7456
3872.0,5324.895
4589.0,5043.4307
4066.0,4878.3984
4214.0,4741.6074
2866.0,3933.2195
6769.0,7583.0776
6059.0,6470.761
5807.0,5728.8154
6129.0,5621.898
4343.0,5673.4814
3445.9999999999995,3190.9348
4931.999999999999,4678.24
3911.0,4313.6035
4405.0,4215.592
3857.0,4095.9768
3897.0,4347.429
2631.0,3005.4153
7184.999999999999,7209.818
5337.999999999999,6162.5264
5772.0,5528.223
5983.0,5497.204
8601.0,4893.079
4044.0,4980.6665
4343.0,4693.4194
4665.0,4768.9805
5000.0,5115.026
5829.0,5705.21
6458.0,7302.1807
5008.0,6400.3438
5098.0,6048.005
5181.0,6135.26
6048.000000000001,6319.5015
5738.0,5797.403
5106.0,5262.3184
4479.0,4767.069
4165.0,4517.5796
4438.0,5238.3457
4878.0,5778.8564
6205.0,6807.425
7297.0,6943.6177
5677.000000000001,5840.94
5603.0,5804.622
6137.0,6100.153
6660.0,6262.0234
5324.0,4802.185
4425.0,4391.046
4241.0,4302.935
4646.0,4273.2114
4579.0,4586.5474
3284.0,4005.2368
5254.0,6569.569
4533.0,5980.916
4921.0,5403.246
5050.0,5214.5684
4521.0,4622.027
3039.0,4677.9614
5019.0,4413.8867
4322.0,4199.9756
3698.0,4267.2803
4149.0,4535.839
4448.0,4870.0693
2971.0,4946.854
5197.0,5404.987
4484.0,5314.6475
4708.0,5083.116
4304.0,4897.254
4680.0,4607.5063
3249.0,4026.327
3531.0,3893.5498
3902.0,4059.4001
3287.0,4320.5977
2374.0,3237.1677
5530.0,6705.6187
4694.0,5658.818
5056.000000000001,5314.2188
4331.0,5418.7524
3816.9999999999995,5091.094
2670.0,3507.6023
3410.9999999999995,5336.6455
3565.0,4675.3535
3330.0,4456.7544
3338.0,3989.7866
2826.0,3654.1199
1849.0,2838.8743
5130.0,6034.7163
4705.0,5158.068
4175.0,4526.3833
3908.0,4471.5806
6102.0,3930.3167
4774.0,6832.5747
6819.0,6552.564
7187.0,6692.7764
7149.999999999999,7636.691
9284.0,9720.265
10944.999999999998,10664.602
8133.0,8928.833
7453.0,8688.567
7721.0,8963.825
8552.0,9442.783
9616.0,7802.842
8243.0,7348.8745
6580.0,6556.6807
5513.000000000001,6684.647
8254.0,8163.525
7812.0,8657.7705
11096.000000000002,10124.926
10543.0,10505.285
9414.0,8883.2
7996.999999999999,8773.203
8559.0,9315.44
10677.0,9704.565
5299.0,5811.4653
5813.0,5535.109
6280.0,5673.5303
6804.0,6124.0894
5828.0,6001.5073
9400.0,9514.728
8257.0,7893.581
7444.0,7094.804
7687.0,7078.7944
6425.0,7021.7324
5278.0,5507.8433
5738.0,5813.629
5307.0,5529.3975
5047.0,5715.364
5208.999999999999,5875.8643
5967.0,6015.2764
4950.0,5904.057
9474.0,9300.795
7117.0,7813.8823
7356.0,7245.36
7766.000000000001,7295.301
8531.0,7263.8853
3021.0,3413.8623
3452.0,3445.3894
2920.0,3755.9414
3420.0,3918.8901
2101.0,2794.1997
5755.000000000001,6363.32
5626.0,5174.327
4559.0,5051.583
4093.0,4838.675
4185.0,4664.9336
3107.0,3135.861
3084.0,3765.6802
3251.0,3923.1125
2920.0,3732.2183
2999.0,3733.458
3355.0,3628.9263
2711.9999999999995,2764.3328
5697.0,6836.69
5441.0,5581.5347
4407.0,4977.2773
4298.0,4761.2754
4806.0,4520.568
6980.0,8596.621
8977.0,8774.359
7388.0,8358.222
8547.0,8397.903
7676.0,8292.524
13084.0,12858.497
11559.0,10820.33
11201.0,10018.305
9902.000000000002,9735.358
10014.0,9432.921
8054.0,7351.9995
8022.0,8114.6206
7044.0,8178.2173
7605.0,8584.598
7883.0,8649.358
8886.0,9131.929
8279.0,8090.673
14654.999999999998,12861.088
11684.0,11115.36
10831.0,10533.058
11157.0,10620.649
11592.0,10485.906
2716.0,4757.9595
3721.0,4957.298
3960.0,5184.153
4408.0,5163.6475
2229.0,2442.5422
8792.0,8984.458
7608.0,7304.7466
6679.0,6305.142
5872.0,6338.769
6417.0,6215.274
2477.0,2490.7415
4490.0,5553.616
3902.9999999999995,5094.392
3464.0,4928.0386
4497.0,4533.7104
4318.0,4288.3857
2195.0,1846.4358
9597.0,8677.3545
7943.0,7145.6997
6614.0,6211.35
7689.0,6126.8184
7826.0,5790.203
6087.0,5888.1465
5158.000000000001,5217.588
5662.0,5215.783
6016.0,5361.233
5160.0,6008.062
6335.0,6102.0796
10121.999999999998,10958.347
8512.0,8730.416
8439.0,7907.9277
7837.0,7547.639
6262.0,7325.373
6272.0,6038.5146
6124.0,5649.0117
4402.0,5420.6987
4108.0,5219.932
4300.0,5324.651
5056.000000000001,6011.7515
5148.0,5767.55
9550.0,10121.233
7359.0,8391.099
7227.999999999999,7814.7095
6691.0,7663.7505
9123.0,7667.688
4988.0,4491.89
4700.0,4127.987
4248.0,4279.772
4358.0,4370.4023
4513.0,4634.1504
4037.0,4358.3496
7023.0,7008.0415
5950.0,5844.7437
6078.0,5510.0337
5382.0,5530.306
5514.0,5418.843
4371.0,4313.3975
4896.999999999999,4338.3794
3971.0,4139.4893
3823.0,4182.0073
4010.0,4571.576
4292.0,5230.252
3931.0,4739.4077
6117.0,7248.4727
5302.999999999999,5946.8804
5163.0,5543.8535
4061.0,5420.8115
7292.0,5518.995
12571.0,8767.737
12157.0,8604.248
12648.0,9125.439
9817.0,7894.366
4980.0,6664.6157
13006.0,9517.282
9727.0,8556.304
10330.0,8087.6562
10627.0,9550.092
8706.0,8117.942
10072.0,6952.0073
6933.0,5904.3193
15426.0,12535.898
12406.0,10591.368
10847.999999999998,9614.059
11751.0,9353.001
10894.0,9980.193
11291.0,8158.4785
7707.0,5989.809
11050.0,11686.55
9495.0,8872.915
9966.0,8697.305
10466.0,9653.463
9379.0,9584.162
10119.0,7812.4326
6684.999999999999,7615.3955
16584.0,11922.629
12891.0,10687.319
13417.0,11138.679
12541.0,10019.244
13399.0,10677.6
6188.0,7861.5127
6966.0,6678.963
6955.0,6065.8086
6092.0,6367.7812
6569.0,6428.9487
11982.0,10504.467
9321.0,8983.367
8742.0,8282.865
8233.0,8082.375
7063.0,8253.59
7783.0,7127.192
7319.0,6735.6147
6063.0,6383.8413
5700.0,5975.0635
5756.0,5872.71
6097.0,6519.568
6744.0,6571.9126
10482.0,10726.619
9007.0,8665.281
8186.0,7891.1704
8129.000000000001,7782.2856
9654.0,8032.4434
10300.000000000002,8926.676
9284.0,8417.764
9668.0,8426.361
8280.0,8299.195
10594.0,8508.219
9145.0,9190.657
12022.0,12487.464
11861.0,10813.395
11037.0,10302.915
10705.0,10175.113
10802.0,9607.965
7151.0,8651.747
10552.0,8398.408
9015.0,8100.357
8894.0,8301.506
7838.0,8225.368
7783.0,8821.323
8149.0,8851.079
10847.999999999998,12419.734
9580.0,10912.0205
9214.0,9923.773
8995.0,9812.887
12253.0,9755.577
4173.0,5088.57
3946.0,4805.655
4553.0,4540.2505
3612.0,4488.151
2437.0,2723.7107
8446.0,7840.7007
7291.0,6659.117
6708.0,5904.6816
6143.0,5915.316
5799.0,5303.8555
2450.0000000000005,2833.9531
4607.0,4885.687
4054.0,4316.02
3646.0,4576.2246
4564.0,4240.7656
3851.0,5655.801
2183.0,3694.1714
8866.0,8814.652
7771.0,6971.0645
6200.0,6128.794
5747.0,6325.4194
6455.0,6058.03
4763.0,6328.884
5582.0,5732.4526
5180.0,5338.074
5612.0,5692.0396
4045.0,4656.3037
8816.0,8370.86
8329.0,7411.7285
7106.0,6736.896
6998.0,6892.671
5818.0,6392.0215
3862.0,5162.5947
5887.0,7243.996
5406.0,6728.473
5215.0,5975.2363
5610.0,5301.418
5070.0,5174.142
4065.0,4367.102
9184.0,8085.5176
8165.0,6883.61
6519.0,6267.5415
7535.0,6300.9717
7463.0,6330.8687
4120.0,3877.8691
3121.0,3824.1116
4496.0,3889.5286
3840.0000000000005,3917.6746
4252.0,4246.3525
2584.0,3059.133
6485.0,6773.6064
4997.0,5860.42
5105.0,5234.286
4489.0,5184.409
4737.0,5245.569
2524.0,2797.7344
4167.0,4477.637
3356.0000000000005,4135.6357
3269.0,4141.1504
3242.0,4147.6455
3743.0,4195.361
2403.0,2880.3406
6552.0,6953.9287
5176.0,5704.832
4649.0,5283.516
4532.0,5201.596
5602.0,4886.785
3374.0,4562.3125
5046.0,4333.448
3771.0,4419.266
4018.0,4784.555
5009.999999999999,4905.44
6580.0,7154.4556
5950.999999999999,6225.429
4896.999999999999,5842.2466
4641.0,5848.6543
5328.0,5910.3164
4822.0,4587.371
4812.0,4925.8936
4385.0,4482.435
3595.0,4506.904
4570.0,4547.23
4126.0,4901.8745
4515.0,5071.4565
6617.0,7103.1357
6092.0,5988.2964
5831.0,5672.93
5301.0,5667.207
6487.0,5756.3833
4713.0,4288.78
4276.0,4044.986
3796.0,4160.1953
4530.0,4215.542
4824.0,5705.0674
3690.0,5760.552
7312.0,7758.1113
6698.0,6395.982
5980.0,5748.9443
6283.0,5599.088
5581.0,5158.1216
3776.0,4185.5234
4495.0,4330.4277
3840.0000000000005,4347.0415
3577.0,4227.444
4192.0,4270.738
3889.0,4621.5747
3108.0,4083.4329
5997.000000000001,7317.65
5405.0,6490.957
5006.0,6128.778
5863.0,6213.124
8122.0,6128.196
12933.0,13714.489
13962.000000000002,13036.068
13249.0,12376.249
12839.0,12282.38
16063.0,13784.581
17138.0,17863.367
17276.0,15361.249
18176.0,15019.795
14814.0,14771.059
12933.0,13591.02
16165.0,12462.454
14251.0,11967.9375
12563.0,12820.415
13766.0,11835.568
12770.0,11367.101
12405.0,11634.256
10530.999999999998,15915.314
18520.0,14674.091
17384.0,14062.697
18568.0,13343.783
16307.0,12876.292
17879.0,14101.847
7083.000000000001,9521.363
11024.0,9509.083
10296.0,9545.3955
10772.0,9882.047
12278.0,12765.769
15484.0,13475.9375
11788.0,11836.498
11017.0,11570.383
9838.0,11903.214
9674.0,10507.964
10197.0,9649.13
11194.0,9435.225
7633.999999999999,9382.629
6600.0,9086.797
10864.0,9408.45
9569.0,9549.255
12229.999999999998,11667.181
15328.0,12063.74
11632.0,11066.738
12116.0,10985.283
11542.000000000002,10799.487
12025.0,10917.375
6398.0,6051.5474
5443.000000000001,5622.714
5398.0,5523.774
5737.0,5407.6787
6810.0,5999.864
4625.0,5789.4424
8759.0,8699.348
7332.0,7444.7505
7285.0,7137.4517
7447.0,7045.377
7206.0,7144.2393
5191.0,5746.7817
6200.0,6118.5557
5172.0,5852.9004
4206.0,5988.7964
5964.0,6727.863
5942.0,6809.7046
4770.0,6043.613
8047.0,9237.704
6805.999999999999,7867.3496
6328.0,7385.806
7724.0,7167.8257
8256.0,7046.8657
6269.0,4820.3516
5384.000000000001,4543.723
4877.0,4676.137
4041.0,4569.2095
2822.0,3270.0562
7208.0,7941.379
6820.0,6732.7134
5958.0,6035.5874
5386.0,5890.223
5263.000000000001,4674.301
3225.0,4496.4175
4760.0,4753.0723
4223.0,4386.2666
4037.0,4517.43
4669.0,4419.3203
4380.0,4383.126
2733.0,2897.893
8041.0,7579.4604
6323.0,6406.105
6738.0,6017.67
6148.0,6111.969
8001.0,5870.014
3993.0,4781.1377
4481.0,4651.6357
4605.0,5095.7217
4972.0,5568.3774
5213.0,6124.094
7002.0,7377.213
5052.0,6108.5435
4901.0,6068.4165
5836.0,6212.1895
5918.0,6353.1245
5851.0,5729.1973
4786.0,5145.5728
3738.0,4875.582
4163.0,4598.6646
4746.0,5891.7915
5073.0,5932.017
6270.999999999999,5940.0117
6976.0,7032.502
5628.0,6040.363
5528.0,6104.257
5654.0,6164.114
7250.0,6527.5205
4675.0,5077.398
5818.0,5169.0293
5212.0,5409.8823
6056.000000000001,5551.6426
3805.0000000000005,5284.801
7582.999999999999,7915.4224
6512.999999999999,6952.041
6170.0,6561.6753
6329.999999999999,6471.5107
6708.0,6447.9614
4429.0,5038.631
6579.0,5429.776
5058.0,4979.4307
4313.0,4816.02
4895.0,5247.6445
5970.000000000001,5675.8735
4533.0,4909.9478
8208.0,8128.0786
7745.0,7266.938
6563.999999999999,6828.5513
6750.0,6726.7236
8600.0,6840.954
3769.9999999999995,4097.247
3909.0,4009.8252
4631.0,4210.6123
4045.0,4463.2393
2524.0,3040.8167
5630.0,7070.0195
5500.0,6115.659
3996.0,5575.6333
5351.0,5622.36
3904.0,5233.6665
2688.0,3488.9753
3612.0,5038.6777
3393.0,4691.9775
3031.0,4710.234
4556.0,4257.141
3039.0,3676.9314
1871.0,3121.0996
5387.0,6263.5
4727.0,5226.205
4313.0,4575.463
5259.0,4631.829
5226.0,3931.318
11094.0,8603.091
8217.0,8121.1465
8799.0,8116.115
10807.0,7887.4546
8678.0,8628.588
7982.0,7276.93
13750.0,14245.126
12237.0,12377.141
11302.0,10665.238
12314.0,11079.291
8799.0,10334.353
7811.0,7514.629
10293.0,9049.417
8909.0,8759.439
8163.0,8173.152
9588.0,8559.158
8440.0,8829.809
5543.0,7798.895
12272.999999999998,15118.007
9974.0,13237.272
9924.0,11606.298
12571.0,11810.303
11333.0,10990.649
4311.0,5062.8286
4726.0,4605.105
4492.0,4250.3423
4279.0,4332.6895
4289.0,4479.3276
2497.0000000000005,3191.5388
5735.0,7108.665
4880.0,6031.708
5693.000000000001,5397.4097
4901.0,5407.195
4188.0,5291.073
2329.0,2714.6619
4928.0,4646.6206
3785.0,4331.8135
4010.0,4302.427
3944.0,4950.304
3540.0,4153.5093
2256.0,3313.6174
5384.000000000001,6236.416
4655.0,5340.8257
4807.0,4817.845
4451.0,4900.562
5288.0,3834.4998
14154.999999999998,14115.576
12260.0,12732.957
14466.999999999998,12569.19
13595.0,12741.443
14336.0,12583.484
14969.0,12987.785
19015.0,19067.582
16401.0,17143.01
17076.0,15641.775
14831.0,15433.296
13138.0,14864.565
12990.0,13152.902
12643.999999999998,12607.642
10973.0,12048.38
10612.000000000002,11375.468
10228.0,11636.348
10796.0,12088.579
11589.0,14186.61
17596.0,16382.278
15837.999999999998,15204.419
13934.0,14898.995
14978.000000000002,14909.338
18690.0,15284.849
5073.0,4619.038
4287.0,4224.8
3833.0,4136.433
4417.0,4110.182
4363.0,4466.277
4832.0,4839.009
6301.0,6236.994
5529.000000000001,5594.179
5570.0,5423.607
5810.0,5457.5674
5280.0,5550.9214
4882.0,4902.6157
5272.0,4845.268
4140.0,4639.734
4436.0,4775.422
4207.0,5274.963
4466.0,6241.201
4890.0,5359.5327
6587.0,6554.019
6347.0,5839.1763
5409.0,5505.6255
5136.0,5603.507
6268.0,5483.9414
4408.0,5289.1826
5098.0,4972.6606
4715.0,4666.5073
4204.0,4814.0347
4458.0,4874.796
6364.999999999999,6680.6865
6161.000000000001,5777.9717
5538.0,5674.577
5115.000000000001,5649.8896
4964.0,5587.7466
5508.0,4863.647
5378.0,5006.722
4747.0,4918.6436
4678.0,4878.15
5130.0,4669.9727
4457.0,4876.6597
4594.0,4880.71
6930.0,6604.9297
6641.999999999999,5644.5776
6087.0,5685.586
6221.0,5677.173
6990.0,5837.615
4955.0,5758.82
4410.0,5455.373
4483.0,5392.9126
4690.0,5441.823
5406.0,5759.8857
7071.0,7654.1685
6186.0,6535.8213
5759.0,6193.6294
5570.0,6101.7036
5366.0,6382.388
5676.0,6037.5605
6097.0,5466.9424
5032.0,5102.652
4886.0,4743.117
5118.0,4994.686
5614.0,5437.0376
5468.0,5929.683
6969.999999999999,7329.9683
6719.0,6131.0254
5864.999999999999,5977.8677
7030.0,6146.2656
6675.0,6384.361
9677.0,9241.125
7574.0,8716.642
7854.0,8131.955
8310.0,8210.546
9722.0,9257.786
12104.0,10685.128
13525.999999999998,12757.289
10497.0,10799.943
10630.0,10483.857
10076.0,10929.787
10261.0,10826.275
11407.0,9242.799
8659.0,8782.71
7257.0,8578.89
6936.0,8285.881
7508.0,9890.746
8582.0,10213.33
10131.0,10843.19
12955.999999999998,13013.785
10230.000000000002,10935.35
9021.0,10094.522
10234.0,10727.7705
11417.0,11291.709
7078.0,6621.401
6012.0,5621.154
6528.999999999999,5680.6543
6396.0,5541.1963
6812.0,6359.4473
6097.0,6317.026
10293.0,10341.528
8368.0,8351.445
7957.0,7609.877
8380.0,7597.602
8817.0,7568.615
7265.0,6647.3213
6719.0,5924.926
5169.0,5655.2354
5063.0,5760.955
5962.000000000001,6216.742
6061.0,7270.2095
6020.0,6997.6216
10259.0,10344.566
7897.0,8770.419
8824.0,8208.097
9309.0,8065.6724
12377.0,8388.776
3705.0,4963.9985
4153.0,4705.675
3670.0,4613.846
4021.0,5012.3403
5368.0,5474.3945
6460.0,7037.3394
6060.0,5947.762
5077.0,5892.282
4844.0,5960.8013
5245.0,5837.0024
5068.0,5015.6836
4279.0,4653.295
4109.0,4473.679
3452.0,4326.3066
3808.0,4565.8027
4715.0,5184.865
5273.0,5637.294
7173.0,7081.3877
5664.0,5776.729
4496.0,5617.98
5249.0,5627.411
6153.0,5909.242
5529.000000000001,5777.33
5964.0,5460.1865
6511.0,5310.361
5423.0,5377.087
4594.0,5169.1885
9650.0,8408.725
7507.0,7252.312
8008.000000000001,6831.9287
6657.0,6803.96
6422.0,6853.997
4974.999999999999,4992.466
6754.0,6108.399
5860.0,6010.0073
5897.0,6122.003
6062.0,6241.731
5344.0,6112.385
4912.0,5618.7856
8202.0,9278.764
8159.0,7829.797
6695.0,7087.926
7007.0,7086.022
7701.0,6826.8984
5561.0,6169.967
5931.0,6168.24
6186.0,6420.042
5749.0,6541.4355
5220.000000000001,4933.0903
9591.0,10928.021
9275.0,8912.748
8551.0,7775.2554
8324.0,7403.063
6401.0,7371.6094
5438.0,4832.757
5872.999999999999,5876.2896
5768.0,5652.5615
5764.0,5391.517
6224.0,5503.988
5743.0,5638.516
6200.999999999999,4518.6772
9679.0,9569.209
9004.0,8248.147
8440.0,7612.9526
8713.0,7385.26
9432.0,7177.5522
5127.0,5964.249
6794.0,5800.476
6109.0,6216.8413
6700.0,6375.34
5789.0,6009.249
10776.0,9730.242
8925.0,8319.603
7753.0,7831.737
6635.0,8141.8794
7846.0,7598.4136
6092.0,6595.481
6695.0,6944.735
5378.0,6618.7627
4804.0,6766.8506
6394.0,6599.609
5972.0,6138.003
6307.0,6287.796
10651.0,9771.09
8090.0,8091.247
8367.0,7360.1377
7673.0,7591.616
8422.0,7770.172
4802.0,6149.0977
6419.000000000001,5662.177
6734.0,5672.9326
6632.0,6082.447
7238.0,6845.3584
12393.0,9955.312
9339.0,8481.286
6905.0,7962.4614
8895.0,8213.928
7972.0,8326.803
7878.0,6498.9004
6247.000000000001,6220.6045
5560.0,5922.7305
6333.000000000001,6124.716
6591.000000000001,6349.575
5896.0,7050.5723
7358.0,7075.6587
10833.0,10120.594
8585.0,8494.293
8413.0,8232.144
9623.0,7999.7827
9969.0,8133.4614
5485.0,5965.98
4806.0,5336.639
5656.0,5324.086
5095.999999999999,5153.5693
5183.0,4916.863
4542.0,4383.315
7710.0,7955.522
6501.0,6808.907
7238.0,6092.8745
6033.0,6027.4473
6472.0,6078.8755
4039.0,4151.02
5333.0,5634.413
4276.0,5152.0225
4906.0,5312.93
4411.0,6028.9224
5036.0,5352.797
4036.0,4544.882
7933.0,8066.963
6732.0,6692.4966
6338.0,6256.8384
5739.0,6293.9756
7187.0,6259.8696
2798.0,3695.863
2890.0,3833.2998
3133.0,3911.7217
3356.0000000000005,3744.5115
3669.0,4327.5957
1357.0,2225.4922
6716.0,7353.972
5275.0,5830.786
5309.0,5174.949
4195.0,5146.8623
4178.0,5078.9717
1398.0,1720.2332
3220.0,5044.3325
2935.0,4728.121
2428.0,4114.96
3082.0,4368.7705
3098.0,4446.9863
1017.0,2649.7112
5917.0,7429.5767
5403.0,5677.3345
4259.0,4873.9136
4331.0,4803.8613
5555.0,4006.9795
7510.0,8309.622
7533.0,8145.0425
8507.0,7446.5957
9387.0,7618.1694
8288.0,7687.424
4643.0,4350.354
14617.0,15034.022
12733.0,11841.006
11857.0,10243.613
11451.0,9714.76
8981.0,9017.3545
4490.0,4252.1943
8769.0,7680.5093
8181.0,7616.8813
7541.0,7016.1523
8956.0,7450.4688
7909.0,7339.031
3922.0000000000005,4629.4575
14189.0,14365.449
13553.000000000002,11699.472
11366.0,10114.515
13084.999999999998,10146.803
12554.0,9144.669
5345.999999999999,4370.7188
4471.0,4312.7056
4759.0,4332.413
4742.0,4413.857
4560.0,4703.5527
3062.0,3421.574
6407.0,7284.939
4822.0,6214.964
5808.0,5587.4663
5449.0,5663.8364
4946.0,5599.731
3211.0,3183.1997
4852.0,5127.265
4143.0,4527.424
4038.0,4569.077
4117.0,5153.2173
4022.0,4712.1543
2647.0,3721.0632
6536.0,7097.7773
4904.0,6191.2983
4717.0,5669.3843
4995.0,5699.0684
5896.0,5126.6343
3672.0,4358.6377
2966.0,3971.1675
3523.0,3936.0718
3648.0,3990.462
2461.0,2626.9648
5732.0,6551.668
5058.0,5525.521
4961.0,5035.6323
4534.0,5027.399
4366.0,4366.9014
3035.9999999999995,3198.902
3271.0,5644.496
3445.9999999999995,4788.5703
3357.0,4507.1665
3349.0,4099.5854
3195.9999999999995,3404.5947
2049.0,3228.0425
6096.0,6010.078
4857.000000000001,5051.793
4465.0,4557.4
4228.0,4453.3657
4209.0,4174.4487
5246.0,5508.455
5578.0,5110.8413
5496.0,5052.9863
5521.000000000001,5443.351
5452.0,5777.164
8035.0,7394.1426
6637.0,6451.731
6597.0,6178.526
5501.999999999999,6068.1997
5949.0,6090.921
6174.0,5567.8037
5699.0,5227.0063
5092.0,4830.2227
3851.9999999999995,4807.4917
5339.0,5269.3633
5832.0,5898.173
6598.0,6086.556
7739.000000000001,7759.1113
7579.0,6462.798
6786.0,6202.157
6291.0,6243.4863
6686.0,6606.1235
3324.9999999999995,5542.924
3937.9999999999995,5621.7495
4879.0,5563.6836
5828.0,6259.253
6568.0,7206.6343
9343.0,8841.795
7383.0,7205.2793
6953.0,6950.7197
7158.0,7063.875
8344.0,7130.3765
7251.0,5453.5693
5522.0,5419.6196
4686.0,5413.0576
4787.0,5433.5186
6399.0,6273.5254
5806.000000000001,6173.3193
6684.999999999999,6312.5615
10515.000000000002,9018.316
7754.0,7300.7812
7991.0,7212.127
7850.0,7412.0127
8160.999999999999,7445.4453
6049.0,5423.909
5041.0,4849.6846
5622.0,4702.135
5418.0,4775.1636
5041.0,5259.233
5748.0,5536.754
7930.000000000001,8337.67
7121.0,6802.0737
6622.0,6326.848
5937.0,6403.536
5980.0,6456.9165
5686.0,5646.2456
5691.0,5266.673
4891.0,4926.7627
4779.0,4999.558
5128.0,5020.2124
5527.0,5380.0894
5512.0,5597.3213
8568.0,8107.876
6994.0,6817.449
6565.0,6282.7544
6872.0,6408.216
6778.0,6634.4
7482.0,5717.661
6440.0,5339.3374
7066.0,5408.893
6200.0,5423.995
6622.0,6011.9985
6396.0,5608.9966
8036.0,9061.158
7340.0,7699.002
6777.0,6916.143
7175.0,6571.0435
6843.0,5797.8765
4934.0,5346.541
6648.0,5258.87
6754.0,5162.1504
4809.0,5247.0527
5790.0,5308.5522
6181.0,5849.804
5290.0,5344.5293
7721.0,8828.723
7222.0,7617.6113
7403.000000000001,7232.55
7054.0,7172.3867
7698.0,7355.093
7323.0,8313.289
8143.0,8017.077
8168.0,7574.147
7450.0,7891.9834
7700.0,7314.9087
12684.0,12443.459
11562.0,10483.452
10839.0,9698.089
10108.0,10001.399
9121.0,9533.322
7988.0,8007.979
8522.0,9432.119
7451.0,9083.185
7452.0,8908.129
8212.0,8452.158
8128.0,8338.752
7456.0,8072.286
12928.0,12991.298
11255.0,10572.447
11177.0,9369.5
10078.0,9635.755
10519.999999999998,9724.103
7395.000000000001,8704.619
7424.0,7866.641
7549.0,7824.2637
7864.0,7507.9937
5714.0,5442.7896
10798.0,12466.457
9586.0,10234.882
9247.0,9303.646
8076.0,8974.18
8441.0,8718.124
5407.0,5234.209
8011.0,7591.198
6918.0,6913.73
6751.0,6736.5557
6563.999999999999,6591.3125
6616.0,6664.248
4487.0,5121.934
9935.0,10828.485
8371.0,9489.709
7544.0,8717.488
8137.000000000001,8893.232
11786.0,8325.831
7246.0,5983.638
5902.0,5692.45
6355.0,5743.8975
6773.0,5127.456
7603.0,6044.075
3845.0,3722.7798
9807.0,10140.549
8808.0,8371.598
7663.0,7424.112
7237.0,7224.978
7740.0,7015.916
3334.0,3066.07
6942.0,6428.429
5781.0,6325.6523
4828.0,5828.973
5060.999999999999,6200.049
6396.0,5962.0293
2804.0,3534.7476
8902.0,10682.947
8352.0,8656.063
7725.0,7965.1133
7335.0,7812.552
8259.0,6508.74
6165.999999999999,5894.186
6571.999999999999,5532.3867
6019.0,5572.859
6781.0,6148.24
7173.0,7119.6523
10655.000000000002,9600.217
8034.0,8163.3037
8230.0,7374.2476
8095.0,7828.6133
8063.0,8025.9756
7830.0,7287.545
6691.0,6418.5615
5671.0,6437.4814
5715.0,6175.9536
7250.0,7094.9126
6703.0,7401.4297
8281.0,7606.2505
10393.0,10212.023
7975.0,8589.823
8023.0,8473.726
8189.0,8581.384
9397.0,8554.629
3769.0,4057.2864
3388.0,3789.3313
3842.0,4196.648
3615.0,4358.797
2157.0,2702.774
6212.000000000001,6846.6143
5499.0,5854.202
5242.0,5434.381
4855.0,5281.886
4351.0,4838.174
3117.0,3382.1755
3995.0,5314.8335
3676.0000000000005,4806.0293
3674.0,4871.416
3666.0,4332.0195
3983.0,3833.998
2235.0,2870.9685
6358.0,6870.567
5849.000000000001,5717.5234
5278.0,5138.626
7351.0,4943.831
7383.999999999999,4771.866
7504.0,7886.692
8080.0,7402.6084
7945.0,7176.271
7733.0,7903.205
8618.0,9099.906
10228.0,10448.959
8905.0,9053.777
8934.0,8625.689
8725.0,9042.965
8389.0,9054.841
9863.0,8387.657
8648.0,7841.4106
7016.0,7544.378
6748.0,7431.789
8528.0,8907.83
8280.0,9308.618
10288.999999999998,8942.495
10388.0,9343.609
8841.0,8350.66
9575.0,8654.903
9976.0,9541.273
12073.999999999998,10088.158
4704.0,6149.4287
6240.0,5728.413
4996.0,5353.804
4994.000000000001,5108.104
4960.0,4969.4985
7846.0,7956.822
7488.0,6964.07
6925.0,6474.2236
7103.0,6508.2324
5675.0,6337.491
5551.0,5352.839
4865.000000000001,5720.095
4429.0,5800.72
4801.0,5760.394
4417.0,5521.5137
4260.0,5499.7524
4853.0,5662.9683
6966.0,8377.275
6816.0,6709.3003
6269.0,6133.836
5837.0,6071.8203
7296.0,6051.2144
4516.0,3557.3599
3642.0,3738.267
4042.0,3819.6213
4788.0,3809.4114
4493.0,4017.2686
2511.0,3516.3633
6348.999999999999,6621.3354
5102.0,5856.1616
4718.0,5378.007
5614.999999999999,5204.532
5263.000000000001,4935.128
2367.0,3405.0676
4688.0,4293.0947
3529.0,4265.5254
3721.0,4145.7065
3970.0,4286.4634
4183.0,4493.6406
2644.0,3517.205
5413.0,6787.141
4966.0,5831.94
5326.0,5412.4463
5412.0,5340.572
6306.000000000001,4890.224
5063.0,6024.8564
5397.0,5954.837
5872.999999999999,5945.9536
6106.999999999999,6076.093
3891.0000000000005,4227.033
8249.0,10535.325
7809.000000000001,8636.488
7625.999999999999,7515.1265
7188.000000000001,7488.456
6597.0,7660.7725
4106.0,3997.5833
5453.0,6991.4927
5568.0,6374.689
5670.0,6048.454
5864.999999999999,5846.932
6906.0,5440.095
3948.0,4329.9414
7672.0,9795.956
8481.0,8446.001
7315.0,7359.7217
7454.000000000001,7190.766
9636.0,6875.864
5928.0,5761.1577
6238.0,5758.532
6820.0,6340.6772
6584.0,6293.3037
3931.0,4456.1646
10374.999999999998,10087.334
7951.0,8626.04
6908.0,7923.8726
7559.000000000001,8065.9478
6619.0,7374.24
4216.0,5266.835
6999.0,8372.629
5432.0,7689.8936
5423.0,7625.2764
6187.0,6621.521
5837.0,5907.474
3428.0,4697.3286
10087.0,9756.425
7366.0,8033.043
6097.0,7296.231
8159.0,7160.351
8847.0,7100.874
5432.0,5610.8203
5072.000000000001,5414.113
5695.0,5537.9067
5242.0,5816.6006
4463.0,4720.5093
9402.0,8875.409
8170.0,7479.8286
6778.999999999999,6772.451
6235.0,6690.1973
5224.0,6745.8696
4519.0,4424.736
5222.0,6738.152
5102.0,6076.8726
4863.0,6111.4355
5326.0,5502.2646
4820.0,5172.457
3612.0,4406.3184
9574.0,8390.841
7240.0,7087.355
6492.0,6424.8716
6807.0,6419.3022
6887.0,6255.7153
8489.0,8022.1064
7075.000000000001,7321.7554
8412.0,7564.378
8949.0,7706.32
9460.0,8455.158
7506.0,8162.798
15294.0,14247.034
12555.0,11694.525
9967.0,10759.265
10188.0,10847.331
9633.0,10482.878
6992.0,7661.135
7984.0,9755.166
6563.0,8954.275
5971.0,8887.3545
7437.0,8903.891
8242.0,8557.983
7320.0,7418.188
16426.0,15428.064
11190.0,12781.382
10281.0,11921.837
12281.0,11690.28
12025.0,10529.059
5065.0,5951.2163
4868.0,5404.4824
6227.999999999999,5238.2603
5442.0,5717.742
6981.000000000001,6244.2744
9416.0,8937.887
7313.999999999999,7694.6064
7901.0,7140.2905
7278.0,7570.2603
6447.0,7924.788
7469.0,7144.9272
6710.0,6468.6313
5956.0,6134.162
6067.0,5921.65
6351.0,7068.9937
5685.000000000001,6790.237
7732.0,7140.873
10438.0,9194.421
7582.999999999999,7630.895
7705.0,7347.432
7760.0,7724.0747
8837.0,8288.711
6501.0,5440.2925
5317.0,5192.5435
5490.0,5434.6074
4880.999999999999,5469.085
6026.0,7787.9297
3453.0,6961.2964
8371.0,9002.587
7422.0,7874.7007
6788.0,7020.6636
7139.0,6784.2925
5094.0,6307.675
3629.0,4396.273
6078.0,5035.4346
4911.0,5064.11
5235.0,4733.321
4930.0,4848.0034
4475.0,5291.592
3167.0,4057.5303
7050.0,9265.544
5199.0,7725.58
6633.0,7017.392
7670.0,6637.3457
11777.0,6401.4434
3706.0,5383.2573
4392.0,5245.3584
5564.000000000001,5637.5293
6187.0,6082.1025
5644.0,7543.2725
8836.0,7888.9077
7742.0,6587.473
6194.0,6644.111
6676.999999999999,6713.089
6410.0,6850.1357
5972.0,6880.1055
5832.0,6249.208
4963.0,5993.604
4505.0,5841.0464
5032.0,5832.5737
5882.0,5947.262
5751.0,6284.9614
8086.000000000001,8166.185
7140.0,6869.821
6926.0,6600.3433
7252.0,6423.7466
6769.0,6815.1196
5950.999999999999,6110.4365
5740.0,5250.478
5708.999999999999,5004.8716
6101.0,5179.992
2599.0,2824.118
8450.0,8826.441
8152.0,7525.317
6762.999999999999,6747.7812
6738.0,6483.683
5669.000000000001,5545.73
2217.0,2838.9106
6351.0,6642.366
6162.0,6095.9956
4654.0,5540.4688
5620.0,5274.3726
5181.0,4396.8447
2433.0,2951.9053
7759.0,8852.254
8250.0,7677.699
6767.0,6526.9907
7768.0,6697.887
7544.0,5694.3086
5837.999999999999,5499.4336
5541.0,5369.779
4581.0,5518.9624
4914.0,5261.7163
5233.0,5579.852
4406.0,5373.4556
8060.0,7820.8003
6931.0,6483.575
6275.0,6222.619
6019.0,6062.925
5890.0,5992.634
4360.0,4725.939
5322.000000000001,4811.9595
4420.0,4588.077
3897.0,4540.2476
4828.0,4667.9727
4437.0,4972.2227
3947.0,4247.5757
6805.0,7857.6885
6081.0,6793.178
5087.999999999999,6318.059
5650.000000000001,6360.5864
7428.0,6319.242
7840.999999999999,7653.3867
6298.000000000001,7026.878
6214.0,6131.845
6675.0,5938.4146
7090.0,6683.9365
7695.0,7302.023
9996.0,10282.785
8964.0,8509.538
8246.0,7972.807
8206.0,8183.899
7731.000000000001,8247.887
7403.000000000001,7533.7197
6639.0,6501.951
5980.0,5984.6797
5892.000000000001,5777.599
5847.0,6022.286
6536.999999999999,6798.128
7454.000000000001,7174.068
8742.0,10418.986
7523.0,8656.965
8047.0,8149.2305
7772.0,8029.813
9461.0,8200.983
5857.000000000001,5998.459
6448.0,5566.3423
6359.0,5790.3696
7316.0,6332.7583
8142.0,7389.0767
9477.0,8347.0
7351.0,7369.2183
6441.0,7199.0273
7110.000000000001,7585.184
6294.0,7784.7446
7262.999999999999,7106.457
6019.0,6196.771
5604.0,5640.3037
4584.0,5415.4077
7412.0,6079.8413
6919.000000000001,6586.368
8563.0,8139.591
8392.0,7729.5845
6796.0,7305.132
7328.0,7408.0146
6617.0,7456.034
6929.0,7517.6543
6660.0,6092.696
5293.0,5741.9736
6361.0,5665.032
6888.0,5297.521
6044.0,6428.054
3811.0,4481.2007
11987.0,10686.564
8670.0,8544.273
8023.0,7727.064
7996.0,7586.72
6733.0,7292.83
3333.0,4321.2954
6614.999999999999,7420.4297
5731.0,7219.5396
5142.000000000001,6354.513
5108.0,5879.788
5731.0,5717.1187
3459.0,4085.5693
11288.999999999998,10742.452
8086.000000000001,8664.69
7897.0,7905.4766
8270.0,7377.87
7968.0,6807.3853
5033.0,5105.8076
5241.0,5171.9053
5173.999999999999,5160.7104
5191.0,5024.8794
6214.0,6856.644
2188.0,3508.4326
10011.0,10534.371
7803.0,8892.979
7270.999999999999,7282.468
6919.000000000001,7207.139
6813.0,6776.9106
2057.0,2773.2754
4934.0,7537.4023
4813.0,6920.282
5177.000000000001,5496.944
4906.0,5780.6753
5169.0,5104.1636
2196.0,2889.7712
9082.0,10563.623
8708.0,8731.782
6904.0,7656.339
7676.0,7558.6426
8541.0,6655.7617
3350.0,4877.8154
3823.0,4949.67
3914.0,5061.4067
4129.0,5452.9033
4165.0,3985.2375
8560.0,9374.788
7311.0,7407.2324
6208.0,6314.401
6848.999999999999,6234.216
8245.0,5992.677
5698.0,4127.4033
5948.0,4760.289
4520.0,4453.6875
4604.0,4259.942
5340.0,4520.6
5546.0,4772.985
5739.0,3557.4597
13084.999999999998,8409.44
9672.0,7292.3306
9937.0,7059.7173
9084.0,6866.576
10764.0,6434.011
7625.999999999999,8932.701
8638.0,8414.939
8559.0,7903.0093
9128.0,8175.4204
7920.0,7372.378
12755.0,12327.241
11083.0,10881.584
9803.0,10303.123
10118.0,10618.836
10244.0,9465.9
7153.000000000001,8884.863
9130.0,8914.038
7779.0,8791.354
7526.0,8524.478
9009.0,8079.0137
8410.0,7785.2646
7148.0,7617.5938
12960.0,11496.488
11826.0,10085.861
11028.0,9010.288
11803.0,9426.444
12729.999999999998,9608.059
5661.0,5435.6807
4995.0,5463.511
4876.0,5585.399
5858.0,5873.316
5990.0,6063.0454
8139.0,8655.886
7120.0,7520.9927
5950.0,7189.3184
6260.0,7160.445
6934.0,7251.2397
6587.0,6312.333
5555.0,6034.582
5250.0,5774.8403
4693.0,5386.122
5863.0,5424.625
5567.0,5916.896
6700.0,6836.4355
7764.0,8279.921
6965.0,6872.014
6606.999999999999,6577.0356
7197.0,6754.9766
8103.0,6954.2773
3642.0,4496.1846
4221.0,4403.4194
3644.0,4493.1396
3740.0,4646.2515
2393.0,3253.925
5804.0,7350.796
5254.0,6453.004
4791.0,5964.804
4718.0,6028.253
4590.0,4984.5234
2694.0,3945.4382
4291.0,5942.884
3305.0,5265.055
3533.0,5201.4155
3632.0,4470.082
3671.0,3638.0613
1798.0,3259.0154
6172.0,6461.841
5157.0,5404.5205
4834.0,4676.556
4862.0,4691.237
5620.0,3704.9167
9284.0,10971.643
10890.999999999998,10527.234
9833.0,10236.114
11024.0,10164.806
9893.0,10756.534
17395.0,16512.777
13189.0,13751.408
12830.0,13265.917
12686.999999999998,13117.01
11704.0,12440.912
11290.0,10550.837
10283.0,11732.888
8706.0,11969.932
9206.0,11409.591
9945.000000000002,11740.902
9818.0,10870.171
10505.0,11589.265
16578.0,16073.131
12279.000000000002,13263.021
11408.0,12129.135
10850.0,12282.592
15013.0,11807.84
4246.0,4777.9556
4243.0,4850.5503
4247.0,4688.469
4415.0,4944.277
3214.0,3558.6584
8267.0,7780.315
6512.0,6688.6924
6222.0,6039.8975
6260.0,5985.687
4360.0,5711.4785
3334.0,4774.276
5422.0,6211.1553
4331.0,5244.287
4356.0,4939.279
3970.0,4616.5425
3717.0,4221.326
2620.0,3245.107
7012.0,7540.402
6270.999999999999,6323.5107
5842.0,5650.923
6726.0,5437.643
6889.0,5349.008
2742.0,3630.6912
2839.0,3472.0312
3034.0,3344.5002
2527.0,3204.9412
2590.0,3412.1902
3858.0,4524.503
4147.0,4098.298
4023.9999999999995,3967.6558
3073.0,3931.0315
3139.0,4189.594
2725.0,3806.7815
2530.0,3425.984
2830.0,3131.634
2783.0,2893.716
2879.0,3009.347
2715.0,3024.5317
2543.0,3345.6396
3851.0,4537.47
3578.0,4063.9119
3700.0,3957.569
3287.0,4033.3835
3671.0,4206.058
8210.0,7201.6953
7721.0,6406.311
6324.0,6428.2017
6573.0,6221.275
7355.0,7191.0205
6399.0,6191.525
11030.0,10770.852
9741.000000000002,9168.796
8642.0,8008.9565
8448.0,8073.456
8530.0,7815.151
5587.999999999999,6626.1216
6999.0,6227.9473
6756.0,5745.4434
6073.0,5705.15
6144.0,5867.2354
6404.0,6954.561
4852.0,6434.096
9765.0,11507.293
8805.0,9228.827
7601.0,8666.788
8543.0,8676.03
13143.0,8433.956
6282.0,7752.6196
8240.0,7217.1772
7921.0,7239.0723
8355.0,7808.108
9165.0,9646.586
11344.0,10817.807
9601.0,9350.643
8441.0,9101.0205
8370.0,9699.617
9283.0,9458.798
10847.0,8271.939
8022.0,7870.5186
7034.0,7889.818
6033.0,7744.2197
8335.0,8930.436
8240.0,8781.758
10282.0,10013.407
11851.0,10623.887
10596.0,9120.681
10329.0,9068.214
10081.0,9758.64
11956.000000000002,10569.514
7262.0,11097.044
9378.0,9924.708
8630.0,9001.779
8872.0,9144.778
9812.0,9129.652
14509.0,13854.901
13152.0,11811.097
12549.0,10810.445
10643.0,10986.727
9784.000000000002,10383.198
9217.0,9242.25
8827.0,10361.001
8413.0,9717.057
8116.0,9216.002
8472.0,8728.22
7688.000000000001,9005.728
9518.0,8682.889
17075.0,14321.852
15487.0,11955.703
13387.0,10573.807
15681.0,10575.43
18933.0,10995.437
3703.0,4847.9277
5071.0,4750.561
5162.0,4601.485
4986.000000000001,4872.9053
4295.0,4235.7305
7047.0,6882.627
6098.0,6130.9004
5491.0,5829.1187
5417.0,5866.5967
4709.0,5661.542
4301.0,4836.132
5111.0,5198.91
4367.0,4731.539
4094.0000000000005,4749.38
4818.0,4677.85
4404.0,4774.3423
4324.0,4181.3564
6431.0,6848.416
6018.0,6022.1675
5551.0,5679.9355
5992.0,5555.9004
6016.0,5747.367
5223.0,5236.0024
5086.0,5013.599
4935.000000000001,5127.235
5520.0,5241.5786
5834.0,5715.554
4399.0,5114.614
8990.0,9722.486
7502.0,7859.386
6555.0,7195.8735
6838.0,6919.3823
6396.0,6648.736
4956.0,4902.0366
5014.0,5184.7866
4619.0,5007.3867
4111.0,5180.9004
4086.0000000000005,5185.734
5171.0,5304.6084
3947.0,4851.4243
8287.0,9397.697
6520.999999999999,7668.518
6149.999999999999,7318.7734
6260.0,7266.0635
10460.0,6890.1245
5683.0,5867.16
4943.000000000001,5304.0293
6156.0,5274.052
5968.0,5291.1445
5492.0,5799.459
5922.0,5979.063
8888.0,9211.554
8010.0,7690.0947
7666.0,7255.651
7840.999999999999,7340.5566
7914.0,7410.7637
6220.000000000001,6101.57
6339.0,6316.5474
4971.0,5887.299
4237.0,5820.0034
5099.000000000001,6419.9604
4851.0,6485.0854
5992.0,6123.029
8394.0,9134.761
6727.0,7277.4443
5995.0,6819.6714
6861.0,6724.441
7947.0,6732.868
3135.0,3911.152
3280.0,3776.5322
3142.0,3747.0007
3054.0,3863.0376
3492.0,4230.991
1374.0,2228.4177
6081.0,6626.745
5076.0,5657.7925
4478.0,4920.322
3851.9999999999995,4914.903
3627.0,4703.2334
1567.0,2058.4824
3333.0,4358.171
2633.0,3779.1272
2621.9999999999995,3717.4412
2944.0,3584.5994
3302.0,3758.8638
1283.0,2118.7488
6211.0,6863.6255
4123.0,5543.0215
3972.0,4956.1396
3538.0,4895.915
5012.0,4143.127
5593.0,5815.005
5769.0,5335.422
5833.000000000001,5339.6157
5579.0,5619.098
6977.0,6055.9487
7590.0,8148.1377
7112.0,7166.746
6430.0,6875.184
5729.0,6896.3984
6705.0,6976.7827
6897.0,5956.5493
6036.0,5911.3525
4319.0,5558.467
4603.0,5432.562
5557.0,5755.9604
5056.000000000001,6379.045
6887.0,7444.686
8528.0,7900.354
7432.0,6382.6865
6926.0,6338.799
7171.0,6790.1626
7509.0,7083.393
6143.0,6795.227
5797.0,6582.648
5801.0,6460.349
6928.0,6592.7656
6376.000000000001,6666.027
8847.0,9749.357
9002.0,8331.592
7752.0,7757.107
7372.0,7849.558
6936.0,7976.2
6681.0,6927.4985
7079.0,7190.9897
5930.0,7041.0156
5839.0,6977.0938
5872.0,6778.448
5750.0,6616.028
5778.0,7531.1924
9306.0,9813.026
8054.0,8163.27
7424.0,7707.7715
7241.0,7672.821
8687.0,7884.821
6171.0,6716.8936
5364.0,5740.732
5804.0,6015.66
6313.999999999999,5866.9883
6001.999999999999,6026.814
5241.0,4451.9937
11054.0,10831.658
8464.0,8926.344
7746.999999999999,7940.442
7618.000000000001,7763.8423
6376.000000000001,7700.2534
4880.999999999999,4756.188
5525.0,8691.84
5366.0,7869.7
5325.0,7106.816
5949.0,6353.4253
5132.0,5945.316
4929.0,4955.311
11407.0,10354.853
8354.0,8515.817
7849.0,8088.6924
8503.0,7649.6406
10050.0,7645.895
4818.0,5473.7227
4356.0,5416.3594
5175.0,4935.4106
5509.999999999999,4866.4673
3782.0,4220.778
7709.0,7947.755
6539.0,6940.051
6504.0,6383.733
6514.0,6338.61
5917.0,6444.5425
4470.0,4586.0635
4933.0,6007.889
5127.0,5299.9526
4613.0,5101.187
5052.0,5037.887
4648.0,5148.303
4072.0,4476.8228
7957.0,7760.2554
7240.0,6616.0327
5990.0,6047.4863
7396.0,6066.419
7979.0,6256.683
7326.0,7391.8013
6039.0,6743.0083
6926.999999999999,6082.3145
6919.000000000001,5742.675
5584.0,5978.199
3199.0,3291.0981
11033.0,11002.126
8965.0,8756.3955
7813.0,7568.174
7051.0,7390.284
6934.999999999999,7231.6924
2921.0,3159.9006
6530.0,7970.9546
5401.0,7335.55
5005.0,6420.2925
5954.0,6479.981
5090.0,5529.7627
2812.0,4266.335
9434.0,11093.834
9378.0,9015.508
7895.000000000001,7762.984
8114.0,7738.6226
8466.0,7413.274
6434.0,7429.069
7210.0,6863.2305
7713.0,6875.174
7441.0,7318.236
7200.0,8073.25
14079.0,11676.521
9970.0,9906.521
9683.0,9241.6875
8160.999999999999,9457.099
7664.0,9220.046
8110.000000000001,7496.554
7610.000000000001,7867.227
5695.0,7801.4272
5495.0,7683.318
6334.0,7025.9976
6683.0,6947.901
6579.0,6843.12
13075.0,11157.923
9745.0,9044.146
10072.0,8425.477
9988.000000000002,8213.778
11906.0,8599.458
2543.9999999999995,3617.6106
2320.0,3408.9805
2929.0,3421.1216
2725.0,3218.8188
3226.0,3476.494
4810.0,4411.885
3708.0,4260.4844
4090.0000000000005,4126.1035
3132.0,4287.797
3269.0,4237.023
2675.0,3513.1738
3417.0,3400.8225
2711.0,3114.2727
2510.0,3033.465
2682.0,3184.1106
2335.0,3390.1082
2602.0,3491.784
3725.0,4881.043
4019.0,4218.642
3331.0,4002.8508
3944.0,4012.6672
4576.0,4055.3223
4613.0,6064.8022
5147.0,5253.5093
5060.999999999999,5168.6943
4952.0,5236.911
3492.0,4508.8843
7119.0,8684.067
7950.0,7137.3833
6923.0,6398.9604
6526.0,6358.36
4997.0,5942.7935
3854.0,4747.8696
5587.0,4818.097
4856.0,4802.2236
4233.0,5095.2437
3888.0,5051.018
3780.0,5509.017
2892.0,4464.604
7181.0,8742.561
6248.0,7443.8643
6047.0,6424.993
6264.0,6108.1177
9654.0,5947.4917
4604.0,5514.1533
5558.0,5334.61
5462.0,5332.386
5098.0,5051.3657
3531.0,4580.794
9548.0,8484.353
7273.0,7424.0845
6958.0,6750.4097
6813.999999999999,6656.5845
6460.0,6147.393
3789.0,4612.117
5477.0,5145.0054
4618.0,4828.5605
4891.0,4905.21
4787.0,4783.431
4695.0,5075.325
3320.0,3913.7976
7872.0,8994.9
6165.0,7261.702
5921.0,6460.497
5765.0,6341.733
7323.0,6313.847
4494.0,5866.857
5052.999999999999,5474.7666
4656.0,5015.7837
4678.0,5016.6743
3214.0,3886.4343
7151.0,8166.2476
7090.0,7082.155
6430.0,6195.587
5721.0,6205.2964
5548.000000000001,5778.4
3734.0,4014.2434
4966.999999999999,5744.383
4912.0,5257.037
4700.0,5215.5015
5049.0,5001.885
4187.0,4854.696
3673.0,4079.2598
6856.0,8089.107
6258.0,6763.901
6528.0,5981.701
5801.0,5945.742
6614.999999999999,5863.451
4329.0,4247.843
4945.0,4530.7617
5049.0,4856.5967
4860.0,5054.719
3104.0,3466.145
8957.0,8342.501
7158.0,6702.0693
5979.0,6182.6035
6156.0,6303.6167
5274.0,6007.5596
2688.0,3771.6807
5226.0,4850.091
3950.0,4672.212
3910.0,4724.986
5292.0,4560.5796
4668.0,4923.0723
2692.0000000000005,3521.8135
8778.0,8220.092
7592.0,6839.244
6027.0,6333.929
7027.0,6159.0103
6992.0,6057.9214
6376.000000000001,6479.9473
6192.999999999999,6226.841
5895.0,6255.152
6433.0,5870.5264
7353.0,6352.054
9559.0,8406.589
8537.0,8397.182
8166.0,7660.539
7049.0,7798.91
7426.0,7661.603
8554.0,7532.745
7199.0,6542.7915
6526.0,6106.6436
5715.0,5506.1445
6760.0,5776.8745
6485.999999999999,6412.0625
7434.0,7045.593
8637.0,9366.907
6180.0,8246.854
6747.000000000001,7586.8374
6335.0,7537.424
7541.0,8058.7485
7636.0,7809.905
6749.0,6614.4043
7264.0,6740.6763
6152.0,6565.685
5646.0,8474.847
5525.0,8376.783
11026.000000000002,13006.716
9498.0,10557.554
9012.0,8994.665
8673.0,8845.437
7486.0,8894.058
5889.0,7399.3877
5702.0,6627.1226
4792.0,6259.7266
4907.0,5893.7705
5181.999999999999,5852.0684
5599.000000000001,6727.919
5530.0,7159.5566
11384.0,11616.13
9270.0,9707.174
8090.999999999999,9411.218
8656.0,9344.814
10711.0,9175.165
4728.0,5646.7915
5265.0,5254.6416
4736.0,5054.669
5839.0,5071.4805
6208.0,7572.68
7885.0,7377.534
8144.0,6558.15
6350.0,6480.4165
6120.0,6525.958
6473.0,6463.961
5316.0,5562.475
6799.0,5074.0054
5092.0,4754.555
4942.0,4818.354
4929.0,5104.763
5476.0,5970.282
8028.0,6128.5127
7948.0,7345.3687
8004.999999999999,6483.422
6544.0,6282.059
7084.0,6553.8184
8088.0,6771.4907
5171.0,4816.7573
4397.0,4467.3716
4112.0,4473.795
4493.0,4526.7793
4906.0,5892.068
3519.0,4423.1694
8205.0,8162.1562
6247.000000000001,6470.2534
6076.0,5803.3477
5906.0,5739.7666
5454.0,5606.129
3686.0,3554.1548
4669.0,4441.5957
3811.0,4332.8047
3925.0,4261.1006
3859.9999999999995,4223.0215
4665.0,4616.9126
3580.0,3308.81
6963.0,7734.602
6592.0,6336.8096
5602.0,5942.0874
6431.0,5921.9717
8330.0,5494.026
6466.0,8645.511
7401.0,7622.6606
6925.0,7175.9434
7159.0,6718.331
4958.999999999999,4873.437
10856.0,12146.116
10484.0,10133.524
9646.0,9208.246
8471.0,9249.802
8315.0,8513.894
5321.0,6018.7637
7596.0,7679.8535
7218.0,7434.84
6710.0,7548.103
7187.0,7105.18
7468.0,7099.255
4519.0,5549.335
11033.0,11850.277
10732.0,9913.014
9192.0,8771.884
9400.0,8911.835
9455.0,8563.949
4480.0,5838.2197
4735.0,5595.428
5374.0,5562.8906
6117.0,6264.3203
6753.0,6579.95
10291.0,9836.361
9010.0,8260.025
7342.0,7657.228
7426.999999999999,7810.6543
7265.0,8120.0947
8012.0,6820.592
5949.0,6001.34
5070.0,5636.036
4989.0,5397.8804
5101.0,5937.7334
5371.0,6392.7437
9344.0,6682.8926
13546.0,10098.306
9587.0,8312.815
9691.0,8213.147
10116.0,8036.047
9706.0,8119.269
8156.0,7609.8687
6477.999999999999,6872.1675
7682.0,6920.222
7002.0,7000.629
8181.0,7773.259
7996.0,7768.52
12805.0,12983.875
11038.0,10692.68
9842.0,9512.563
9404.0,9846.822
9766.0,9801.846
7877.0,8088.337
7751.0,8231.731
6007.0,7463.13
6272.0,7280.2656
6541.0,7301.2305
6858.0,7767.196
6980.0,7317.0015
13676.0,12414.813
9338.0,10332.337
9520.0,9905.262
9417.0,9842.917
11985.0,9653.97
8787.0,9316.563
7464.0,8259.296
8162.0,7941.4634
7722.0,7623.074
8082.999999999999,8143.9395
7975.0,8148.7827
12831.0,13418.543
10670.0,11260.35
10587.0,9888.747
9443.0,10274.479
9637.0,10051.739
7579.0,8234.984
8675.0,8329.917
7615.0,7656.9307
6811.0,7784.9736
7619.0,7845.7915
7312.0,8544.251
5953.0,8209.478
12207.0,13660.286
10011.0,11229.811
9374.0,10199.316
9491.0,10221.791
11554.0,9837.044
3416.0,4232.991
5083.0,4336.0684
4288.0,4417.5073
4696.0,4687.731
4540.0,4540.105
5818.0,7197.154
4709.0,6239.114
5509.0,5893.8506
5048.0,5824.225
5705.0,5591.788
4790.0,4719.956
4926.0,4554.1113
3850.0,4313.308
4069.0,4490.0874
4864.0,4924.4746
5140.0,4715.687
5382.0,4895.9766
6134.000000000001,6403.928
5886.0,5455.159
5897.0,5380.4907
5274.0,5308.6875
6266.0,5423.6147
4761.0,5645.456
6054.0,5361.7695
5985.0,5352.9033
6178.0,5693.311
4749.0,5075.3237
9309.0,8931.85
8077.0,7690.9897
7391.0,7051.7944
6187.0,6922.1274
7238.0,6963.4917
5470.000000000001,5432.205
6544.0,6178.899
5218.0,5808.234
5072.000000000001,5793.598
5195.0,5853.9995
5547.0,6071.2705
5358.0,5798.1855
9943.0,9217.402
8832.0,7546.6724
7557.0,7052.7153
8683.0,6912.9653
9980.0,6947.7734
5842.0,5962.8584
5714.0,5822.6167
6898.0,6221.6514
5991.0,6547.0024
5344.0,5910.0757
9086.0,9880.61
9054.0,8391.942
7563.0,7606.2983
7766.000000000001,7358.467
7182.0,7252.327
5864.0,5618.3164
6595.0,5960.829
6112.0,5765.0503
5194.0,5600.3057
5790.0,6071.305
6059.0,6264.8325
5578.0,5735.481
9782.0,10145.42
9839.0,8810.432
8817.0,7860.9185
8045.0,7776.986
9063.0,7773.358
8039.0,7136.3853
6950.0,6641.371
8077.0,6578.5967
7366.0,6675.0913
6910.0,7369.281
7938.000000000001,7786.621
11150.0,11609.977
9631.0,9545.871
9520.0,8852.441
8702.0,9214.984
7934.0,9134.367
7062.0,8195.2705
8506.0,7906.9087
6840.0,7561.3677
6160.0,7518.0
7000.0,7479.006
6941.0,7896.0386
8174.0,8243.847
9987.0,11404.118
10113.0,9480.749
9060.0,9196.236
8862.0,9429.72
10145.0,9049.269
6458.0,7667.389
6959.0,7376.2476
7149.0,7110.8276
7391.0,6833.8394
6512.0,6498.117
11236.0,10347.264
9027.0,8847.964
8266.0,8291.647
8598.0,8599.183
9379.0,8412.683
7173.0,6867.381
8077.0,6977.917
6713.0,6951.7725
6073.0,6833.2656
7175.0,7221.1826
7277.0,7649.584
7100.0,7289.286
12108.0,10395.438
10562.0,8967.302
10239.0,8179.1963
10882.0,8632.283
11620.0,8740.5
6952.0,7227.9673
6954.000000000001,6932.3975
7097.0,6759.7617
7819.0,6844.781
4835.0,5102.055
10745.0,11010.836
9035.0,9441.862
8813.0,8815.708
7874.0,8886.692
8097.0,8212.78
5146.0,5558.6416
7088.0,8076.0234
5926.0,7639.795
6915.0,7329.9897
6425.0,6504.2793
7139.0,6473.8696
4326.0,4922.1265
9520.0,10570.471
9616.0,9184.478
9011.0,8137.9604
9294.0,8246.435
12593.0,7772.3877
2599.0,3483.275
2698.0,3334.4058
4852.0,3712.774
3297.0,3753.8828
2011.9999999999998,2284.677
5324.0,6408.2837
5014.0,5031.282
4276.0,4510.375
5821.0,4885.1416
3718.0,4404.8145
2116.0,2508.0723
2674.0,3933.72
2789.9999999999995,4008.4128
2480.0,3725.2983
4174.0,3685.0425
2617.0,3228.73
1275.0,1997.4313
4819.0,5527.5005
4479.0,4792.013
3900.0,4266.272
5929.0,4415.6475
4350.0,4122.1025
11048.0,9189.458
10365.0,10012.733
9860.0,8456.521
6649.999999999999,6483.952
13229.0,10566.906
8737.0,9204.48
8561.0,9265.003
8378.0,9432.45
8191.0,8661.796
8356.0,7315.3394
6512.999999999999,6328.9634
14275.0,12993.835
9225.0,10248.516
9586.0,10462.246
9680.0,9837.634
10091.0,10681.597
9764.0,8595.186
7049.0,5957.3516
13865.000000000002,12085.6875
8469.0,9248.708
9000.0,8732.463
9107.0,8786.089
8476.0,9039.67
8684.0,7676.978
5897.0,6447.2188
13966.0,13376.692
8774.0,10136.02
8249.0,10264.486
8778.0,9626.29
9128.0,10655.817
9974.0,8987.489
4710.0,6553.5156
5969.0,6217.909
5651.0,6325.6665
6407.999999999999,6400.329
5638.0,5590.5474
10261.999999999998,10577.765
8199.0,8671.878
7242.0,7800.825
7079.0,7643.1157
7386.0,7504.4966
6545.0,6082.0737
5636.0,5977.8296
4514.0,5728.258
4991.0,5834.3096
6536.999999999999,5741.0063
5550.0,6212.5127
6637.0,5847.3047
9949.0,10197.91
8740.0,8482.938
7937.0,7760.263
7761.0,8022.0586
10087.0,8221.171
5766.0,6216.505
6508.0,6011.125
6346.0,6201.147
7154.0,6540.967
5100.0,5032.7935
10327.000000000002,11119.035
8737.0,9080.022
8081.0,8315.237
9236.0,7879.4043
6653.000000000001,7910.141
6079.0,5613.379
6825.000000000001,6754.109
6004.0,6312.649
5613.0,6240.284
6280.0,6106.9165
5469.0,6176.0425
5585.0,5379.432
9461.0,10340.322
7615.0,8764.504
7789.0,8054.796
8617.0,7894.282
11960.0,7853.278
10518.0,10294.992
8058.0,9036.904
8464.0,9157.238
8883.0,8548.589
8982.0,9127.919
8200.0,8270.542
13851.0,14437.487
10425.0,12266.458
12616.999999999998,11030.727
10534.0,11325.445
10911.0,10691.635
7206.0,7866.6733
10696.0,10564.871
7756.0,9428.722
7883.0,9198.241
7719.0,10017.407
8460.0,9430.38
7014.0,8489.871
13080.000000000002,14490.112
10858.999999999998,12128.658
10044.0,10617.371
9558.0,10873.892
11868.0,10671.17
5731.0,4780.3086
4964.0,4266.2217
5458.0,4193.9385
4663.0,4277.0117
4758.0,4530.2534
5102.0,4986.5093
6375.0,5861.3735
5942.0,6421.7188
6005.000000000001,5957.1016
4734.0,5619.5938
5034.0,5481.7344
5213.0,5155.8896
5160.0,4845.737
4906.0,4877.417
4264.0,4481.991
4172.0,4572.9727
4880.0,5054.32
4807.0,5563.942
7233.0,6236.5874
5673.0,5996.1123
5993.0,5734.662
6866.0,5574.7954
7144.0,5641.386
3269.0,3559.4749
3117.9999999999995,3479.107
3578.0,3313.8645
3621.0,3351.0671
3353.0,2691.8572
4836.0,5452.1465
5179.0,5045.8237
4804.0,4622.8706
4686.0,4580.3657
4663.0,4121.994
2949.0,2939.81
4121.0,4445.4473
3637.0000000000005,3731.2437
3841.0,3895.7888
4183.0,3654.9658
4611.0,3355.4907
4469.0,3140.5974
4977.0,5234.973
5134.0,4333.342
4778.0,4200.635
4860.0,4283.268
4833.0,3643.1067
15404.0,13893.103
14977.0,13204.311
14335.0,12581.017
7615.0,8788.044
7361.0,5773.173
11993.0,10830.229
11419.0,11136.581
11487.0,10445.793
11717.0,11289.177
10923.0,10358.931
7926.0,8869.847
7840.0,6129.6035
16565.0,16545.186
15333.000000000002,15071.302
13866.0,14004.548
13525.999999999998,14214.329
11827.000000000002,12775.22
7968.0,9004.773
8590.0,6431.9565
10601.000000000002,12081.514
9917.999999999998,12147.412
9829.0,11073.172
10065.0,11351.994
9122.0,10679.172
6851.0,9455.133
6821.999999999999,6180.427
14722.0,17173.996
13595.0,15065.583
12320.0,13968.3955
13025.999999999998,13425.394
13979.0,12523.9375
7439.0,7650.1196
6744.0,7217.06
7138.0,7387.931
6821.0,7166.7275
7096.0,8294.252
5125.0,5938.1826
11439.0,13692.705
9784.000000000002,11054.42
9673.0,9766.469
9917.0,9747.747
8017.0,9581.942
5017.0,5778.5806
7740.0,8609.487
6352.0,7910.729
6713.0,7161.772
6750.0,7127.78
6027.0,7167.9497
4392.0,5165.268
10411.0,12832.392
8525.0,10421.934
8559.0,9473.548
8879.0,9518.806
10439.0,8541.573
5138.0,7737.733
8144.0,6975.6206
6903.000000000001,6824.4326
7546.0,7434.5503
9230.0,10216.391
13904.0,11474.83
11118.0,9446.7
8648.0,8906.883
8672.0,8985.524
8209.0,8998.846
10567.0,7533.8594
8583.0,6729.422
6713.0,6377.533
6212.000000000001,6523.679
7765.0,7045.255
7426.0,8195.352
10266.0,8420.523
13498.0,10288.696
11244.0,8587.423
10880.0,8717.189
10163.0,9217.773
10159.0,10286.451
4107.0,5191.224
4056.0,5156.1606
4910.0,4988.978
4601.0,4925.967
2517.0,2867.9414
7214.0,8605.153
6295.0,7320.832
6270.0,6439.473
6202.0,6343.31
5518.0,5786.8315
2474.0,3501.8948
4551.0,6200.791
4716.0,5379.091
4752.0,5234.7773
5165.0,4693.1265
5427.000000000001,4154.076
3049.0,2599.3416
8675.0,7793.363
8698.0,6619.019
7059.0,5639.0894
7205.0,5432.224
7633.0,5379.7295
5899.0,6242.0586
5599.000000000001,6191.7964
5552.999999999999,5888.0684
6632.0,5401.3125
5725.0,5564.393
2671.0,3614.7651
10433.999999999998,10195.542
8887.0,8505.16
6971.0,7143.6094
6711.0,7183.099
6321.0,7025.597
2361.0,3351.6106
5603.0,7753.506
5111.0,6692.844
4562.0,6008.256
5747.0,5986.2075
4852.0,6143.8457
2392.0,3853.468
9902.000000000002,10446.78
7766.000000000001,8296.2295
6911.000000000001,7168.1724
8244.0,7034.6147
7542.0,6761.915
7388.0,8766.41
8096.0,8585.512
7685.0,8025.9644
7703.0,8580.769
7820.0,10481.461
12611.0,12323.03
10111.0,10243.897
10470.0,9434.775
9496.0,9629.55
8055.0,9279.001
8630.0,8325.549
8237.0,8487.885
6539.0,8395.152
6759.0,8267.431
6626.000000000001,8151.394
8277.0,8143.2285
8173.0,8681.812
12018.0,11240.1
10326.0,9584.793
9826.0,9140.426
9416.0,9359.837
10471.0,9513.278
3169.0,3658.0952
3121.9999999999995,3535.0886
3253.0,3537.0103
3672.0,3658.387
3808.0,3952.8923
1590.0,2511.1248
5484.0,6655.6284
4413.0,5604.3706
4257.0,4894.7773
4773.0,4782.5215
4112.0,4539.0674
1651.0,2031.003
3144.0,4252.1484
3135.0,3930.2708
2546.0,3747.2434
3223.0,3859.4946
3441.9999999999995,3617.8271
974.0,1945.0383
5261.0,6163.552
4612.0,4901.985
4227.0,4416.228
4188.0,4281.203
5107.000000000001,4106.078
5323.0,6931.692
5847.0,6542.9946
5876.000000000001,6069.0454
5855.0,5913.6494
5095.999999999999,5024.3525
10001.0,9264.461
8917.0,8111.0757
7803.0,7784.6685
7172.0,7585.9316
7733.0,7335.014
4696.0,5507.4844
6370.0,6413.236
5060.0,6196.182
5130.999999999999,6050.8643
6121.0,6013.308
6422.0,6164.756
4898.0,5370.5107
10444.0,9838.821
7117.0,7992.7275
6231.0,7193.857
7416.0,7082.693
7729.0,7060.6943
4489.0,5539.3423
5022.0,5278.8125
4555.0,5067.444
4251.0,4897.0317
3894.0,4739.2017
7262.999999999999,7610.8223
6936.0,6531.057
6023.0,5991.126
5720.000000000001,5996.6294
4662.0,5955.5967
4310.0,4915.688
5333.0,5840.976
4724.0,5707.235
4595.0,5317.4307
4778.0,5033.7866
4132.0,4802.2485
4065.0,4601.227
6774.0,7215.2036
6434.0,6125.5127
6170.0,5807.51
5565.0,5666.6494
7070.0,5936.9243
5630.999999999999,6205.2676
5370.0,6183.467
6524.0,6365.11
7668.999999999999,6835.78
7507.0,7286.1846
13082.0,10336.49
10498.0,8730.361
8854.0,8539.812
9180.0,8754.294
8578.0,8917.262
8316.0,8044.479
7073.0,7732.55
6559.0,7292.281
5620.0,6871.5767
6848.0,6760.5757
6552.0,6961.0513
6292.0,6805.956
10791.0,10609.572
8905.0,8679.496
7751.0,7832.5527
9221.0,7909.695
9780.0,7882.417
4714.0,5266.853
5372.0,5320.527
5474.0,5411.014
5097.0,5475.2207
3281.0,4144.622
9374.0,9311.953
9027.0,7468.924
7085.0,6253.7188
6590.0,6286.061
4998.0,5942.4976
3768.0,4808.1123
5482.0,5453.416
5159.0,5601.938
4544.0,5546.542
5130.999999999999,5519.4854
4548.0,4766.8193
3091.0,3485.5757
9020.0,8671.082
7692.0,7453.515
6426.0,6308.7207
7397.0,6330.221
7496.0,6105.9795
4288.0,5489.1025
4509.0,5335.34
4730.0,5450.7695
4513.0,5947.6304
3894.9999999999995,3380.3713
11224.0,10810.389
9218.0,8716.252
7688.000000000001,7586.583
7201.0,7618.7715
7312.0,7233.8086
4566.0,4438.7275
5339.0,5929.657
4629.0,5643.7383
4497.0,5429.7236
4931.999999999999,5422.7593
4631.0,5201.1196
5031.0,4322.424
13414.0,10877.677
8608.0,8791.44
7469.999999999999,7896.516
7916.0,7583.021
8039.999999999999,7094.627
5847.0,7714.4
6684.999999999999,7399.435
7206.0,7098.285
7618.000000000001,7834.537
8581.0,8151.7207
10460.0,10969.639
9335.0,9886.098
8850.0,9176.406
8171.0,9636.247
8524.0,9823.198
8645.0,8730.631
7625.999999999999,8108.044
6750.0,7558.0483
6610.0,7189.294
6752.0,7375.6924
6951.0,8441.812
8881.0,8801.014
11760.0,11030.3125
9585.0,9428.687
9373.0,8670.696
9412.0,9104.084
10257.000000000002,9812.103
3617.0,4988.7544
3503.0,5111.674
4122.0,5231.617
4725.0,5081.689
3308.0,2398.6443
9593.0,9381.351
8188.000000000001,7649.927
7701.0,6781.7295
7482.0,6665.709
6059.0,6208.688
2407.0,3391.1711
5108.0,6095.7896
4435.0,5540.7603
4618.0,5740.582
5484.0,5259.6533
3651.0,4833.6763
2471.0,2844.5012
9309.0,9551.008
6721.0,7601.4893
8145.000000000001,6579.2485
7159.0,6253.421
6695.0,6235.6597
8288.0,7503.368
7465.0,7202.4727
7663.0,7450.105
8839.0,7313.6406
8535.0,7823.832
7908.0,6801.3555
11125.0,12861.393
10685.0,11100.236
11109.0,10048.879
10519.999999999998,10085.389
8889.0,9617.676
8537.0,6965.829
9022.0,8477.354
7855.0,8249.729
8207.0,8689.825
8635.0,9274.014
7784.0,8008.421
5980.0,7990.6284
12288.0,11766.829
9528.0,10109.077
9777.999999999998,9771.719
9783.0,9699.931
14308.0,9675.278
8868.0,11474.879
9474.0,10659.329
9195.0,9900.549
9820.0,9094.998
9132.0,10638.895
14906.0,15049.302
11200.0,12160.474
12917.0,11296.888
11914.0,11146.631
10994.0,9959.698
9616.0,8152.39
9460.0,8193.811
7479.0,7603.8945
8727.0,7758.505
8209.0,8001.4937
8007.0,8655.629
8650.0,8448.706
13455.999999999998,13198.185
11421.0,11175.759
10542.000000000002,10143.284
11476.999999999998,10304.845
14464.0,10167.157
19130.0,14819.181
17629.0,13569.369
15871.0,14154.469
16513.0,14171.331
15675.0,14956.264
15820.0,14210.456
22486.0,22277.518
18782.0,20059.889
18387.0,18680.984
18096.0,18442.535
16202.0,16686.586
14657.0,15043.426
17949.0,15172.889
14845.0,15501.169
13131.0,15316.285
13781.0,14925.394
13143.999999999998,15424.907
13867.0,15674.526
18104.0,20981.607
16035.0,18857.92
16845.0,18154.16
15796.0,16850.076
18308.0,16052.738
6119.0,6567.6997
6610.0,6277.0283
7260.0,6189.8237
6948.0,6666.5674
6994.0,5868.3726
10436.0,10712.306
9360.0,9336.608
8715.0,8705.765
7823.0,8878.679
7512.0,8524.622
6853.0,7400.9023
6924.0,7575.2056
6891.0,6937.333
5842.0,6859.351
7141.999999999999,6773.4424
6793.0,7189.386
7138.0,7024.329
9536.0,11305.837
9991.0,9555.645
9366.0,8724.782
9581.0,8851.56
11449.0,8718.625
4053.0,4153.6133
4092.0,4204.7896
4017.0,4298.2114
4727.0,4379.99
2539.9999999999995,3124.2576
7109.0,7340.4126
5966.0,6136.238
5385.0,5604.1675
5472.0,5513.536
5248.0,4782.1606
2662.0,2966.7166
4291.0,4185.2065
4302.0,4155.277
3660.0,4169.641
4439.0,4182.74
4299.0,4472.6685
2443.0,2541.0828
6145.0,7309.324
5636.0,6037.0386
5452.0,5481.2886
5518.0,5337.0303
5849.000000000001,5204.533
3545.0,4818.2397
4374.0,4984.093
4051.0000000000005,5130.987
4458.0,5583.2075
4046.0,4958.7305
7509.0,8925.898
6419.000000000001,7258.0557
5394.0,6427.4
5862.0,6331.3384
5912.0,6220.9023
4308.0,5049.9316
4412.0,5005.8677
3996.0,4620.6494
3902.9999999999995,4721.12
5506.0,4621.172
5341.000000000001,5054.6445
5933.0,4697.1816
10123.0,8032.1265
8272.0,6808.247
8070.0,6613.42
7622.0,6572.953
8547.0,6236.0723
3203.9999999999995,3930.561
3879.0000000000005,3734.599
3937.0,3773.6396
3859.9999999999995,3917.2903
2964.0,3450.5417
5646.0,5697.64
5089.0,5009.386
4826.0,4767.1553
3952.0,5095.7065
4350.0,4622.759
3931.0,4258.6304
3744.0,4614.7407
3060.0,4208.432
2962.0,3895.7336
4252.0,3824.2273
3866.0,3706.8813
3755.0,3798.4265
7023.0,5227.966
5019.0,4627.6885
4321.0,4408.5254
6063.999999999999,4609.6426
6268.0,4808.481
2219.0,3229.195
2663.0,2991.5505
2822.0,2794.8022
2444.0,2801.3088
2426.0,2599.1804
4633.0,4718.1514
4137.0,4155.0806
3792.0,4068.6172
2937.0,4117.652
3071.0000000000005,4009.5117
2220.0,2850.535
2590.0,3741.5796
2550.0,3372.9294
2592.0,3118.083
2658.0,2971.8894
2914.0,2963.1555
1845.9999999999998,2693.7227
4502.0,4815.705
3973.0000000000005,4215.914
3484.0,3825.9624
2897.0,3935.864
3648.0,3707.7502
11082.0,10224.865
9492.0,9436.502
9826.0,9509.412
10065.0,8833.923
10099.0,9346.735
9144.0,7986.4785
14652.0,15936.848
12522.0,13496.939
13848.0,11838.467
12789.0,11635.4375
11675.999999999998,11272.734
9064.0,7980.3174
11154.0,9905.264
9709.0,9477.45
8854.0,9646.536
9090.0,10770.253
9160.0,9757.114
7207.0,8662.018
13318.0,16659.857
11540.0,13951.67
10613.0,12228.339
10659.0,12301.972
12620.0,11554.443
7103.0,7563.211
7190.0,7455.6704
7168.0,7021.1143
7040.000000000001,6927.152
4594.0,4576.2812
12427.0,12119.198
9267.0,10011.538
9413.0,9332.668
9095.0,9479.216
7800.0,9040.42
5337.0,5521.9453
7983.0,8428.976
6823.0,7886.442
5518.0,7787.0107
5909.0,8420.291
6391.0,7621.725
3530.0,6990.1367
10487.0,12858.082
9094.0,10329.629
7270.999999999999,8679.943
9108.0,8908.13
12450.0,8771.067
4190.0,5197.127
4799.0,5107.4204
4506.0,5644.4062
5386.0,5595.8223
6232.0,5639.769
7902.0,8030.028
5983.0,7020.231
5984.0,6683.266
6252.0,6744.9443
6839.0,7087.653
6625.0,6324.5596
5337.999999999999,5637.4424
3790.0,5431.125
4060.0,5187.6367
4749.0,6431.845
5017.999999999999,6823.8457
6162.0,6435.005
7299.0,8402.247
7108.0,6723.0566
6699.0,6761.4536
7122.0,7170.885
7797.0,7365.6343
8128.0,9198.9
7183.0,8531.533
7104.0,7772.8584
9058.0,7431.8115
5426.0,5495.634
10398.0,13176.243
10432.0,10893.567
9505.0,9874.28
8752.0,9720.807
9279.0,9433.257
6012.0,5021.5166
8340.0,7982.825
7488.0,7814.166
7082.0,7756.1255
7258.0,7094.02
7402.0,6645.9375
3804.0,5178.9585
10777.999999999998,11399.968
9861.0,9399.18
7550.0,8553.356
10094.0,8730.857
13989.0,8334.777
5342.0,5019.1562
4630.0,4577.869
5460.0,4718.343
6381.0,4804.3584
6481.0,5521.599
5285.0,5861.952
7961.999999999999,8025.851
6782.000000000001,6686.721
6179.0,6384.6094
6152.0,6374.8027
6437.0,6286.5215
4768.0,4995.953
4948.0,5061.1074
4555.0,4991.3374
3998.0,5159.432
5477.0,5305.043
5443.000000000001,5293.122
5218.0,5080.821
7866.0,7577.253
5890.0,6590.6353
6579.0,6285.31
6591.000000000001,6428.605
7224.0,6382.862
11303.0,10270.991
10309.0,9707.206
10728.0,9410.411
10367.0,8758.3955
9073.0,9489.799
5835.0,7707.4854
14392.000000000002,15011.304
13057.999999999998,13152.928
11937.0,11396.976
11799.999999999998,11133.437
10772.999999999998,10396.078
5833.000000000001,5929.766
10866.0,11021.117
10508.0,10443.129
9530.0,9747.758
9323.0,10285.208
8831.0,9051.905
4908.000000000001,7102.9927
13258.0,15786.551
11957.0,12671.671
10473.0,11383.777
10132.0,11467.674
10489.0,9986.627
2252.0,3969.9556
3393.0,4044.1155
3367.9999999999995,4167.566
3365.0,4702.495
3563.0000000000005,4872.346
5509.999999999999,7100.425
4468.0,5771.2705
4656.0,5468.6562
5404.0,5620.407
5380.999999999999,5808.533
5392.000000000001,5098.2344
3707.0,4944.627
4344.0,4771.5967
3435.0,4557.5967
4211.0,5199.399
4749.0,4910.9565
5219.0,5096.2544
8021.0,6334.8267
6726.0,5369.747
5390.0,5445.647
5737.0,5722.257
6278.0,5595.466
4355.0,5382.897
4351.0,5080.7383
4208.0,5098.253
5113.0,5305.1216
4735.0,4900.417
6530.0,7986.6484
5705.0,6642.496
5466.0,6197.8555
6229.0,6111.174
6575.000000000001,6349.7676
5673.999999999999,5499.1543
5212.0,5711.996
4984.0,5454.199
4634.0,5518.6836
5090.0,5832.779
4837.0,5612.3013
5115.000000000001,5717.728
8421.0,7137.0107
7040.000000000001,5955.5264
6619.0,5911.4023
7164.0,6037.6523
7799.0,6008.699
4346.0,4923.456
5194.0,5109.5234
5394.0,5427.535
5642.000000000001,5481.584
4737.0,4426.686
8314.0,8515.702
6712.000000000001,7294.004
6310.0,6665.8013
5691.0,6700.512
5420.0,6344.099
4640.0,4440.0366
5946.0,5806.5703
5236.000000000001,5377.697
4575.0,5373.426
6219.0,5281.6846
6157.999999999999,5296.4053
4888.0,4968.688
8727.0,8150.292
7342.0,6950.597
6805.0,6432.0
7601.0,6400.689
7421.0,6375.404
6347.0,8576.127
8104.0,8300.692
7678.0,8008.1
8319.0,8494.957
9089.0,7985.163
12341.0,13713.334
11345.0,11575.336
12115.0,10910.75
10218.0,10313.35
7848.0,9769.961
8249.0,8111.7393
7553.0,7987.1655
6727.0,7793.7773
6996.0,7582.994
6358.0,7383.374
5845.0,8002.0947
5570.0,8092.397
9494.0,13085.283
9740.0,10769.251
9782.0,9352.763
9881.0,9192.616
12233.0,9574.352
3251.0,4887.038
4836.0,4723.7827
3905.0,4915.6787
4332.0,5333.6035
5237.0,4962.8726
6378.0,7763.595
5550.0,6581.5083
6128.0,6093.485
5450.999999999999,5942.8433
6218.0,5882.0347
5629.0,4977.9604
4576.0,4671.879
4196.0,4282.916
3842.0,4301.4663
5229.0,4736.0063
4939.999999999999,5005.8994
5146.0,5163.2065
6813.0,6964.6235
5818.0,5785.943
6285.0,5730.153
6247.000000000001,5664.4653
7645.000000000001,5859.157
5308.0,6293.874
5141.0,6036.014
5660.0,5742.9263
6071.999999999999,5586.5024
6307.0,6312.1553
2725.0,3286.3967
10441.0,11130.48
8212.0,9329.672
8822.0,7709.5337
7364.0,7523.3833
6245.0,7330.2583
2436.0,2889.8713
5778.999999999999,8141.698
4511.0,7253.1313
5608.0,6417.81
5241.0,6215.1553
5683.0,5107.5293
2180.0,3572.2007
8831.0,10791.182
8287.0,8702.599
8167.0,7592.9697
7856.0,7351.5356
9547.0,6247.5645
3638.0,4888.6816
4427.0,4829.635
4775.0,4957.1934
5138.0,5329.251
5589.0,5917.401
6646.0,7729.2407
6118.0,6712.8213
5403.0,6321.098
5277.0,6438.851
5099.000000000001,6780.5615
5299.0,6471.1084
5335.0,5788.2354
4306.0,5056.9937
4423.0,4589.4517
4700.0,4757.1885
5517.0,5323.2534
6803.0,6185.7314
7398.0,7436.542
7140.0,6192.403
6263.000000000001,6084.951
6692.999999999999,6186.474
7561.0,6567.8667
4218.0,5713.514
4166.0,5087.8706
3979.0,5185.3677
4290.0,5163.1626
3492.0,3856.3674
9019.0,8624.674
5829.0,7075.8843
6514.0,6347.7793
6001.999999999999,6423.7847
5454.0,6119.688
3997.0,4483.3325
3387.0,4697.502
3924.0,4614.3716
3412.0,4742.2075
3908.0,4698.951
3543.0,4539.422
3578.0,3669.3657
8247.0,8063.3896
6563.999999999999,6343.8154
6667.0,5695.6187
5646.0,5671.4004
7598.999999999999,5334.6836
5660.0,7852.323
6477.999999999999,6975.5903
6466.0,6154.45
6803.0,6483.594
5538.0,5407.8657
10377.0,10227.7705
8949.0,8790.279
8865.0,8011.091
8272.0,8234.635
7671.0,7934.3643
6016.0,6291.8364
6918.0,8379.793
6694.0,7174.4243
6275.0,6906.0005
7054.0,6357.004
6554.0,6282.12
5516.0,6219.1045
9836.999999999998,9963.377
9122.0,8474.644
8025.0,7570.986
9103.0,7693.9004
8763.0,7823.9556
3276.0,4558.3877
4541.0,4416.728
4569.0,4857.888
4955.0,5287.1235
5193.000000000001,6160.502
8022.0,6834.0947
5196.0,5710.526
4841.0,5723.3193
4719.0,5933.2393
5308.0,6081.478
5069.0,5158.443
5531.0,5164.186
4007.0,4720.1313
3226.0,4756.412
4772.0,4992.6133
5248.0,5167.598
6560.0,5963.2603
7674.0,6973.9204
6384.000000000001,6039.3853
6293.0,5832.6387
6761.0,5934.532
6972.0,5926.927
6796.0,6222.595
5926.0,5425.762
6902.0,5418.6763
6137.0,5525.4224
6226.0,5990.6084
6113.0,5970.0854
10501.0,10297.21
8420.0,8582.8545
8632.0,7817.5728
7827.0,7615.8057
7606.0,7656.296
6156.0,6246.478
6821.0,5891.182
5199.0,5532.797
6256.0,5509.3296
6479.0,5580.206
5685.000000000001,6268.796
6122.999999999999,6503.414
9167.0,10881.508
7944.0,9099.574
9004.0,8758.911
8264.0,8473.497
11260.0,8233.529
7910.999999999999,7004.9653
6541.0,6401.997
7931.0,6338.4673
7066.0,6469.427
7383.999999999999,7226.775
8280.0,7528.7563
9906.999999999998,9414.124
8476.0,8217.579
8305.0,7893.819
8579.0,8236.033
9570.0,7989.6787
7822.0,7255.774
7031.0,6812.9116
5735.999999999999,6445.639
6483.0,6403.443
6465.0,6997.4775
6379.0,7792.0356
7011.0,8157.638
8707.0,10181.402
6510.0,8565.766
7787.0,8283.061
8629.0,8147.272
9969.0,8301.913
8087.0,9063.414
6955.0,8767.08
7046.0,7947.0723
6944.0,7498.857
6880.0,8015.6475
6702.0,9090.854
8576.0,10848.58
7852.000000000001,8847.63
8538.0,8465.795
7766.000000000001,8353.3
6797.0,8490.241
6172.0,7127.541
7946.000000000001,7233.0664
7156.0,6457.7554
6926.0,6573.201
7356.999999999999,6628.819
6503.0,6919.489
5909.0,6563.0366
9739.0,9549.323
7921.0,8511.627
8348.0,7886.3135
8521.0,7893.722
9349.0,7693.2876
6267.0,6665.2646
6719.0,6415.059
6290.000000000001,6175.975
7233.0,6475.6606
7768.0,6586.3887
11743.0,10058.712
9058.0,8552.402
8824.0,8018.75
8351.0,8078.5186
8037.0,8325.575
8410.0,7075.814
6812.0,6844.239
6706.0,6480.7705
5928.0,6150.389
6710.0,6827.915
7254.0,7241.5093
8221.0,7473.644
11824.0,10749.558
9540.0,8806.172
10112.000000000002,8521.445
10117.000000000002,8369.369
12046.999999999998,8482.198
5924.0,6721.1104
6503.0,6144.083
6538.0,6136.9517
6578.0,6302.557
5782.0,6229.738
8623.0,9513.105
7402.0,8184.7783
6984.0,7737.4688
6782.000000000001,7781.5483
7182.0,7697.134
5435.000000000001,5821.9946
6992.0,6985.674
6343.0,6483.8633
6054.0,6330.0435
5337.999999999999,6574.4404
5399.0,6254.8555
3877.0,6135.0034
6044.999999999999,9032.078
6770.999999999999,7657.1846
6657.999999999999,7087.7866
7807.0,6798.405
8328.0,6799.627
5828.0,5405.602
4934.0,4956.317
5607.000000000001,4862.4336
5971.0,5314.3286
5556.000000000001,5799.6006
5073.0,5467.5825
7890.0,7564.844
6390.0,6656.8857
6633.0,6485.427
6820.0,6529.78
7407.0,6379.1177
5713.0,5308.298
5335.0,5317.7583
4498.0,4966.1235
4474.0,5202.4106
4625.0,5581.618
5482.0,6279.5396
4535.0,6111.2646
7856.0,8244.111
5282.0,6799.418
6370.0,6588.587
6783.0,6589.369
7294.0,6783.541
10648.0,11138.327
9743.0,10011.501
10545.0,9651.361
9297.0,9110.901
10826.0,9691.255
6584.0,6936.0635
16803.0,16766.178
14356.0,13933.387
12973.0,12061.411
11520.0,11909.47
11780.0,11193.624
6252.0,7106.2266
10003.0,12831.98
8763.0,11786.914
8718.0,10584.017
9749.0,10303.69
8970.0,8859.221
5121.0,7557.235
17463.0,16975.148
14449.0,13381.045
11716.0,12130.468
12562.0,11845.218
13962.000000000002,10472.783
4292.0,4442.6304
4380.0,4426.132
4528.0,4434.8936
4418.0,4607.384
2836.9999999999995,3275.9436
6098.0,7084.809
5976.0,6010.876
5513.000000000001,5484.948
4907.0,5551.0205
5175.0,5225.5244
2957.0,3814.241
4561.0,4948.332
4072.0,4476.4443
4308.0,4648.3555
4431.0,4456.66
4206.0,4552.4766
3264.0,3609.781
6430.0,7159.89
6512.999999999999,6283.3716
5111.0,5727.674
5357.000000000001,5617.113
6345.0,5326.969
4293.0,4974.1753
4773.0,4549.94
4923.999999999999,4689.713
5339.0,5027.1426
5062.0,5667.8774
6770.999999999999,7196.217
5515.0,6113.493
5810.0,5913.0664
5216.999999999999,6116.689
5797.0,6048.623
6434.999999999999,5592.4307
4824.0,5150.2925
4296.0,4923.3784
3946.0,4693.2573
5036.0,5219.165
4958.0,5548.136
5786.999999999999,5597.507
6583.000000000001,6799.286
6622.0,5823.0415
5992.0,5646.0483
6323.0,6007.222
6996.0,6444.7705
8400.0,9794.071
8607.0,9860.483
9167.0,8530.86
9471.0,8861.774
7978.0,9239.196
15863.0,13802.726
13140.0,11618.698
11754.0,10639.707
10587.0,10744.597
10936.0,9892.851
9062.0,7814.8457
10501.0,9288.448
8487.0,9595.905
8512.0,9192.128
8695.0,8630.981
8197.0,8140.678
6256.0,9087.307
14473.0,13392.19
12308.0,11199.627
11241.000000000002,10437.232
11337.0,10838.939
14730.0,10274.425
6867.0,6889.0586
5829.999999999999,6232.195
6563.999999999999,5688.8193
6208.0,5581.7524
5703.0,6264.9756
7114.0,7009.672
9600.0,9832.062
9049.0,8005.4414
8192.0,7562.141
7932.0,7476.2305
8090.999999999999,7376.7173
7446.000000000001,6227.469
6421.0,5927.774
5270.0,5599.299
5405.0,5630.286
5579.999999999999,5852.043
5846.0,6413.148
5794.999999999999,6891.522
9200.0,10006.841
8109.0,8114.4995
7644.0,7649.1304
6770.999999999999,7545.14
8831.0,7524.719
7592.0,9732.212
8239.0,9221.056
9292.0,8520.908
8779.0,8232.642
7018.0,6750.8584
13767.0,14627.186
10275.0,11920.385
11489.0,11186.919
10349.0,11069.992
9065.0,9564.454
6442.0,8164.49
7182.0,8958.607
6682.0,8345.885
6770.999999999999,8186.84
6957.0,7690.21
6511.0,7615.519
5129.0,6644.42
10975.0,13161.268
10334.0,10833.707
9860.0,9539.9795
9700.0,9419.085
10772.999999999998,9291.328
9262.0,7835.1074
9109.0,7188.096
9078.0,7684.158
7290.000000000001,5579.152
3855.0,4175.658
11567.0,8764.234
8905.0,6531.2593
8927.0,6410.8286
8842.0,7246.65
8473.0,6749.213
6746.0,5540.7666
4279.0,4183.9785
11379.0,10514.906
8988.0,7962.7515
8650.0,7960.711
9440.0,7335.5273
8154.0,7818.2544
8585.0,6235.956
6533.0,4404.7837
10820.0,10777.199
8558.0,7468.0107
8097.0,7970.212
10766.0,7933.7114
8174.0,8252.174
7447.0,6397.439
5399.0,6274.224
13331.0,10722.611
11310.0,8862.865
10847.0,9552.722
10812.0,7924.105
10919.0,8457.867
16906.0,14990.053
16883.0,15225.228
17175.0,15238.151
14088.0,14775.611
15412.0,14486.111
14647.0,14832.171
13588.0,14830.375
13600.999999999998,14114.56
12909.0,13611.7295
13513.0,14259.937
15029.0,14057.452
15923.999999999998,13762.675
15964.0,13894.341
13874.0,13887.643
14269.0,14294.998
13772.0,14353.852
15016.0,13986.203
13454.0,13062.807
15746.0,12205.211
13928.999999999998,11751.947
12978.000000000002,11832.48
12433.0,12038.897
12837.0,13594.199
14041.999999999998,15820.649
11992.0,14584.724
16172.000000000002,14219.174
15907.0,13681.216
14433.0,13701.143
14145.0,14016.048
14531.0,14324.853
16625.0,14151.6045
4989.0,4927.542
4226.0,5047.5703
4536.0,5057.7812
4692.0,5046.967
3346.0,3037.3254
7734.0,8808.689
7103.0,7455.8496
5695.0,6605.717
5801.0,6707.752
5566.0,6629.891
3231.0000000000005,3759.2683
3608.0,7307.0835
4122.0,6254.3423
3547.0,6074.294
3801.0000000000005,5185.4995
3812.0,4399.373
2487.0,3595.4639
7207.0,8057.591
6297.0,6713.77
5155.0,5909.013
5725.0,5985.603
6829.0,5809.206
4285.0,4743.7964
4044.0,4657.7676
4420.0,4583.3745
4737.0,4559.3315
5077.0,6232.1226
3776.0,4417.8027
9299.0,9399.865
6761.0,7425.0933
6343.0,6503.2456
5763.000000000001,6525.395
5571.0,6460.279
3392.0,4611.6294
4725.0,5434.9043
3987.0,4965.9644
3915.0,4505.144
4386.0,4417.932
4206.0,4774.7876
3691.0,3655.9905
9070.0,8307.907
7115.0,6929.382
5604.0,6464.5386
6249.0,6510.549
7530.0,5731.2656
3481.0000000000005,4744.6206
4478.0,4795.268
4267.0,4961.303
4450.0,5183.72
4182.0,4888.971
6946.000000000001,7096.4375
5955.0,5718.565
5541.0,5665.3394
4595.0,5582.954
4999.0,5449.0156
4445.0,4154.6636
4332.0,4503.9517
3389.0,4170.106
3398.0,4073.8337
4521.0,4242.093
3476.0,4504.9673
3773.9999999999995,3926.9158
6882.0,7020.4023
6694.0,5786.3223
5461.0,5352.6357
7093.0,5566.899
5942.0,5650.363
5289.0,6019.872
4796.0,5813.161
5798.000000000001,5644.6943
5300.0,5417.4326
4300.0,3913.8567
8364.0,9464.659
8109.0,7815.5015
7885.0,6834.2476
6817.000000000001,6608.8125
5755.000000000001,6509.411
4144.0,3276.0596
6004.0,5566.5146
5377.0,5170.041
4894.0,5277.05
5013.000000000001,5081.017
4808.0,5148.1377
2419.0,3674.5627
7697.0,9279.5205
8079.0,7810.703
5716.999999999999,7093.636
6719.0,6782.4136
10548.0,6602.5376
7469.999999999999,8220.748
7836.0,8312.919
7397.0,7949.307
7879.0,7864.159
7797.999999999999,8437.289
11082.0,11511.648
9293.0,9954.95
8267.0,9615.204
9902.000000000002,9624.517
7877.0,9142.284
8031.0,7904.3765
7658.0,7930.1836
6649.0,7527.0396
6496.0,7122.48
7089.0,7351.021
8037.0,7597.1924
6888.0,8437.184
10325.0,10471.832
9999.000000000002,8944.916
7996.999999999999,8395.524
9250.0,8777.994
9504.0,8830.959
8426.0,9995.348
10053.0,9089.228
10756.0,8712.732
10931.0,8955.502
10648.999999999998,11675.948
16900.0,13415.238
14127.999999999998,11690.323
12538.0,10918.294
11060.0,10978.447
10041.0,10387.213
8891.0,8791.109
8362.0,8737.304
7162.0,8684.245
6838.0,8883.807
8602.0,8818.69
7961.0,10064.001
9559.0,9738.297
13908.000000000002,14421.151
11045.0,12073.367
11371.0,11035.476
10691.999999999998,10868.608
12150.0,10802.448
6148.0,6414.206
6761.0,6227.388
6346.0,6095.3867
7631.0,6890.1533
7957.0,7405.834
11168.0,10325.557
9015.0,9035.506
8956.0,8907.269
7486.0,8783.925
7120.0,8683.764
7985.0,7499.1895
7055.0,6550.814
5904.0,6191.742
6116.0,5947.5474
6691.0,6025.0625
7219.999999999999,6887.8413
8539.0,7369.972
11787.0,10334.926
9526.0,8738.819
8074.0,8710.113
8162.0,8628.278
10085.000000000002,8922.013
7783.0,8121.929
7192.999999999999,7366.3887
6548.000000000001,6977.535
6947.0,6889.8574
7588.0,7219.035
6856.999999999999,7438.478
10448.0,11804.95
10583.0,9921.774
9083.0,8844.273
9460.0,8855.204
8605.0,8976.386
7650.0,7604.2104
8430.0,7114.28
7226.0,6488.991
6812.0,6376.137
7869.0,6618.4697
7338.0,7442.0044
7004.0,7482.3535
10664.0,11929.795
9183.0,10483.767
8544.0,9802.321
9436.0,9932.703
11253.0,9545.105
6113.0,7900.9385
6880.0,7125.4355
7103.0,6846.677
7504.0,6981.205
7081.0,7695.9336
12719.0,11145.189
9256.0,9243.904
8590.0,8603.839
8037.0,8441.223
7767.0,8358.836
7425.0,6854.38
6692.0,6716.061
6239.0,6484.108
5689.0,6338.172
6247.000000000001,6116.723
6630.0,6641.565
6169.000000000001,6692.8604
11014.0,10515.439
8763.0,8623.225
8765.0,8032.6123
9353.0,7887.215
10460.0,8195.655
3652.0,3515.5364
2745.0,3531.1265
3527.0,3709.105
3562.0,3674.7517
4134.0,4132.3125
2211.0,2434.737
6297.0,6885.3184
5140.0,5570.5474
4420.0,5111.6323
3855.0,5036.058
4303.0,4945.171
2184.0,1901.1096
3686.0,4822.2275
2436.0,4274.75
2334.0,3867.2598
3147.0,3629.2021
3592.0,3817.5146
2019.0,2333.027
7215.0,7047.49
4536.0,5924.2007
4438.0,5277.562
4772.0,5200.5547
5085.0,4353.8457
5987.0,6714.4346
6815.0,6345.343
5667.0,6303.624
7077.0,6724.4434
7041.0,7067.41
9272.0,9872.87
9898.0,8519.887
7957.0,7786.386
7178.0,7883.1816
7711.999999999999,8135.6177
8325.0,7736.034
7372.0,6883.9863
6068.0,6630.185
6299.0,6219.108
6672.0,7030.6577
6913.0,7389.7646
7739.000000000001,7553.751
10027.0,9750.446
9000.0,8772.49
8874.0,8221.694
8435.0,8494.786
8663.0,8859.505
6974.0,7141.965
6757.0,6886.6797
7383.999999999999,6659.628
6526.0,5895.037
6981.000000000001,8207.7295
3155.0,4700.434
13004.0,12307.733
8891.0,10397.038
9462.0,8887.289
9148.0,8656.9
6896.0,8139.049
3466.0,3939.2476
6376.000000000001,8633.89
6149.0,8161.9995
6343.0,6940.907
5905.0,6654.6807
5673.0,6898.067
2629.0,4500.06
13508.0,12061.3
10245.999999999998,9727.018
9171.0,8739.675
9628.0,8600.908
8363.0,7731.1167
4510.0,5242.0435
6255.000000000001,5011.3237
5780.0,4953.992
6730.0,5623.4844
6784.0,5835.786
10157.0,8845.72
7241.0,7850.8267
7301.0,7330.722
7655.0,7600.1885
7310.0,7527.0566
6235.0,6107.5156
5501.0,6054.811
4821.0,5771.424
5004.0,5766.6436
5357.000000000001,5864.724
5587.0,6068.5054
6027.0,6047.514
10224.0,9558.722
8934.0,8126.9634
7315.0,7492.4307
7356.999999999999,7545.666
9082.0,7687.8784
7179.0,7497.8213
6523.0,6514.1353
7762.999999999999,6611.93
8314.0,6380.6055
8001.0,7439.4985
6009.0,6621.4727
11030.999999999998,11955.13
10104.0,10115.013
7330.0,8885.858
8720.0,8692.378
8467.0,8489.884
6370.0,6665.3223
7045.0,7087.9355
6214.0,6829.202
6155.0,6530.0566
7610.000000000001,6539.491
7305.999999999999,7049.8525
5902.0,6805.862
11718.0,10681.694
9363.0,9574.333
8961.0,9192.173
9946.0,9300.47
10708.0,8816.344
3891.0000000000005,5335.855
4260.0,5113.4414
5336.0,5105.589
4949.0,5411.522
4974.0,6473.6987
9040.0,8166.5503
6328.0,6847.765
5902.0,6553.1978
6038.0,6597.565
5232.0,6423.817
5394.0,5113.087
4467.0,4938.0493
4200.0,4602.9795
4254.0,4691.6143
4123.0,4740.146
4834.0,5087.5747
4596.0,4564.4004
8035.0,7788.2056
6815.0,6212.1924
5789.0,5743.4434
5734.0,5655.6646
7481.000000000001,5795.0913
4143.0,4900.9263
4451.0,4688.664
4245.0,4621.902
4671.0,4351.3
2125.0,3228.92
6613.0,7139.213
6175.0,6012.301
5574.0,5569.757
4515.0,5439.651
5388.999999999999,4923.763
2198.0,2693.6838
4491.0,4563.8315
3959.0,4242.9155
4254.0,4247.5127
4537.0,4234.6836
4443.0,4471.3345
1751.0,3071.2446
6808.0,6966.354
5777.0,5690.1133
4757.0,5460.749
5243.0,5237.576
6612.0,4837.6587
3249.0,4770.57
3758.0000000000005,4297.9453
3820.0,4239.6235
4179.0,4441.2666
4054.0,4563.9434
5699.0,6517.04
5012.0,5575.503
5743.999999999999,5451.8345
6110.0,5472.104
5869.0,5830.433
5130.0,5320.42
4387.0,5203.516
3812.9999999999995,5005.747
3300.0,5096.336
5391.0,5416.513
4300.0,4991.6113
4682.0,4603.125
7576.0,5345.271
7262.0,5225.3193
5468.0,5233.8223
5842.0,5409.0615
6395.0,5493.085
3432.0,4744.3525
3236.0,4475.966
3377.0,4230.4844
3303.0,4128.9688
3236.0,3653.8804
4896.999999999999,6843.9243
4284.0,5704.6123
4162.0,5167.2344
4734.0,5146.0874
3740.0,5101.0854
3598.0000000000005,4017.087
3401.0,3987.705
3459.0,3755.6482
3121.0,3722.6267
3638.0,3925.9094
3423.0,3996.2214
2102.0,3785.349
4638.0,5582.102
4952.0,4954.373
3809.0000000000005,4482.555
4162.0,4432.4814
4844.0,4497.5186
3377.0,5250.494
3628.0,4762.25
4155.0,4441.0366
3916.0,4439.4873
3242.9999999999995,3079.0386
8587.0,7953.336
6657.999999999999,6636.3657
6278.999999999999,5918.0894
5478.000000000001,5940.4004
5011.0,5364.272
2906.0,3946.7537
4449.0,5142.9966
4599.0,4893.088
4267.0,5010.0903
3667.0,4333.0776
3292.0,4093.0483
2625.9999999999995,2894.2578
9076.0,7780.3647
6873.0,6257.2715
5636.0,5528.0234
6459.0,5459.1167
7762.999999999999,4992.047
5628.0,7347.4307
6872.0,7013.3438
7965.000000000001,6427.8467
6928.0,6842.6416
6163.0,5924.369
12737.0,10814.325
9987.0,9194.415
8659.0,8444.027
8568.0,8454.052
7098.999999999999,8327.021
5891.0,6694.432
8293.0,7575.256
6101.0,7426.7646
5610.0,7301.485
6410.0,6837.7217
5984.0,6534.3115
5683.0,6186.662
11204.0,10515.765
9311.0,9006.009
7762.999999999999,8188.0522
8972.0,8040.423
9303.0,8199.573
6808.0,6019.0283
5741.0,5738.6035
6819.0,5871.4365
7943.0,6088.8486
6880.0,6194.3135
4701.0,5334.5366
11365.0,10732.707
8051.000000000001,9083.261
8358.0,7899.5083
7673.0,7655.106
6563.0,7711.7056
4581.0,5040.1465
6683.0,7137.3994
5651.0,6681.422
5538.0,6467.3755
6105.0,6622.7925
5320.0,6421.859
4108.0,4560.922
10200.0,11097.054
9674.0,9218.459
7993.0,8504.788
8588.0,8390.3125
8920.0,7236.8496
11530.999999999998,9351.397
9866.0,8541.642
10635.0,8827.234
11310.0,8406.767
11383.0,9320.026
8875.0,8990.221
14295.000000000002,13413.791
11733.0,11696.723
11673.0,10449.762
11646.0,10562.035
11530.0,10356.922
7723.000000000001,8263.787
11044.0,9089.286
9183.0,8901.454
7857.0,8687.082
8872.0,9375.114
10359.000000000002,9076.138
8154.0,8618.775
14503.0,13106.308
12226.0,11263.536
11150.0,10980.824
11456.000000000002,11525.814
12426.0,10422.148
12460.0,14203.526
15107.000000000002,14523.962
14902.0,15617.668
15257.0,15223.352
17442.0,15724.196
20808.0,21022.818
17742.0,18435.15
19975.0,18219.926
18426.0,17334.686
16296.0,15557.083
17531.0,13446.263
16305.999999999998,13191.057
13549.0,12829.55
13464.0,13214.235
13879.0,14122.293
13099.0,14739.662
12826.999999999998,15544.453
20328.0,18749.688
18939.0,16586.814
16762.0,16843.066
18741.0,17079.986
25280.0,16709.553
5524.0,6462.137
5939.0,6069.456
6241.0,5857.7153
6622.0,6116.7314
5539.0,5334.125
9482.0,9981.725
8714.0,8534.129
8273.0,8032.31
7102.000000000001,7990.024
7301.0,7341.7573
5568.0,6274.68
6785.0,6578.0635
5532.0,6172.717
5652.0,6210.836
6384.000000000001,5873.087
5398.0,6001.226
5913.0,6366.191
10815.999999999998,9680.762
8613.0,7830.524
7994.0,7393.732
7813.0,7355.655
9343.0,7400.311
4288.0,5079.517
4499.0,4823.125
4823.0,4815.8105
4698.0,4716.0884
3077.0,3891.5493
6821.999999999999,7314.0186
6442.999999999999,6410.471
6235.999999999999,5938.361
5199.0,5965.3696
5532.0,5404.9863
3162.0,4467.4634
5037.000000000001,5477.473
4160.0,5174.8174
4465.0,5145.1924
4966.999999999999,4880.7754
4436.0,5265.031
3359.9999999999995,4493.1934
7279.0,7693.5986
5963.0,6504.0215
5845.0,5939.5293
5753.0,5867.3022
6230.0,5836.389
6227.999999999999,6140.696
6318.0,5770.577
5980.0,5811.677
6189.0,5903.421
4321.0,4296.031
9512.0,9987.669
9340.0,8377.707
8998.0,7985.808
7754.999999999999,7878.989
7068.0,6590.6646
4607.0,5446.126
6354.0,8366.91
5577.0,7338.9307
5117.0,6980.0654
5576.0,6458.2407
5999.0,5420.184
3445.0,4521.9565
10927.0,9858.574
9204.0,8474.707
8554.0,7628.926
9791.0,7272.2534
11253.0,7238.1177
9524.0,7590.4673
8391.0,7323.0654
7320.0,7307.538
7226.0,7792.12
8041.0,8209.063
8669.0,8581.911
9908.0,9539.505
8324.0,8554.33
8398.0,8527.366
7448.0,8565.964
8525.0,8442.264
8841.0,8681.782
9325.0,8817.915
7277.0,8210.321
6800.0,7634.665
7777.0,7649.5703
7410.0,8038.8125
8964.0,8724.602
8914.0,9234.671
8787.0,8980.425
7619.0,8622.103
7249.0,8622.644
8350.0,9008.041
9239.0,7533.7695
7506.0,7017.2383
8846.0,7400.481
8225.0,7653.715
8571.0,9536.73
6921.0,7508.0923
13430.0,13857.376
10958.0,11358.475
11108.0,10269.832
10517.0,10099.643
9409.0,9947.708
6259.0,6799.284
8253.0,9128.812
6902.0,8630.072
6926.0,8299.127
6662.0,7877.6357
6729.0,7762.3345
6329.0,6235.7993
11214.000000000002,13582.293
9584.0,10997.609
9150.0,10372.319
9296.0,10412.577
12761.0,9443.949
2562.0,3245.501
4014.0,3331.9429
3404.0,3559.3755
3568.0,3587.8738
3974.0,3946.185
5837.0,5404.2046
4588.0,4593.338
4601.0,4408.015
5099.000000000001,4288.5947
5254.0,4346.001
4478.0,3716.889
3348.0000000000005,3882.6418
2885.0,3523.4028
3228.0,3523.8848
3792.0,3961.6257
3415.0,3963.8613
4546.0,3753.8088
6893.0,5397.8315
5230.0,4695.4966
5713.0,4659.6226
5466.0,4619.1816
6647.0,4855.284
6023.0,5704.369
5031.0,5194.8823
5354.0,5163.3823
5565.0,4989.393
6180.0,5466.6284
5509.999999999999,5324.2407
8948.0,8622.612
6630.0,7317.101
6458.0,6999.025
6950.0,7055.494
6613.0,7070.1636
5565.0,6078.0776
5611.0,5921.7134
5379.0,5551.6147
4509.0,5568.067
5165.999999999999,5730.783
5238.0,6445.4365
5124.0,6092.3955
9545.0,8991.241
7098.0,7343.13
6761.0,6977.121
6933.0,6991.407
8022.0,7106.3477
3176.0,3504.765
3751.0,3256.6382
4135.0,3378.9155
4034.0,3385.787
2245.0,2199.5083
5601.0,5742.6006
4722.0,4735.422
4213.0,4280.1196
4928.0,4500.019
4145.0,4165.728
2198.0,2424.8293
3324.0,4199.332
4177.0,3623.84
3777.0,3729.4695
4048.0,3806.3323
4038.0,3933.6575
1836.0,2780.6755
5567.0,6359.951
5509.999999999999,5516.799
4594.0,5095.618
5052.999999999999,5120.834
5872.999999999999,4372.7334
6479.0,9240.784
8282.0,8311.8545
8379.0,8201.631
7533.0,8060.385
5774.0,6615.4116
12420.0,12545.723
9972.000000000002,10627.632
8265.0,9771.833
9457.0,9835.247
8772.0,9374.633
7368.000000000001,6587.1035
9652.0,9055.563
7413.0,8557.767
7340.999999999999,8428.599
8543.0,8613.395
7139.0,7663.3687
6284.0,6657.2544
13748.0,12553.691
10222.0,10943.355
10187.000000000002,9653.261
11083.0,9787.815
11679.0,9204.374
5228.000000000001,6068.8794
6025.0,5520.355
5843.0,5262.418
6269.0,5587.9546
5993.999999999999,6231.7837
8331.0,8203.409
7265.0,7146.9653
7293.0,6934.606
6472.0,6964.8125
7748.0,7193.421
7294.0,6413.119
6189.0,6137.08
5860.0,6073.345
5077.0,5942.7656
6311.0,6629.8716
6640.0,6783.188
7203.0,7696.514
9787.0,8759.484
7687.0,7318.533
8180.000000000001,7439.656
7123.0,7491.607
8537.0,7757.2153
6188.0,5639.6113
6026.0,5346.387
4914.0,5243.544
5423.0,5085.976
6108.0,5632.029
3458.0,3684.4
9169.0,9445.312
7815.0,7867.071
7613.0,6985.3364
6890.0,7031.4297
7759.0,6818.3584
3896.0,3178.9988
6291.0,6320.5728
5165.0,5693.416
4736.0,5285.8994
5737.0,5645.5645
6038.0,6130.187
3100.0,4426.6777
9011.0,9966.697
6699.0,7979.273
6241.0,7257.784
6199.0,7266.0444
8554.0,7095.0625
13527.0,10302.287
11315.0,9973.29
13034.0,9746.103
11862.0,9701.241
11799.0,12620.128
9992.0,11574.995
20098.0,18079.377
16487.0,15494.057
15913.0,13007.377
15364.999999999998,13739.842
13882.0,13179.538
11647.0,10488.228
11863.0,10466.488
9777.0,10149.289
10113.0,9516.5625
9718.0,9437.012
10068.0,10651.655
9407.0,10536.69
18808.0,19007.957
15595.0,15633.515
13835.0,14455.7295
14590.0,14373.005
19274.0,13217.538
14985.0,10850.815
14635.0,10774.522
14552.999999999998,11306.923
12477.0,11223.837
11731.0,10901.798
11751.0,10561.002
11272.999999999998,10758.538
11463.0,10437.818
11141.0,10496.509
11010.000000000002,10620.101
10284.000000000002,11585.774
12003.999999999998,11149.383
12218.0,11323.521
16458.0,11447.203
13615.0,11385.427
11760.0,10746.323
14323.0,11058.392
11720.0,11278.193
11885.0,10872.138
11011.0,9244.152
10084.0,9169.689
11993.0,8414.352
9945.000000000002,9254.017
11966.0,10482.713
10723.0,12750.076
11075.0,12231.965
13290.0,11829.847
10411.0,11597.421
10717.0,11220.883
11231.0,10800.22
13738.0,10428.868
4015.9999999999995,4911.364
4274.0,4629.137
3917.0,4660.154
3943.0,4709.198
3024.0000000000005,2940.2861
7102.000000000001,7889.811
6273.0,6779.721
6964.0,6118.6655
5731.0,6163.02
4606.0,5580.9077
2985.0000000000005,4713.137
4143.0,6800.7046
4277.0,5958.523
3312.0,5742.3896
4187.0,5646.7563
3506.0,4136.7495
2543.0,3360.7002
7663.0,7817.7666
6901.0,6561.026
5708.0,5902.2153
6165.999999999999,5812.263
6490.0,5691.029
6104.0,6683.0415
6498.0,6045.0757
6561.0,5829.8843
6186.0,5839.1167
5075.0,5811.902
10698.000000000002,9106.292
7979.0,7834.4883
7999.0,7293.0337
7440.0,7428.549
6801.0,7550.3145
5235.0,5374.7373
7195.0,6770.9336
5937.0,5959.6865
5535.0,6715.9766
6079.0,6990.036
6243.0,6499.6973
5423.999999999999,5703.718
9793.0,10149.416
8250.0,8728.078
8516.0,7845.45
8374.0,7893.114
8556.0,7883.2236
4058.9999999999995,3565.9133
3385.0,3089.4565
3214.0,3304.6287
4060.0,3293.9001
3476.0,3395.491
4224.0,3902.1936
5778.999999999999,5621.2437
4979.0,4826.021
4443.0,4641.6177
4258.0,4862.3433
3923.0,4741.175
3675.0,4195.1357
3801.0000000000005,3929.1086
3460.0,3710.0605
3961.0000000000005,3637.3706
3565.0,3575.8804
3320.9999999999995,3819.588
3197.0,3729.14
5447.0,5794.8364
4235.0,4842.1777
4101.0,4533.2373
4301.0,4490.9634
5224.0,4542.184
5085.0,5398.7495
4859.0,5448.023
5116.0,5142.223
4997.0,4984.167
3784.0,4576.0674
6645.0,7077.3267
5441.0,6407.667
6006.0,6082.6577
5318.0,5902.6123
5087.0,5951.5615
3500.0,4923.14
5293.0,5313.9526
4948.0,5052.8315
4852.0,5055.7617
4514.0,5296.259
4747.0,5118.7783
3429.0,5179.33
6444.0,6702.139
5611.0,5835.8843
5926.0,5689.39
6105.0,5626.901
6746.0,5636.117
6390.0,5042.1445
4763.0,4831.789
4903.0,4847.988
4915.999999999999,4796.8887
4998.0,5784.693
3779.0,5477.342
7355.0,7489.025
6399.0,6641.0527
6015.0,6023.389
6078.0,6165.648
5128.0,5598.204
4062.0,4339.085
5548.000000000001,4933.4707
4723.0,4615.7896
4802.0,4620.1753
4500.0,4726.2495
4429.0,5017.5215
3523.0,4346.224
6396.0,7481.6123
5431.0,6566.7046
5196.0,6207.7607
5347.0,6121.899
6759.0,5925.219
6976.0,7518.3696
6730.0,7384.9976
7258.0,7277.6826
8308.0,7383.421
8523.0,7670.9014
11113.0,10821.583
9462.0,9395.503
8345.0,8711.175
9411.0,9077.051
8544.0,9043.918
7942.0,7842.7173
6934.999999999999,7541.792
6379.0,7535.6997
6411.000000000001,7142.9526
8800.0,7319.863
7894.0,7874.454
8063.0,7946.2603
12348.0,11360.743
9838.0,10042.918
9297.0,9798.245
10337.0,10074.254
10381.0,9771.407
3448.0,4472.6514
3514.0,4424.2695
4398.0,4449.6763
3912.0,4610.2573
3785.0,4128.629
8277.0,7216.4546
6707.0,6083.186
6087.0,5697.7153
5265.0,5746.7705
4642.0,5671.5747
3862.0,4571.762
4970.0,5164.3345
3713.0,4531.303
3320.9999999999995,4641.486
3666.0,4521.28
4642.0,4500.5405
3116.0,3608.1682
6648.0,7395.6025
5720.000000000001,6122.8477
5152.0,5568.3433
5310.0,5530.263
6109.0,5343.0273
3129.0,3673.221
4334.0,3758.358
3740.0,3979.2883
4161.0,4574.748
4007.0,4440.973
5722.0,6446.844
5429.0,5652.3247
4185.0,5541.86
4189.0,5504.2886
4583.0,5586.235
4144.0,4762.154
4130.0,4614.084
3269.0,4248.2544
3178.0,4082.4014
3525.0,3936.8682
4267.0,4226.8745
4885.0,4582.1323
6275.0,6101.0073
4883.0,5414.8667
5489.0,5145.9136
5116.0,5261.631
6226.0,5460.7993
4694.0,5514.8667
4328.0,5338.269
4729.0,5350.125
5136.0,5127.4976
4120.0,4207.6895
7273.0,8165.794
7342.0,6793.6123
6775.0,6182.5493
6196.0,6216.7515
5973.0,6299.1484
4314.0,4963.886
5278.0,6110.76
4685.0,5313.7876
4694.0,5284.9956
4515.0,5147.798
4774.0,5213.1743
4151.0,4753.4062
8004.999999999999,8193.93
7379.0,6772.8804
6919.000000000001,6141.0425
6824.0,6197.9766
7340.999999999999,6222.423
6639.0,9294.903
6257.0,7735.7603
6719.0,7174.229
6703.0,6805.7705
7156.0,6212.7603
3369.0,3672.4036
11726.0,12137.988
9159.0,9995.05
8286.0,8699.103
7722.0,8571.668
7231.000000000001,8105.061
2435.0,3602.2742
6588.0,9673.247
6647.0,8755.374
5001.999999999999,7307.8013
6259.0,7725.5796
6510.0,5417.584
2627.0,3673.785
10644.000000000002,11388.922
9276.0,9396.697
8039.0,8204.054
8207.0,8245.932
8236.0,7411.6904
5885.0,7590.0483
5915.0,7327.813
5904.0,6802.9697
6891.0,6400.0254
6487.0,5985.11
3028.0000000000005,3569.5662
9903.0,10852.528
9122.0,9271.544
7693.0,7744.7363
7891.0,7946.5996
5837.999999999999,7075.3325
2880.0,4416.387
5860.0,10173.335
5727.0,9088.124
4617.0,7484.96
5987.0,7012.559
4828.0,5026.159
2918.9999999999995,5126.018
9829.0,10593.648
9380.0,8824.245
7284.0,7433.521
7896.0,7513.806
7834.0,6934.6675
4728.0,5463.5166
4731.0,5064.1763
4585.0,4777.7827
4397.0,4620.434
3989.0,4683.2456
2573.0,3183.7532
6861.0,8076.3926
5954.0,6662.2017
5235.0,5754.288
5023.0,5725.113
3868.0,5633.9287
2148.0,2696.4932
4549.0,5349.2944
3749.0,4539.002
3679.0,4235.3584
3578.0,4241.366
3807.0,4026.602
2183.0,3164.1594
7484.0,7530.4517
5672.0,6080.0156
5108.0,5531.3945
4831.0,5348.0815
5630.0,4596.1777
4544.0,4480.8022
5578.0,4462.833
4910.0,4636.5503
5728.000000000001,4585.1226
4958.0,5199.966
8045.0,5741.774
5880.999999999999,7725.9087
5536.0,6473.9316
5899.999999999999,6113.452
5388.0,5887.9326
4795.0,5642.623
5189.0,4673.053
4640.0,4541.0366
5022.0,4291.3096
4938.0,4365.212
4631.0,4782.1235
4767.0,4889.217
7308.0,7033.2637
6485.0,6338.468
6149.999999999999,6019.4395
6001.0,6180.833
7356.999999999999,5842.8594
6464.0,6595.812
5711.0,5959.035
6459.0,6014.692
7251.0,5945.979
7629.0,6380.2046
6098.0,5948.536
9575.0,9694.0
8025.0,8307.908
7366.0,7865.5103
7860.000000000001,8108.0
7502.0,7956.681
5827.0,6286.277
6305.0,6613.75
5756.0,6265.074
5837.999999999999,6502.4404
6078.0,6464.2705
6690.0,6678.051
5345.999999999999,6438.1055
9722.0,9593.488
7077.0,8072.742
6916.0,7675.426
7736.0,7873.506
9281.0,7852.635
5675.0,5785.1416
5017.0,5762.6772
5614.999999999999,5634.5303
5415.999999999999,6001.839
4706.0,5127.948
8895.0,9889.158
8286.0,8363.439
7576.0,7689.9546
6938.0,7490.897
6641.0,7056.39
5169.0,5224.6475
5462.0,7690.3296
6329.999999999999,6880.656
4827.0,6621.5493
5431.0,6172.859
4899.0,5546.7686
4031.0,5241.9487
9043.0,9417.975
7622.0,7962.7705
7910.999999999999,6962.2134
6994.0,7035.3115
9284.0,7133.651
4991.0,5738.166
5345.999999999999,5355.189
6017.0,5377.9727
5072.000000000001,6190.8022
7132.0,6584.665
11132.0,9832.97
7948.0,8154.126
8320.0,7744.926
7516.000000000001,7739.901
6397.0,7541.68
6782.000000000001,6023.421
7191.0,5939.4355
4683.0,6406.276
4964.0,5923.951
5514.0,5976.898
5696.0,6110.9365
6286.999999999999,6492.3115
12907.0,9515.325
9838.0,7843.3394
8176.0,7474.5146
8803.0,7347.9814
10631.0,7717.0728
3551.0000000000005,4049.1584
3220.0,3835.4746
3269.0,3721.2317
3135.0,3793.5618
2959.0,4017.097
1018.0,2148.7827
5506.0,6625.226
4865.000000000001,5692.6675
4086.0000000000005,4879.8076
4041.0,4969.5923
3534.0,4373.1777
1168.0,2306.6558
2668.0,4331.682
2285.0,3534.4028
2188.0,3410.1157
2411.0,3277.2234
2017.0,2942.806
974.0,1692.712
4243.0,6024.791
3932.0,4789.2764
3812.9999999999995,4013.0083
3722.0,4236.0806
3797.0000000000005,3125.9524
11077.0,8330.385
9174.0,7826.6484
9914.0,8148.831
9472.0,8269.02
10535.0,8904.147
8090.999999999999,8136.5913
14933.0,14325.652
11727.0,12273.729
10901.0,10951.217
10856.0,11171.541
9984.0,10543.671
7912.0,7591.689
10006.0,9104.193
8462.0,8397.082
8478.0,8387.237
7887.000000000001,7951.882
8748.0,8458.712
7167.0,6807.46
13614.0,13596.047
11643.0,11547.616
11089.0,10929.914
10807.0,11331.199
14469.0,10214.643
19122.0,15563.08
16577.0,15368.849
17760.0,15339.432
15299.0,14604.019
16880.0,15709.689
16277.0,15340.772
22598.0,22449.244
21223.0,19707.004
23043.0,19067.826
19880.0,18295.668
18889.0,16883.002
15404.0,15592.193
17973.0,16302.574
14919.000000000002,15931.698
13723.0,16326.106
14169.0,16738.582
14023.0,18294.527
14396.999999999998,16985.818
21319.0,22795.82
17880.0,19597.654
18228.0,18947.555
16693.0,18801.166
18700.0,16713.434
3681.0,4655.3525
3829.0,4290.651
4041.0,3937.5955
3684.0000000000005,3945.2986
2992.9999999999995,3639.7024
4420.0,3859.4907
4218.0,3953.0818
3857.0,4005.3025
3541.0,4177.4023
3953.0,4293.491
3394.0,4391.1997
4804.0,4153.016
4029.0,4355.463
3339.0,4313.5425
4235.0,4283.6294
4148.0,4161.4736
3303.0,4358.9766
4598.0,4578.101
4644.0,4754.5347
3898.9999999999995,4390.6304
4662.0,4286.5293
4205.0,4549.3467
5316.0,6310.666
6195.0,5905.5547
6570.0,5794.519
7312.0,6242.563
7557.0,6732.9517
10272.0,9528.155
8248.0,8344.681
7973.000000000001,7805.118
7200.0,8149.969
8928.0,8227.847
8817.0,7388.3867
7211.0,6623.9355
5581.0,6504.658
5640.0,6292.225
6039.0,7271.7104
7312.0,7226.4854
8067.000000000001,8161.324
10308.0,8762.322
7994.0,7241.7812
7531.0,7160.954
7732.0,7679.2563
10141.0,8027.6
7670.0,9087.499
6966.0,9049.906
7319.0,7778.702
7568.0,7821.368
5788.0,6925.965
12303.0,12728.064
9782.0,10635.608
9912.0,9985.12
9010.0,10044.416
8223.0,9546.562
7290.000000000001,7150.8438
7663.0,9579.412
7004.0,9081.329
5938.0,8620.5
6828.0,8079.5205
6798.000000000001,7684.3403
5041.0,6730.7915
12826.999999999998,12597.012
10419.0,10459.664
7881.0,9642.778
9553.0,9788.514
11996.0,9462.979
5318.0,6756.2437
6420.0,5619.7026
5531.0,5496.2085
5867.0,5582.1284
4777.0,4020.1812
10807.0,10120.404
8794.0,8635.215
8159.0,7654.731
8267.0,7692.1865
7710.0,6926.7715
3956.0,4521.698
5332.0,7213.6826
5250.0,6600.2417
4990.0,6522.9478
5786.999999999999,5898.848
5393.0,5522.4556
4277.0,4319.9136
10410.0,9870.667
7400.0,8266.239
7756.0,7191.03
9090.0,7002.6313
10181.0,6893.437
3379.0,5166.4385
3642.0,4797.043
3561.0,4731.0874
3420.0,4750.254
3353.0,3843.0735
8484.0,8423.072
6597.0,6998.064
6092.0,6245.8936
5127.0,6266.669
4458.0,5886.6226
4148.0,4025.9673
3787.0,4833.7446
3712.0,4674.6157
3311.0,4702.944
3513.0,4242.798
3452.0,4309.589
3340.0,3242.4104
8370.0,7601.792
6147.0,5967.3677
5823.0,5547.675
5060.999999999999,5221.276
6348.999999999999,5180.398
3924.0,3333.885
3233.0,3084.469
3404.0,3238.0073
3589.0,3405.9685
3465.0,3472.2048
2593.0,3763.7395
4015.0,4530.013
3271.0,4397.986
3041.0,4338.9233
3761.0,4155.0776
3335.0,3553.6177
2315.0,3577.033
3842.0,3722.8696
2939.0,3686.177
2791.0,3430.5999
3579.0,3495.959
3098.0,3636.2534
2535.0,3586.2246
3586.0,4478.189
3399.0000000000005,4334.981
3191.0,4350.3457
3254.0,4550.077
4075.0,4237.018
3033.0,4285.585
3745.0,4317.3833
3117.9999999999995,4361.4316
3339.0,4778.5186
3380.0,4164.8184
6774.0,7296.2563
6313.0,6057.974
5913.0,5672.7495
4214.0,5705.745
3997.0,5611.0977
3168.0,3896.7754
3146.0,4639.2266
2769.0,4346.2783
3150.0,4274.2095
3039.0,3982.299
2810.0,4353.159
3430.0000000000005,3683.0981
6702.0,7095.5996
5754.0,5897.27
5708.0,5436.4077
4996.0,5333.9614
5258.0,5360.8267
6475.0,7993.3623
6414.0,6941.641
7023.0,6582.7637
6575.000000000001,6205.185
4668.0,4358.1396
10310.0,11077.717
9319.0,9409.754
8472.0,8562.253
8820.0,8851.711
7106.0,7751.4814
5098.0,5479.457
7481.000000000001,9058.185
6144.0,8180.971
5783.0,7996.062
7025.0,7130.2896
6187.0,5617.327
4085.0,6140.4663
11498.0,10616.696
9990.0,8967.445
8855.0,7930.574
9260.0,7880.3545
8913.0,7403.8696
3382.0,4967.273
4318.0,4675.8496
3625.0,4830.6133
4466.0,5120.1875
5138.999999999999,5071.0005
7022.0,7448.5396
5720.000000000001,6394.1475
5593.0,6116.422
5269.0,5914.1836
5687.0,5946.444
5249.0,5127.2495
4636.0,4875.1235
3859.0,4476.52
3759.0,4357.2065
4266.0,5007.058
4301.0,5285.5425
5193.000000000001,5349.462
7509.0,7104.7456
6751.0,5889.3057
5014.0,5548.7173
5239.0,5664.347
5797.0,5792.8887
7562.0,8740.263
6612.0,7705.019
7486.0,7351.711
7528.0,6658.4688
7245.0,6670.4634
3117.9999999999995,3723.4617
12252.000000000002,12479.315
10178.0,10226.34
8522.0,8556.025
8237.0,8706.891
7914.0,8321.654
3024.0000000000005,3645.1218
6953.0,8240.88
6061.0,8126.477
5097.0,6998.6304
6456.0,7236.083
6301.0,6238.0044
2881.0,3771.9045
10994.0,12359.513
9807.0,10005.293
7613.0,9031.995
7963.0,8891.944
9268.0,7333.9365
8426.0,10136.527
8298.0,9270.725
8309.0,8455.767
9008.0,8404.538
8618.0,9737.496
12518.0,11831.976
11367.0,9971.678
9973.0,9053.756
10186.0,9309.662
8528.0,9639.614
8925.0,10049.6045
9831.999999999998,9344.557
8197.0,8820.777
7956.0,7972.136
7889.0,7580.7964
7592.0,8311.456
8082.999999999999,9012.286
11901.999999999998,11780.43
10571.0,10048.811
10092.0,9452.104
9444.0,9969.03
13665.0,10003.15
3406.0,4524.1577
3968.0,4241.879
4083.0,4058.5332
3941.0,4459.528
4164.0,3906.7456
7147.0,6681.3936
6073.0,5807.729
5329.0,5410.9097
4841.0,5431.957
5042.0,5492.5806
4118.0,4836.558
3939.0,5425.035
3355.0,5105.4453
3135.0,4974.4697
3898.0,4909.2163
3722.0,4886.19
4809.0,4599.3335
6566.0,6987.4688
5173.999999999999,5912.9604
4783.0,5720.6543
6089.0,5755.3774
6044.999999999999,5772.905
5534.0,4687.486
4718.0,4374.6562
4767.0,4463.34
4539.0,4437.0103
4877.0,5036.7485
3584.0,4361.1743
7635.0,8169.682
6474.0,6494.6567
5641.0,5844.7646
6211.0,5881.2466
6301.0,5503.6245
4194.0,4167.696
5821.0,4571.364
4827.0,4416.8145
4282.0,4329.91
5683.0,4393.6953
5368.0,4877.9663
4422.0,3984.075
9501.0,7960.0522
6959.0,6786.549
6278.0,6745.94
8207.0,6580.2007
7460.0,6231.8447
6267.0,6241.445
5521.000000000001,5467.8003
5642.000000000001,5514.13
5571.0,5500.775
6479.0,6256.073
6177.000000000001,6199.6333
10107.0,10595.573
8392.0,8419.363
8553.0,7764.2754
7903.000000000001,7899.482
8031.0,7840.9346
6285.0,6322.695
5739.0,5730.932
4857.000000000001,5396.755
4908.000000000001,5352.3438
5546.0,5862.224
6003.0,6402.9995
6306.000000000001,6404.619
10010.0,10533.687
8090.999999999999,8511.074
7391.999999999999,7852.219
8878.0,7828.859
10286.0,7534.1553
4570.0,5105.2236
5413.0,4859.77
4852.0,4944.0864
5207.0,5254.5737
4875.0,5105.6265
8999.0,8183.8726
7130.0,6897.1865
7515.0,6535.769
6202.0,6449.4146
5571.0,6560.5723
4825.0,5182.3433
4811.0,5874.9326
4427.0,5546.8604
4698.0,5513.177
4884.0,5276.349
4479.0,5389.1704
4212.0,4852.093
8502.0,8843.76
7324.0,7387.534
6385.0,6802.628
6601.0,6952.7266
6117.0,6926.0215
4232.0,4710.4253
4542.0,4564.3647
4336.0,4679.3467
4091.0,5168.583
5230.0,5540.48
6645.0,7334.267
4943.000000000001,6308.5225
4804.0,5926.127
4678.0,5985.177
5333.0,6067.272
5739.0,5487.723
4943.000000000001,5119.24
4090.0000000000005,4584.164
3725.0,4487.054
5138.0,4738.6426
4239.0,5433.7583
6280.0,5793.672
7206.0,6729.3716
6520.0,5448.0767
6111.0,5500.504
5876.000000000001,5806.2266
6532.000000000001,6004.048
4120.0,4520.742
4428.0,4930.6577
4564.0,5391.5024
4800.0,5182.0522
4572.0,4257.6206
8185.0,8535.306
6937.0,6950.9146
6387.0,6248.7793
5988.0,6208.657
6145.0,6215.581
4588.0,4236.171
4523.0,5529.646
4072.0,4789.294
4201.0,4859.224
4314.0,4726.7285
4757.0,5069.6416
3883.0000000000005,4203.6533
9365.0,8258.861
7094.0,6926.789
6605.0,6461.543
6383.0,6706.2476
6335.0,6593.573
4706.0,6315.688
5762.0,5796.037
5165.0,5366.6904
5205.0,5782.6567
5175.0,5247.2866
10599.0,9389.871
9080.0,7921.41
7345.0,7259.6377
7055.0,7361.9077
6570.0,7805.3896
4915.999999999999,6166.686
5043.0,6524.6724
4980.0,6179.8525
5296.0,6048.017
5133.0,5586.2524
4818.0,5950.0327
6081.0,5652.1426
10929.000000000002,9588.18
9004.0,8046.5337
9879.0,7228.8706
9210.0,7251.713
10449.0,7264.39
7867.0,9615.546
9403.0,9282.933
8612.0,8962.61
8610.0,9507.433
10868.0,10359.208
12681.0,13262.593
11024.0,11623.062
9915.0,10869.638
9351.0,11077.317
9921.0,10609.232
10458.0,9679.956
9640.0,9776.394
9200.0,9374.802
8580.0,8837.365
8611.0,9631.46
9008.0,9789.328
9824.0,11691.354
12352.0,12650.458
10331.0,11014.997
10248.0,10345.913
9477.0,11089.356
12640.0,11064.025
8542.0,6632.5244
5957.0,6271.27
7502.0,6433.0176
8340.0,6414.8096
7528.0,6817.468
4862.0,4719.9795
11034.0,11153.713
9873.0,9300.276
8396.0,8424.754
8510.0,8351.226
6821.999999999999,7589.755
4326.0,5087.975
7421.0,7494.629
6713.0,7509.161
5312.0,7013.315
7100.0,6936.0176
6511.0,6632.5024
4306.0,4564.569
10838.0,11160.772
9536.0,9560.492
8818.0,8502.04
9579.0,8599.646
10715.0,8011.9536
7293.0,9441.402
7442.0,8619.248
7693.0,8398.382
7972.0,8474.239
6048.000000000001,7007.522
15350.0,15043.755
12361.0,12116.896
12081.0,11130.215
11094.0,11046.233
9415.0,9958.417
6299.0,6769.417
8111.0,9831.826
7418.0,9310.025
6937.0,8986.222
7329.0,8400.099
7539.0,8129.885
5804.0,5809.235
14060.0,14159.455
10928.0,11726.619
10889.0,10551.015
10221.0,10175.249
10595.0,9815.51
4910.0,5541.835
5570.0,5475.6323
5058.0,5271.8413
5429.0,5549.785
5805.0,5753.2427
7869.0,8263.588
6437.0,7087.632
5896.0,6726.3774
6163.0,6769.9966
5824.0,6805.2246
6324.0,5875.5625
5049.0,5707.5195
4802.0,5369.472
4957.0,5339.123
4716.0,5814.4307
6145.0,5970.0513
5550.0,6314.097
7060.0,8205.404
6164.0,6770.7466
6581.0,6381.1567
6124.0,6414.8286
7547.999999999999,6567.0347
4698.0,4453.8022
3921.0,4002.1663
4161.0,4141.1064
3901.0,3991.5825
3661.0,4325.788
3541.0,4356.6924
5676.0,5782.192
4548.0,5089.3594
4262.0,5028.157
4669.0,5037.565
3751.0,4607.519
3201.0,4152.859
4438.0,4143.642
4015.9999999999995,3962.736
3318.0,3880.7327
3713.0,3982.2427
3654.0,4313.23
3385.0,4084.5608
5778.999999999999,5831.595
5023.0,5036.239
4334.0,5076.223
4406.0,5023.8755
5235.0,4853.584
6924.0,7037.733
6104.0,6541.7446
5872.0,6222.296
6208.999999999999,5792.3203
6231.0,5707.5654
3624.0,3639.1394
10402.000000000002,10279.814
7853.0,8538.036
7344.0,7561.9673
6904.0,7447.5776
6145.0,7183.2227
3063.0000000000005,3583.4255
6263.000000000001,7565.179
5763.000000000001,6905.1167
5360.0,6392.827
5272.0,6249.8438
5251.999999999999,5711.3354
3241.0,4317.0933
9062.0,10352.033
8133.999999999999,8443.264
6747.000000000001,7497.8276
6649.999999999999,7348.4673
7915.0,6646.846
5486.000000000001,6205.8164
5964.0,5776.6426
5125.0,5673.794
5811.0,5689.974
4748.0,5603.4736
8320.0,7960.987
6221.0,6824.949
6131.0,6600.936
6842.0,6310.1455
6204.000000000001,5925.555
4703.0,4911.867
6644.0,5229.268
5561.0,4938.7896
4514.0,5051.7295
5978.000000000001,5375.017
4733.0,5671.9487
5536.999999999999,5026.478
7875.0,7662.238
6926.999999999999,6744.3555
6656.0,6383.1787
7132.0,6255.5776
8544.0,6515.428
8150.0,7643.5376
7768.0,6780.312
7699.0,7201.887
8721.0,6955.145
8809.0,7534.5977
6555.999999999999,5614.0107
13861.0,12647.479
10384.0,10231.583
9013.0,9261.355
9623.0,9543.096
9710.0,9168.4795
5449.0,6106.2266
8745.0,8857.619
6832.0,8597.83
5993.999999999999,8250.996
7646.0,7660.1836
6996.0,7536.8125
5115.000000000001,6151.288
12034.0,12468.663
9967.0,10278.665
9577.0,9515.895
10220.0,10131.421
10820.999999999998,8941.614
4726.0,5603.998
5529.000000000001,5103.796
4906.0,5314.8667
5138.0,5601.694
6219.0,5704.918
8431.0,8534.571
7974.0,7367.506
6356.999999999999,6875.2954
5655.0,6883.714
6374.0,7024.1807
6113.0,6217.5396
5384.000000000001,5862.087
5388.999999999999,5477.4272
4566.0,5206.2183
5798.000000000001,5505.903
5306.000000000001,6236.516
6555.0,6310.235
8201.0,8726.0
7908.0,7452.595
6604.0,6843.3955
7983.0,7216.2847
8186.0,7275.2144
4526.0,4963.784
3922.0000000000005,4850.5366
5058.0,4703.148
4474.0,4533.359
3722.0,4125.506
5898.0,6859.468
5208.0,6022.754
5234.0,5601.913
5481.0,5596.232
4283.0,5742.781
3043.0,4190.2847
4326.0,4935.4453
4159.0,4560.635
3782.0,4438.8984
3658.0,4612.607
3443.0,4488.2695
2646.0,3784.7634
5378.0,6592.74
4683.0,5792.5054
4355.0,5236.8774
4559.0,5207.21
7067.000000000001,5184.413
22403.0,17407.729
20064.0,18871.258
21079.000000000004,16963.312
21279.0,15382.741
20231.0,14955.27
13111.0,13756.698
27178.0,24824.533
25459.999999999996,21977.16
24210.0,20874.812
23899.0,19535.31
21685.0,17408.97
13536.0,15936.194
22258.0,18582.143
19339.0,18518.295
18046.0,17420.967
19532.0,16271.685
17420.0,15280.055
13557.999999999998,13758.498
23932.0,24592.379
23248.0,21202.959
21555.999999999996,20484.086
22177.0,19087.207
23093.0,17432.748
5293.0,5610.018
5257.0,5289.6675
5488.0,5417.3657
5046.0,5806.758
4272.0,5296.6436
8571.0,9374.52
8392.0,8016.4526
6983.0,7161.974
5925.0,7193.4243
5704.0,7247.2295
4523.0,4756.517
5147.0,6365.229
4684.0,6514.5474
4417.0,6312.498
5160.0,5685.0874
4579.0,5477.3174
4922.0,4538.4155
7926.999999999999,8859.419
7011.0,7333.118
6383.0,6717.7017
6752.0,6753.221
7049.0,6555.3794
6133.0,5442.8955
5614.999999999999,5006.5664
5413.0,5470.105
5165.999999999999,5213.411
5732.0,5562.206
5180.0,5329.6377
8233.0,7672.0767
7644.0,6932.807
7236.0,6592.071
7097.0,6639.4355
6170.0,6536.1016
5074.0,5423.489
5477.0,5816.56
4508.0,5468.2227
4909.0,5438.533
4882.0,5335.645
4773.0,5680.0913
4302.0,5437.549
7834.0,8839.756
6187.0,7401.331
6655.0,6792.317
6334.0,6875.9355
6554.0,6959.8755
8688.0,10185.043
10769.0,9791.35
11380.0,9646.787
10130.0,10146.911
10457.0,10392.103
16044.0,14824.478
13959.0,12911.495
11779.0,12512.055
12223.0,12093.036
11704.0,11121.21
12079.0,9565.826
10666.0,9392.979
9367.0,9373.82
9610.0,8759.951
11401.0,8525.489
10320.999999999998,9463.39
10922.0,9801.747
16327.0,13702.36
15490.0,11901.301
12401.0,10833.465
14208.0,11237.855
14985.0,11409.166
6878.0,5742.9688
6353.0,5777.1606
6235.999999999999,5902.929
6404.0,5822.0054
5475.0,8604.177
4537.0,5992.5933
9327.0,10819.705
8244.0,9022.028
8397.0,7849.9062
8166.0,7781.7397
6846.0,7562.7666
4622.0,4041.364
7410.0,6482.305
6052.0,6222.5967
5743.0,6108.323
6231.0,6032.465
5465.0,5793.1895
4082.0,4525.558
8705.0,10709.088
7184.999999999999,8718.205
6813.999999999999,7939.2017
7641.0,7585.53
11232.0,7029.8545
7000.0,6072.2505
5555.0,5317.126
6340.0,5331.2876
6113.0,5332.6445
6581.0,6312.1777
6627.0,6922.8364
11577.0,11060.347
9059.0,8757.214
8055.0,8120.2925
9933.999999999998,8132.136
7861.0,8092.057
6671.0,6680.3022
6548.000000000001,5754.946
5688.0,5415.9233
4611.0,5320.6084
6031.0,5357.286
5681.0,7203.533
7164.0,7177.4
12506.0,11254.455
8519.0,9498.161
9128.0,9218.069
9627.0,9008.434
9974.0,8205.58
5521.000000000001,5458.079
5130.0,5082.243
4802.0,5355.0415
5641.0,5379.391
5665.0,5614.1377
4428.0,4942.848
8811.0,9376.259
7288.0,7607.8247
7017.0,6873.862
7511.0,6917.1646
7338.0,6929.368
4620.0,4996.817
5796.0,6303.5303
4399.0,5682.102
5114.0,5706.155
4847.0,6678.8545
5425.0,6259.422
3242.0,5134.197
8013.0,9191.586
6483.0,7758.15
6684.999999999999,6963.665
6410.0,6820.7197
7924.0,6639.1416
7696.000000000001,7130.605
7231.000000000001,6343.0747
6784.0,6610.299
7514.0,6484.786
7388.0,7726.4194
5286.999999999999,6660.735
10483.000000000002,10925.818
8829.0,9170.922
9769.0,8096.195
9196.0,8104.11
7814.0,7949.9243
5605.0,5744.157
7360.000000000001,6804.8936
5915.999999999999,6584.0425
5953.0,6163.934
6003.0,6695.0347
5837.999999999999,6578.4307
4675.0,5844.124
9197.0,10569.622
7824.999999999999,9001.684
8194.0,8400.302
6893.0,8067.2876
9252.0,7930.654
4230.0,4349.323
4141.0,4147.8486
3878.0,4169.4883
4347.0,4531.586
5283.0,4649.302
6211.0,6882.5166
6773.0,5764.8267
5171.0,5469.332
5218.0,5476.4585
4750.0,5716.6777
5317.0,4835.4395
4173.0,4437.4565
4534.0,4348.2393
3587.0,4200.3184
4346.0,4337.162
3946.0,5251.013
4936.0,5366.6157
7294.0,7198.845
6319.0,6039.547
5633.0,5783.349
5769.0,5698.7827
6003.0,5895.174
7430.000000000001,9511.123
8057.0,8733.168
8219.0,8216.824
7910.0,7718.3105
5976.0,6520.1924
10884.0,11735.048
10506.0,9894.305
9604.0,9320.53
9635.0,9645.573
8733.0,9325.522
6070.0,6226.972
8741.0,9915.185
7635.0,8946.726
6192.999999999999,8939.018
7199.0,8634.082
7705.0,7455.6304
5284.0,6944.487
10925.0,11680.543
8793.0,9881.755
9060.0,9069.784
8747.0,9321.843
11768.000000000002,9133.359
19137.0,14456.6045
13277.0,13502.37
14275.0,12857.652
15057.0,13320.831
16698.0,13920.267
18994.0,14311.399
15927.0,14619.439
15254.0,13118.108
17516.0,12809.209
16346.0,13944.792
16984.0,13619.241
17686.0,14873.2705
18393.0,15837.551
14219.0,13174.697
13783.999999999998,12341.595
15111.999999999998,12783.83
14803.0,13394.803
16626.0,14187.57
17547.0,14457.415
16117.0,13540.21
15294.999999999998,13466.178
15671.0,14743.332
17099.0,15245.991
4860.0,5708.977
4615.0,5297.5327
5326.0,5063.128
5164.0,4842.813
5099.000000000001,4913.3228
3020.0000000000005,3431.5872
7615.0,8170.0327
6687.0,6627.6094
5977.0,5830.197
5670.0,5909.4062
5122.0,5845.1484
2908.0,2957.0884
4631.0,5130.5977
4140.0,4701.322
4481.0,4456.495
4195.0,4568.973
4625.0,4786.7344
2465.9999999999995,3119.1433
8056.0,7948.2476
6194.0,6671.3867
5884.000000000001,6177.4634
5821.0,6249.7803
8019.0,5440.565
4160.0,6213.0527
4874.0,5571.935
5259.999999999999,5056.503
4747.0,5130.721
5812.0,5401.4834
8343.0,7484.1333
7340.0,6537.8047
6506.0,6289.951
6233.0,6418.3975
5288.0,6201.943
5499.0,5401.849
5237.0,5634.869
4422.0,5709.142
4271.0,5468.88
4934.0,5128.8716
4647.0,5209.1055
5654.0,6207.767
7883.999999999999,7258.8657
7767.0,6272.7207
6469.0,6083.722
7339.0,5907.5713
7453.0,6164.289
6154.0,5897.677
5446.0,5588.3755
6363.0,5653.427
5738.0,5301.331
6028.0,5751.401
4233.0,3602.429
8721.0,10743.284
7682.0,9010.396
7639.0,7359.5923
6819.0,7144.2104
6382.0,6941.468
3004.0,3517.9
6514.0,6839.981
4914.0,6671.0522
5774.0,5847.455
5212.0,5863.6714
4864.0,5357.932
3271.0,4380.652
9525.0,9906.122
8298.0,8114.9556
8062.0,7540.304
7614.0,7114.167
8415.0,5871.5894
10329.0,11458.522
10924.0,10424.797
10866.0,10361.677
10481.0,10479.518
8936.0,10195.798
15631.0,16078.691
16523.0,13384.705
15754.0,12030.642
13975.0,12600.997
10395.0,11572.513
9081.0,9700.99
10853.0,12628.958
9545.0,11439.895
9975.0,10226.626
10001.0,9652.369
9554.0,9062.551
6419.000000000001,7963.953
17912.0,15657.14
14804.0,13112.63
14535.0,12167.329
13681.0,11929.324
15152.0,11500.517
5242.0,6002.4297
5643.0,5593.324
5855.0,5320.1646
6345.0,5705.0005
7171.0,6169.781
9357.0,8747.517
7418.999999999999,7576.0615
6485.999999999999,7487.258
6283.0,7471.9204
7546.0,7658.8545
5648.0,6218.116
5899.0,6213.949
4834.0,5987.952
4792.0,5671.7
5352.0,5749.876
5712.000000000001,6401.888
6999.0,6873.0015
10386.000000000002,9267.157
8463.0,7745.183
8099.0,7484.817
7628.0,7578.495
9199.0,7706.628
4603.0,5106.1646
4701.0,5186.557
4566.0,5056.8594
4291.0,5210.995
4474.0,4768.506
7494.0,7856.846
7117.0,6538.6875
6122.999999999999,6013.4893
5333.0,6034.251
5882.0,6017.541
4853.999999999999,4592.6885
5042.0,4936.371
3940.0,4496.893
4010.0,4415.8228
4506.0,4493.8716
4142.0,4877.671
4867.0,4315.4907
8062.0,7761.373
5918.0,6581.911
6023.0,6375.0244
6620.0,6405.854
6918.0,6493.6123
5789.0,5073.662
5246.0,5132.6255
6431.0,5438.8257
5479.0,5357.736
5038.0,5912.296
4056.0,4403.1226
8667.0,9963.704
7383.999999999999,8311.655
7759.0,7375.1743
6614.999999999999,7237.389
6772.0,6987.231
4018.0,4202.2935
6056.000000000001,6484.3916
4698.0,5988.119
4966.0,6101.091
5116.0,6421.4937
4768.0,5915.945
3271.0,4728.9937
7743.0,9949.899
6252.0,7887.9106
6461.0,7196.0415
6399.0,6978.8955
8150.0,6643.7725
4070.0,4366.517
4456.0,4513.1084
4512.0,4561.268
4898.0,4946.8306
3570.9999999999995,3853.8333
7987.0,8060.6626
6593.0,6739.838
6176.0,6077.6216
5372.999999999999,6063.1763
5482.0,6043.284
4590.0,3891.5854
5245.0,5558.8525
4045.0,4803.1113
4127.0,4892.494
4316.0,4751.451
4639.0,4931.2046
3502.0,3871.9475
7010.0,7657.758
5851.0,6367.9023
5327.0,5902.131
6159.0,5898.055
7948.0,6085.678
6817.000000000001,7373.765
5891.0,6437.139
5817.0,6146.6025
5485.0,5764.964
5577.0,5602.61
3051.0,3557.8274
10776.0,10232.924
8014.0,8515.144
7883.0,7397.215
6703.0,7224.197
5379.0,7196.2007
2428.0,3387.8542
7074.0,7558.6914
5844.0,6268.4565
5315.0,5816.828
5570.0,5733.373
5095.999999999999,6926.1772
2700.0000000000005,4260.7114
9101.0,9555.502
7504.0,8175.015
7270.999999999999,6515.6235
6343.0,6844.6978
7217.0,6117.5923
4074.0,3959.3735
4028.0,3825.565
3905.0,4052.0244
4416.0,4350.6094
2200.0,2915.6226
5548.000000000001,6530.6895
4360.0,5703.142
4319.0,5520.354
4319.0,5526.953
4256.0,5083.9976
1901.0,3404.1409
3989.0,5365.0254
3529.0,4933.874
3693.0,4904.117
3686.0,4934.5093
4280.0,4409.4175
1867.0,3471.6462
4775.0,6587.886
4585.0,5744.2505
4079.0,5064.8936
4470.0,4950.6426
5481.0,4631.6885
8608.0,7627.5786
7447.0,6853.3657
7560.0,7160.521
8152.999999999999,7085.657
7545.0,7900.2363
6341.000000000001,7357.0
12179.0,12446.044
9908.0,10252.036
9362.0,9268.776
9125.0,9327.8
8046.0,9607.839
6375.0,6844.6987
8511.0,8478.642
6603.0,7464.9976
6503.0,7387.1494
7723.000000000001,7379.432
6867.0,7650.5454
6095.0,6692.151
11997.0,12417.13
8576.0,10863.344
9482.0,9878.902
8699.0,10132.283
9798.0,9337.048
3492.9999999999995,3958.1423
3167.0,3589.5024
3317.0000000000005,3740.432
3176.0,3743.1555
3457.0,4032.0361
2002.0000000000002,2449.938
6508.0,6645.4526
4701.0,5700.5376
5298.0,5009.4795
4129.0,4937.91
3781.0,4955.8
1894.0,2797.1248
3759.0,4411.0894
3126.0,3860.6917
2775.0,3797.4844
2995.0,3794.68
2513.0,4936.2666
2072.0,2892.9666
6035.0,7083.749
4595.0,5740.283
4616.0,5068.2705
4375.0,4928.036
5099.000000000001,4181.354
7210.0,6826.1626
5642.000000000001,6062.97
5689.0,5681.519
5657.0,5334.2715
5507.0,5743.128
3166.0,3721.4014
8213.0,9305.188
7986.0,7842.1377
8173.0,6726.688
6687.0,6576.0483
5890.0,6542.8687
3389.0,3056.573
6767.0,5678.7773
6307.0,5159.835
6156.0,5139.457
5765.0,5326.264
5612.0,5434.25
3149.0000000000005,3983.8452
8479.0,8971.753
8394.0,7493.2476
7547.999999999999,6857.023
8183.0,6959.718
7818.0,6779.7183
2289.0,3225.9146
2282.0,3150.1846
2461.9999999999995,3009.0947
2407.0,2944.4612
2641.0,3117.5796
1423.0,2170.3486
4371.0,4769.7935
3005.0,4408.0444
3320.0,3940.3953
2581.0,3928.5854
2895.0,3746.8938
1316.0,1968.9253
2806.0,3852.678
2247.0,3271.1978
1986.0,2973.487
2147.0,2813.2515
2364.0,3009.8616
1351.9999999999998,1867.0917
3416.0,4855.2827
2966.0,4345.9873
2936.0,3876.5288
2633.9999999999995,4126.752
3768.0,3468.4646
13781.0,16019.66
21883.0,16306.211
21648.0,16706.559
19785.0,16988.271
20749.999999999996,17338.875
26404.0,19230.75
23721.0,17555.043
23523.0,18398.125
18658.0,18902.574
21866.0,16784.408
19887.0,15874.555
21700.0,15873.219
16274.000000000002,15674.419
15043.0,15253.435
19169.0,14981.013
19876.0,14589.949
23091.0,16033.477
27881.0,20559.379
21351.0,18543.686
22190.0,18719.85
20363.0,18734.242
23996.0,19440.959
9195.0,7706.8677
8753.0,6966.9575
8690.0,6742.637
8620.0,6858.9727
7683.0,7406.187
10039.0,8323.767
14389.0,11826.683
12255.0,10734.728
12111.0,9767.16
10380.0,9680.055
9221.0,9868.423
9363.0,8397.713
9272.0,7614.1343
7092.0,7274.8276
7418.0,7213.911
7320.0,6930.8486
7500.0,8316.627
8338.0,8517.054
11216.0,13798.355
10288.999999999998,11573.642
8730.0,10381.711
9326.0,10302.8125
12775.0,10266.942
3126.0,3615.5916
4102.0,3708.1816
3188.0000000000005,3842.8335
3344.0,4097.6997
1898.0,2784.5518
6445.0,6945.533
4803.0,5854.738
5183.0,5137.4873
4597.0,5026.34
3979.0,4355.673
2366.0,2603.051
3633.0000000000005,4360.0776
2924.0,3828.4087
3000.9999999999995,4044.0076
2719.0,3784.114
3311.0,3885.2603
1731.0,2316.7817
6260.0,6665.4204
4372.0,5708.961
4970.0,5160.8594
4471.0,4923.131
6444.0,4821.97
4279.0,4603.308
4066.9999999999995,4588.3916
4747.0,4679.3525
5625.0,4969.461
4564.0,5569.153
6887.0,6114.993
5721.0,5500.7104
5022.0,5538.472
5286.999999999999,5680.26
5665.999999999999,5370.949
5479.0,4853.582
5063.0,4676.6924
4562.0,4553.8687
3791.0,4765.9595
4281.0,5142.5083
5734.0,5356.1978
4822.0,5542.6436
6557.0,6972.783
6134.000000000001,6041.2466
5313.0,5874.534
5090.0,5844.477
5151.0,5965.828
6785.0,8145.749
6913.0,8244.336
8316.0,8254.755
9057.0,8040.29
5849.000000000001,6462.76
13459.0,14235.269
11487.0,11512.271
10158.0,10325.46
10164.999999999998,10186.233
9363.0,9289.238
6048.000000000001,5454.6606
8025.0,7814.508
7601.0,7443.215
6777.0,7240.9355
7469.0,7160.0986
8518.0,7313.5117
4905.0,4774.1143
11842.999999999998,12610.554
10834.0,10057.4
10069.000000000002,9022.884
11978.0,9140.226
12705.0,9047.014
4824.0,5179.0454
5998.0,4892.3853
5761.0,4974.37
5691.0,5346.4053
5918.0,6357.187
8806.0,8176.66
7697.0,6988.508
6878.0,6545.142
6425.0,6630.1045
5912.0,6785.744
6032.0,6082.2363
6086.0,5493.7383
5167.0,5165.2935
5130.0,4978.251
5062.0,5146.633
5212.0,5862.4756
4935.000000000001,6118.482
9025.0,8343.478
7842.0,6785.9043
7524.000000000001,6458.9497
7380.0,6446.5967
10011.0,6634.9404
4711.0,5509.5737
4515.0,5604.725
6032.0,5616.681
6005.000000000001,5867.967
5509.999999999999,4530.249
9949.0,9811.739
9019.0,8085.548
8517.0,7006.699
7703.0,6961.1147
7101.0,6908.7505
5180.0,4730.922
6340.0,5711.6094
5720.000000000001,5151.9077
5773.0,5093.1074
6303.0,5105.304
6558.0,5492.186
5567.0,4800.592
10503.0,10001.655
9372.0,8230.124
9723.0,7745.682
9474.0,7242.129
10527.0,7139.83
7372.0,7625.246
6404.0,7030.586
7128.0,6473.5415
7383.999999999999,6578.404
7049.0,7061.464
8065.0,7884.917
11240.0,10616.841
10116.0,9155.56
9069.0,8458.376
8694.0,8687.476
7993.0,8984.3955
8767.0,7824.501
7545.0,6957.0303
6982.0,6591.475
6709.0,6569.822
6864.0,6641.8154
7393.0,7737.27
8204.0,8035.5513
11913.000000000002,11324.008
9939.0,9737.845
9502.0,9395.351
9459.0,9632.834
10829.0,9481.778
4340.0,5193.7837
5095.999999999999,5061.3164
5405.0,5216.4062
4876.0,5593.0054
4789.0,5843.6196
9180.0,8973.532
7922.000000000001,7582.366
7878.0,6839.2173
6227.999999999999,6959.4414
5277.0,7120.432
6205.0,5913.117
5536.0,6079.0024
4132.0,5847.0933
4476.0,5874.905
4890.0,5814.5156
4272.0,5697.373
4532.0,5451.551
9460.0,8566.025
7506.0,6878.6567
5898.0,6497.519
6081.0,6288.1064
8380.0,6461.334
4004.0000000000005,5240.337
4512.0,4790.5786
4209.0,5388.4316
4838.0,5506.855
4931.0,5681.018
7226.0,7043.7505
5222.0,5956.8843
5138.999999999999,5690.959
4996.0,5735.5913
6112.0,6047.2856
5480.0,5582.379
5224.0,5079.159
3881.0,4692.442
3890.0,4594.289
5246.0,5079.4536
4593.0,5322.233
6395.0,5952.544
7256.0,6613.1206
5652.0,5409.7715
5887.0,5363.7783
6207.0,5507.6416
6305.0,5767.7993
3297.0,4332.992
3730.9999999999995,4238.8174
4056.0,4080.693
3351.0,4309.1265
2420.0,3373.6655
6311.0,6862.146
6388.0,5770.2295
5536.999999999999,5252.47
5199.0,5260.1426
4749.0,4929.7095
2756.0,3521.058
4579.0,4404.043
4041.0,3992.5317
3324.9999999999995,4086.1018
4001.0,4198.7783
3873.0,4287.2095
2489.0000000000005,3212.2385
6144.0,7148.9097
5447.0,6009.258
4614.0,5275.1196
5929.0,5320.523
5722.0,5230.7324
7724.0,9577.637
9095.0,8264.253
9027.0,8030.135
9103.0,8281.001
8229.0,7393.51
13517.0,12610.807
11880.0,11204.678
11448.0,10058.22
10308.0,10360.933
10527.0,10003.534
7926.0,8332.315
9543.0,8968.0
8368.0,8492.496
8142.0,8641.001
8660.0,8118.971
8186.0,8080.731
8191.0,8097.981
14024.0,13525.678
12918.0,11663.67
10978.0,10287.1455
12249.0,10526.519
13046.0,10505.897
5604.0,5504.8335
4433.0,4964.968
5739.0,4991.975
5486.000000000001,5010.9497
5546.0,5638.997
5756.0,6109.736
9067.0,8842.543
7860.000000000001,7128.637
6703.0,6547.973
5229.0,6626.2754
6015.0,6815.7334
5506.0,5597.53
5798.000000000001,5228.5137
5122.0,5110.5566
4265.0,5181.0186
4898.0,5463.711
4270.0,5736.869
5853.0,6154.7725
8820.0,8384.042
6772.0,6751.236
5977.0,6547.8564
5328.0,6654.7656
5653.0,6574.8633
5237.0,5311.496
5279.000000000001,5622.3486
5427.000000000001,5254.1445
5250.0,5187.1875
4190.0,4108.0576
9266.0,8728.892
7345.0,7533.34
6826.0,6974.992
6627.0,7003.698
6862.0,6322.1626
3867.0,5718.087
5208.999999999999,6598.234
5282.0,6010.012
5497.0,5816.9727
4859.0,5409.1143
5332.0,5393.4946
4401.0,4672.034
8965.0,8795.518
7639.0,7440.6343
7667.0,6594.5737
8447.0,6421.1743
10423.0,6391.341
7377.0,7328.774
6257.0,6539.6016
6313.0,6969.179
6257.0,6657.315
6600.0,6399.8955
7002.0,6579.968
9842.0,9073.213
8855.0,8247.286
8465.0,7759.629
8108.0,7768.1353
7662.0,7489.1636
7016.0,6197.1553
6589.0,6149.869
5942.999999999999,6031.341
5796.0,6001.715
6022.0,6134.6997
6118.0,6477.9604
6171.0,6514.299
9233.0,10572.772
8241.0,8821.626
7698.0,8346.007
8167.0,8452.348
9416.0,8410.553
5700.999999999999,6142.7744
7224.0,6008.0596
7073.0,6020.7134
6191.0,6878.8906
9204.0,8477.351
10509.0,9618.445
9407.0,8452.485
8834.0,7845.705
7999.0,8308.197
8156.0,9109.613
8806.0,8422.603
7986.0,7236.875
6939.0,6904.43
6684.999999999999,6428.8667
6996.0,7493.771
7607.0,8218.678
9984.0,9071.137
12580.000000000002,10812.515
9843.000000000002,9320.305
8975.0,9526.331
9334.0,9546.928
9211.0,8909.096
4962.0,4678.98
4783.0,4518.355
4706.0,4623.312
4694.0,4574.5894
4354.0,4221.825
7073.0,6693.108
6085.0,5930.217
5660.0,5636.1885
5103.999999999999,5616.558
4596.0,5696.1494
3849.0,4519.036
5129.0,4765.569
4678.0,4384.76
4440.0,4417.0884
4887.0,4446.4844
4144.0,4833.6064
4890.0,4629.0317
7496.0,7040.7393
6730.0,6137.581
5528.0,5729.6
6079.999999999999,5760.754
5540.0,5603.414
5940.0,7237.288
7182.0,6507.5083
7749.0,6374.1743
7082.0,6737.343
7800.0,6986.5356
10382.0,9578.056
8666.0,8456.288
8023.0,7894.7124
6866.0,8104.1816
7717.0,8367.967
8271.0,7137.9453
7418.999999999999,7557.5312
5953.0,7405.6904
6952.0,7465.7305
6977.999999999999,7560.196
7168.999999999999,7559.9536
8808.0,7817.259
10373.0,9525.888
9543.0,8143.487
9764.0,7829.4863
8132.0,8346.45
8854.0,8831.586
6633.0,6908.7993
5264.0,6510.1
5133.0,6540.4683
5924.0,5883.1255
6481.0,5641.6294
6794.0,5995.356
9063.0,8526.473
8183.0,7509.1626
6602.0,7233.8525
6485.999999999999,7450.6245
7227.999999999999,7382.841
6087.0,6430.0
6131.0,5480.8506
5551.0,5192.986
4291.0,5050.88
5109.0,5115.1006
5322.000000000001,6224.538
6067.0,6568.346
8398.0,9194.926
7581.0,7942.217
6547.0,7637.357
8063.0,7567.6973
8977.0,7630.5903
3136.0,3532.4556
3960.0,3546.2139
3604.0,3367.5725
3598.0000000000005,3674.8625
2921.0,3709.0564
4570.0,5429.058
4602.0,4834.333
4617.0,4618.4053
4156.0,4741.871
3333.0,4856.2305
3667.0,4035.1843
3680.0000000000005,4553.1626
3773.0,4152.585
3755.0,4008.7798
3700.0,3993.0242
3662.0,3863.6152
3084.0,3871.9321
5069.0,4987.33
4641.0,4473.373
4556.0,4467.2646
4923.0,4339.378
5337.999999999999,4203.933
8204.0,6899.0215
7366.0,6652.817
7560.0,6772.1
8020.0,6632.1626
7796.0,7258.209
6493.0,5632.0396
11700.0,12205.173
10922.0,9866.356
10043.0,8711.636
9579.0,8802.38
9155.0,8618.764
6044.0,5754.595
8252.0,7349.3765
7369.0,7167.9
6951.0,6787.8154
7184.999999999999,6949.5015
7302.0,8177.287
4655.0,6918.5654
10718.999999999998,13176.993
8914.0,10571.203
9178.0,9330.238
9337.0,9243.689
11935.0,9075.825
10280.0,9102.024
9520.0,8888.828
11170.0,9042.989
6318.0,6572.004
2616.0,4747.094
9177.0,9598.468
8162.0,7577.227
8086.000000000001,7445.151
8343.0,8736.483
9807.0,7445.9624
6269.0,6123.826
2402.0,4043.8044
11388.0,13066.292
10813.0,10930.895
9964.0,10532.285
9829.0,9740.015
9964.0,9582.533
7352.000000000001,6729.6123
2985.0000000000005,4078.2095
9475.0,9985.15
8319.0,8322.19
6676.0,7868.8296
8820.0,8766.605
8903.0,7504.6055
6087.0,5979.5195
3150.0,3823.288
12344.0,12014.303
10468.0,10717.035
9782.0,10353.95
9506.0,9473.104
13290.0,9608.008
3797.0000000000005,4518.5464
4653.0,4360.4434
3812.9999999999995,4408.22
4062.9999999999995,4617.3716
3172.0,3280.081
6470.000000000001,6934.1455
5449.0,5951.8135
5054.0,5601.121
4384.0,5554.784
4827.0,5296.7124
2998.0,3268.231
4814.0,5383.7007
3721.0,4878.213
3613.0,4980.4795
3825.0,4541.4966
3490.0,4266.355
2492.0,3598.835
6099.000000000001,6733.647
6398.0,5779.525
5535.0,5198.25
5624.0,5098.599
6690.0,4880.056
5426.0,6929.26
7498.0,6682.0415
6815.0,6531.1807
6374.0,7148.0244
8003.0,7930.1357
10550.0,9763.851
9188.0,8477.168
7951.0,7956.6094
7545.0,8036.716
7371.0,8057.699
7974.0,7305.3594
7551.0,6856.22
6186.0,6852.755
5678.0,6708.947
7324.0,6667.1147
6276.0,6813.8037
8697.0,7840.9136
9362.0,9544.323
8986.0,8012.624
7824.999999999999,7950.4946
7327.0,8283.87
9709.0,8315.095
4939.999999999999,6313.398
5484.0,6185.3057
5987.0,6017.715
6460.0,5894.412
6093.0,5809.3
9078.0,9187.352
8349.0,8129.6587
6974.0,7820.783
7590.999999999999,8020.1133
8305.0,8233.567
6649.999999999999,7525.708
7092.0,6982.9565
5388.999999999999,6472.9224
5178.0,6027.7793
6591.000000000001,5892.5117
6748.0,6103.886
6569.0,7117.163
9847.999999999998,9195.521
8020.0,7892.964
8133.999999999999,7532.13
8991.0,7539.9746
9827.000000000002,7731.605
5171.0,5014.296
5720.000000000001,3535.3938
5394.0,3399.7517
4684.0,3638.5398
2547.9999999999995,3642.1135
4665.0,3933.7644
4480.0,3978.762
4300.0,4081.3328
4860.0,4056.4211
4738.0,3748.62
4007.0,3837.3047
2231.0,4315.0176
6341.000000000001,4965.3457
5775.0,4923.2593
5437.0,5089.575
5850.0,4937.0156
5064.000000000001,3854.443
5226.0,3986.4192
2698.0,3870.3381
4958.0,3868.3967
4279.0,4062.599
3887.0000000000005,4577.337
4660.0,5219.7754
4659.0,3999.9226
4841.0,3894.4177
2136.0,4259.404
8276.0,5600.4775
6444.0,5229.5205
5938.0,5340.721
6237.0,5066.086
6462.000000000001,4756.8516
7302.0,8944.005
8303.0,8515.38
8813.0,8406.785
9382.0,8830.665
9110.0,9850.038
13617.0,12669.615
10381.0,10849.357
9532.0,10066.898
8748.0,10217.449
10825.0,10137.263
9584.0,8994.899
8919.0,9028.99
9033.0,8665.74
7658.0,8138.0806
8611.0,9023.988
10661.0,9181.496
9760.0,10379.308
13563.0,11753.608
9893.0,10388.625
8999.0,10265.228
11790.0,10852.335
11441.0,10447.085
4718.0,6880.0586
3885.0,6203.0386
4363.0,5823.4375
4294.0,5363.5435
4926.0,5495.9326
3128.0,3701.0994
9722.0,9203.1045
8403.0,7374.5244
6969.0,6388.9487
7090.999999999999,6316.185
5453.0,6345.1206
3467.0,3642.485
5498.0,4949.1978
5035.0,4706.9185
4119.0,4596.389
4801.0,4558.175
4031.0,5386.493
3453.0,3776.641
9366.0,9847.769
7711.0,7677.084
7007.0,6722.274
6493.999999999999,6463.129
7768.0,6425.401
7974.0,8012.026
6431.0,7042.38
7059.0,6707.3145
6851.0,7179.7407
6598.0,6629.53
4108.0,5936.6187
8699.0,8089.7153
8111.0,7524.5186
8239.0,7189.661
7565.0,7219.8228
7675.0,6555.6816
5043.0,5230.452
7229.0,6348.27
6561.0,5761.332
6296.0,5905.8228
6523.0,6308.887
6757.0,6100.318
4351.0,5441.0483
8199.0,9323.493
7637.000000000001,7938.9097
7383.0,7465.894
7247.000000000001,7545.441
7063.999999999999,7612.8916
4935.000000000001,5529.269
6383.0,5319.499
6013.000000000001,5565.9395
6014.0,6276.697
4692.0,8894.563
8304.0,8484.477
7726.0,7278.386
6569.0,6972.862
7343.0,7434.5615
8388.0,7746.868
8147.0,7598.3545
5874.0,6544.2715
5357.000000000001,6343.152
5808.0,6255.44
6387.0,6747.7144
6094.0,7058.3647
8440.0,6915.9346
10266.0,7528.4253
7397.0,6710.7026
7590.999999999999,7333.5283
7735.0,7702.904
8478.0,7710.1973
5918.0,7378.709
6406.0,7401.3335
6933.0,7094.5996
6800.0,7064.314
5146.0,8032.106
10238.0,10693.447
8152.0,9015.96
7667.0,8477.994
6929.0,8526.405
7768.0,7865.848
6098.0,5929.0415
7047.0,6512.6084
5872.999999999999,6271.9995
5657.999999999999,6427.61
5692.0,6142.4736
6149.999999999999,6337.7656
5316.0,6261.3037
9635.0,9183.076
7951.0,7677.397
7467.0,7336.6353
8093.0,7371.911
9747.0,7445.6484
4456.0,3488.6663
3437.0,3270.5012
4087.0,3230.0447
3732.0,3268.3542
3809.0000000000005,3374.0752
2670.0,2856.6072
4805.0,4836.307
4025.0,4417.546
4071.0,4090.7756
3832.0,4164.7715
3522.0,3451.7654
2283.0,3360.9402
3609.0,3390.0632
2913.0,3466.5945
3433.0,3290.0918
2990.0,3202.0906
3241.0,3092.66
1882.0,2652.5464
4568.0,4638.3804
4080.0,4333.2075
4120.0,3948.6746
3487.0,3967.2837
3871.0,3918.342
5043.0,4858.569
4333.0,4352.9844
4200.0,4095.628
3976.0,4136.047
4404.0,4594.1904
4602.0,4702.076
5836.0,6812.4355
5352.0,5823.7017
4677.0,5482.3687
5706.0,5470.365
4754.0,5355.4683
4774.0,4721.7217
4401.0,4400.85
4657.0,4032.4404
3725.0,4086.6143
4902.0,4206.2964
4548.0,4873.4575
4480.0,5066.5854
5955.0,6967.13
5056.000000000001,6000.0024
4384.0,5791.3027
5345.0,5722.492
6384.000000000001,5679.783
3624.0,4670.019
4029.0,4503.7344
3941.9999999999995,4509.0186
4335.0,4774.5635
3709.0,3428.4397
7473.000000000001,7927.872
5852.0,6598.217
5751.999999999999,6044.7305
5350.0,5986.5054
4766.0,5909.9
3700.0,4556.954
4251.0,5800.315
3730.0,5330.425
4186.0,5334.157
4124.0,5056.956
4472.0,4784.323
3406.0,4355.6704
6707.0,7477.682
6044.0,6219.268
4936.0,5815.23
5690.0,5887.754
6555.0,5900.8076
27330.0,9935.129
23927.0,9528.894
19665.0,9920.97
15955.0,10558.82
10028.0,9580.95
3237.0,5990.4097
8088.0,8411.984
11806.0,8795.548
4739.0,8367.532
5304.0,4175.9478
1845.0,5778.897
6033.0,5296.557
6503.0,5385.852
7026.0,5772.5396
5939.0,6026.823
5607.000000000001,5670.11
5068.0,7837.126
8851.0,7756.347
8393.0,6846.7183
8163.0,6821.403
7232.0,6261.1113
6694.0,4961.2046
5828.0,5169.498
7398.0,5245.788
6429.0,5595.057
6048.000000000001,5080.688
5835.0,5081.4653
5339.0,5122.1216
4903.0,5476.061
8545.0,6723.6655
7560.0,6947.488
8508.0,6929.594
6242.0,6706.8125
8646.0,6943.296
7707.0,6835.449
7172.0,6420.703
7633.999999999999,6569.487
7360.000000000001,6666.3027
7823.0,9421.947
6463.0,7732.9453
11976.0,13204.497
10822.0,10709.479
8901.0,9391.497
8348.0,9386.801
8693.0,9190.831
5629.0,6053.156
7636.0,7348.249
5915.0,6796.752
6211.0,6691.916
6706.0,6711.044
7624.0,7229.337
5579.0,5606.93
11959.0,12533.895
9912.0,10625.45
9239.0,10162.962
10647.0,10004.455
11254.0,8776.828
3794.0,4065.7551
3176.0,3708.6838
4170.0,3756.1902
4217.0,3790.4463
2999.0,3401.0352
6165.0,5731.395
5030.0,4925.7075
4342.0,4619.973
4090.0000000000005,4577.151
3978.0,4622.1865
3633.0000000000005,3614.1472
3170.0,4663.2827
2994.0,4378.479
3099.0,4386.0938
4520.0,4329.6577
3468.0,4037.0361
3117.9999999999995,3481.8845
5884.000000000001,5778.526
5320.0,4859.6196
5129.0,4669.557
5861.0,4809.037
6000.0,4896.613
7001.0,7579.118
7042.0,7334.484
7424.0,7131.201
7535.0,7307.0405
5998.0,6252.004
11772.0,10799.813
9425.0,9501.26
8886.0,8810.058
8043.0,9028.483
8473.0,9036.23
6118.0,7421.4097
8626.0,8512.543
7214.0,7877.7817
6571.0,8088.6475
7754.0,7720.74
6742.0,7616.2466
6225.0,7650.5767
11567.0,11531.091
11317.0,9915.556
10022.0,8832.113
10195.0,9253.289
10670.0,9120.875
3051.0,3876.3477
3630.0,3911.626
3301.0,4076.3892
3202.0,4285.109
2413.0,2690.8044
5998.0,7087.863
5070.0,5833.377
5253.0,5358.8735
4820.0,5342.568
3328.0,5000.5005
2500.9999999999995,2108.3738
3522.0,4690.4097
3570.0,4144.49
3451.0,3997.1467
2770.0,3844.283
2904.0,3548.5674
1842.0000000000002,2347.0552
5466.0,6928.3193
4632.0,5784.628
4369.0,5086.45
5571.0,4801.1426
7396.0,4322.139
5547.0,5970.3687
5339.0,5718.555
5501.0,5497.037
5828.0,5597.5327
5592.0,5909.8306
7575.000000000001,8063.3657
8023.0,6863.7397
6439.0,6435.2837
5956.0,6502.711
6267.0,6682.5737
5614.999999999999,5744.5195
5955.0,5712.7197
5320.0,5617.8765
4256.0,5561.5957
5831.0,5567.6475
4979.0,5698.0767
4829.0,6385.1577
7578.0,7618.174
7063.0,6430.954
5910.0,6203.3296
6491.0,6180.892
7416.0,6417.5815
3737.0,4588.309
4344.0,4590.264
4029.0,4381.0854
4026.0,4357.0767
2807.0,3426.1611
6070.0,6723.8804
5475.0,5812.182
4425.0,5312.842
5118.0,5286.8003
5336.0,4982.3174
2631.0,3507.959
4756.0,5203.753
4031.0,4490.3438
3851.9999999999995,4799.002
3474.0,4410.197
4361.0,4078.127
2179.0,3522.434
5753.0,6135.21
4743.0,5402.873
4243.0,4939.2104
4643.0,4907.8486
5850.0,4697.6904
4761.0,6472.9175
5380.0,5985.0244
5414.0,5766.8906
5103.999999999999,5842.897
5052.999999999999,5575.8975
9604.0,9085.6045
6775.0,7798.1797
6148.0,7304.7188
6363.0,7352.2974
6250.0,7338.2075
5843.0,6181.154
6210.0,6452.944
5313.0,6269.36
4470.0,6292.1484
5150.000000000001,6089.736
5103.999999999999,5885.504
5825.0,6967.531
9445.0,8563.274
8360.0,6997.007
7361.0,6630.2534
7000.0,6677.9497
7660.999999999999,6887.061
5488.0,5848.0996
5625.0,5560.502
5115.000000000001,5493.087
4656.0,5375.579
4988.0,5730.203
6587.0,6703.062
7004.0,6953.638
6678.0,6502.1533
5438.0,6344.9185
5647.0,6201.6074
4792.0,5916.7676
5184.0,5487.917
4640.0,5298.597
4836.0,5118.999
4892.000000000001,4954.4595
4725.0,5119.8687
5177.000000000001,5364.793
6417.0,7115.7617
5700.0,6196.6
6060.0,5844.0195
5942.0,5825.1953
6754.0,6236.9014
6285.0,7544.551
6587.0,7122.797
6536.0,6310.2046
6427.000000000001,6097.007
3954.0,4739.1763
8728.0,10266.737
8759.0,8834.098
7584.0,8122.3315
7840.0,7988.7544
7097.0,7635.074
4274.0,4930.5234
5914.0,7724.551
5746.0,6953.8696
4869.0,6826.9766
5800.0,6476.9287
5165.999999999999,6018.084
3607.0,5137.376
8826.0,9926.689
7587.0,8083.86
7226.0,7127.751
7652.0,7171.588
6856.999999999999,7257.01
4580.0,5858.253
5827.0,5590.1177
6350.0,5708.27
6489.000000000001,6063.309
5395.0,5081.5225
11441.0,10252.946
8799.0,8585.52
8151.0,7875.7544
7149.999999999999,7916.252
6898.0,7882.0913
5918.0,5737.5864
6223.0,6904.6567
5348.0,6194.1436
5722.0,6519.1436
5707.0,6423.2583
5905.0,6336.6074
5197.0,5753.342
10100.0,10899.55
9039.0,8691.343
7547.0,7925.103
7957.0,7726.7114
8902.0,7700.6016
9576.0,8160.1
7723.000000000001,7466.3623
7856.0,7576.5415
7431.0,7406.191
7909.0,8344.184
8264.0,8549.927
11745.0,11483.502
9962.0,9921.583
9976.999999999998,9665.691
9879.0,9394.331
10553.0,9306.307
8703.0,8003.2847
8849.0,7579.993
6594.0,7331.2666
6090.0,7127.878
7156.0,7957.812
7301.0,9227.42
7699.0,8461.174
12303.0,11981.553
8435.0,10036.096
8930.0,9703.446
9304.0,10035.709
12206.0,9911.732
3672.0,4132.13
2810.0,3990.2383
3384.0,4053.2056
4324.0,4098.442
4407.0,4416.15
2934.0,3354.5068
5806.000000000001,6632.62
4744.0,5700.2188
4722.0,5163.042
4435.0,5005.9224
5157.0,5099.3413
2582.9999999999995,3239.5488
2972.0,4417.848
3142.0,4155.4106
3313.0000000000005,4162.698
3306.0,3762.8892
3846.0,3826.756
2339.0,2676.7507
6044.999999999999,6145.242
4943.000000000001,5112.9175
4606.0,4660.932
5466.0,4618.4453
6312.0,4267.608
4527.0,5199.671
5517.0,5256.8896
5719.0,5258.222
5912.0,5554.916
5636.0,6841.622
9594.0,8605.947
7196.000000000001,7275.6157
6765.0,6920.1787
6297.0,6980.175
5966.0,7124.5547
6036.0,5861.5522
5679.0,5645.875
5046.0,5343.5815
4295.0,5350.5527
5910.0,5493.6543
5017.999999999999,5819.6147
6176.0,5974.9746
9349.0,8954.377
7217.0,7315.544
6725.0,6888.819
7745.0,6903.259
8467.0,6878.1694
6017.0,6088.4355
6647.0,5840.8286
6657.999999999999,5678.401
6536.999999999999,5902.042
6378.0,6907.275
8758.0,9826.102
8385.0,8134.564
8659.0,7362.6094
7550.0,7177.4937
6614.0,7328.625
6909.0,6122.092
8178.0,6064.6924
5833.000000000001,5584.9556
6144.0,5833.639
5444.0,6282.197
6903.000000000001,6299.846
5137.0,7178.4395
9040.0,8236.291
7664.0,7097.1963
8978.0,6426.9316
7924.0,6827.262
11916.0,7207.2183
7159.0,6816.601
5899.0,6407.2534
7144.0,6279.1655
7339.0,6020.878
7826.0,6698.9463
3391.0000000000005,3657.3735
11710.0,11592.468
9760.0,9672.022
8201.0,8475.231
8390.0,8260.709
8262.0,8237.776
3158.0,4960.3564
7098.0,8282.779
5422.0,8102.884
5584.0,7390.572
6177.000000000001,7589.454
7012.0,6171.0493
3039.9999999999995,3907.8164
10540.0,11800.556
9523.0,9776.747
7641.0,8768.851
8735.0,8416.061
10054.0,7539.117
4952.0,6123.451
5655.0,5264.91
5637.0,5339.1333
5224.999999999999,5489.918
4981.0,5506.1885
7820.0,8078.4023
7269.0,7001.7324
7559.000000000001,6549.2593
6326.0,6571.5503
6257.0,6579.7935
6146.0,5656.576
5981.0,5455.201
5735.0,5189.69
5620.0,5360.9175
5407.0,5286.5923
5427.000000000001,5297.799
5082.0,5473.0454
7843.0,7826.004
7156.0,6757.2417
7628.0,6344.222
7358.0,6381.888
7179.0,6597.019
6794.0,9962.509
6493.0,8682.292
7047.999999999999,7981.5913
7578.0,7178.0195
5685.000000000001,6537.039
12432.0,13027.477
11401.999999999998,10611.297
10858.999999999998,9682.374
8787.0,9526.273
8771.0,8849.232
5521.000000000001,5737.0073
6866.0,7056.8477
6707.0,6922.474
6415.0,6847.884
5888.0,6649.5996
7342.0,6819.3965
4370.0,5107.414
12137.0,12059.734
9699.0,9946.205
9551.0,9035.144
9205.0,8752.008
11866.0,8751.664
7973.000000000001,8362.206
8560.0,8450.053
9545.0,8470.495
9292.0,8441.462
8971.0,9001.683
13775.0,12063.485
11286.0,10521.454
10366.0,10011.797
9920.0,10066.232
11530.0,9939.217
9747.0,8049.333
11268.000000000002,8373.43
9054.0,8354.567
8514.0,8411.258
9300.0,9362.371
8728.0,9848.511
10099.0,9143.034
15392.000000000002,11511.173
12871.0,10516.266
11259.0,9823.805
12002.0,10802.555
12182.000000000002,11257.927
7812.0,6436.535
6071.0,5722.1035
6780.0,5752.0435
6656.0,5580.055
6852.0,6127.3037
7817.000000000001,6714.504
9193.0,9129.184
7743.0,7783.4116
7964.0,7339.5894
8387.0,7638.776
7423.0,7371.7793
7047.999999999999,6437.777
7702.0,5919.792
6561.0,5805.752
5892.000000000001,5711.367
6845.0,6388.533
5976.0,6774.3403
5995.0,7301.542
8958.0,9086.066
8128.0,7813.094
7283.0,7751.7715
7445.0,7832.2954
8763.0,7756.753
2355.0,2994.511
2488.0,3100.6387
2557.0,3331.6965
2957.9999999999995,3409.9558
3505.0,3417.7097
4428.0,4319.464
3898.0,4053.274
3281.9999999999995,4007.047
2806.0,4037.6013
3820.9999999999995,4051.4321
3806.0,3663.7766
3123.0,3182.0398
2533.0,2967.4114
2453.0,2849.9368
2611.0,3101.0364
2961.0,3241.5347
3848.0000000000005,3348.2888
3953.0,4569.78
3449.9999999999995,3952.0498
3498.0,3909.4102
3833.0,3849.9849
4691.0,3809.0728
6819.0,8472.331
6474.0,7311.501
6792.0,7118.2163
7190.0,6236.9736
7086.0,5698.59
2185.0,2973.3618
11182.000000000002,10668.435
9795.0,8945.365
8305.0,7792.2036
7748.0,8136.393
7771.0,7505.9556
2259.0,3528.5986
5975.0,8029.633
5905.0,6912.379
5344.0,5892.871
5095.999999999999,5404.6
5120.0,5964.1533
2016.0,2746.8752
10350.0,11885.327
9327.0,9461.658
8233.0,7876.981
7219.0,7864.205
8833.0,7411.4873
5619.0,4483.3066
4487.0,4541.762
5036.0,4329.76
5229.0,4505.681
4354.0,4739.6035
1925.9999999999998,3039.2144
7267.0,7669.334
7098.0,6126.651
5611.0,5801.143
5764.0,5615.7036
4672.0,4639.932
1915.0,2708.8394
4891.0,4939.547
3944.0,4775.3555
3846.0,4567.768
3961.0000000000005,4677.6567
4540.0,4464.787
1993.0,2279.7473
8230.0,8152.4214
6901.0,6415.352
5524.0,5545.899
5803.0,5645.522
5952.0,5394.0366
5507.0,5690.7334
5886.0,5403.902
5737.0,5323.74
5533.0,5935.326
5204.0,6650.4497
7641.0,8721.908
8337.0,7523.482
6559.0,7198.0425
5864.0,7020.3604
6898.0,7025.6587
6043.0,5908.2915
6694.0,5789.3203
5616.0,5494.338
4807.0,5841.7554
6165.999999999999,5792.2446
5741.0,6319.53
6024.0,6630.0244
9058.0,7932.4814
8181.0,6626.411
6833.000000000001,6613.144
7285.0,6929.2026
7358.0,6979.899
7219.999999999999,5823.4077
6753.0,5606.3228
5929.0,5708.2075
6183.0,5368.7627
6215.0,8347.482
5243.0,6716.0527
11083.0,10755.91
9040.0,9051.884
7792.0,7833.7607
8948.0,7837.4863
8447.0,7165.359
5541.0,5005.817
7518.0,6105.0156
5532.0,6195.9985
4796.0,5706.977
6297.0,5726.6226
5651.0,6035.444
4467.0,4982.472
9940.0,10574.006
8115.0,8784.654
6562.0,8200.526
6713.0,7785.521
8220.0,7337.2583
2930.0,3485.9114
3486.0,3457.1606
3336.0,3572.257
3513.0,3792.261
3573.0,4061.2666
5181.0,5467.091
4285.0,4855.158
4209.0,4682.5513
4133.0,4643.672
3980.9999999999995,5021.985
3737.0,4580.6094
4159.0,4404.061
3984.9999999999995,4114.257
3343.0,4098.236
3498.0,4222.889
3359.0,4482.2954
3850.0,4428.234
4802.0,5509.3345
4645.0,4859.278
4842.0,4877.77
4022.0,4801.79
4896.999999999999,4705.336
9156.0,10896.513
12054.0,10479.866
11598.0,10976.567
10576.0,11151.899
12059.0,13397.196
16454.0,14514.743
13268.000000000002,11923.734
11137.0,11337.2295
11218.999999999998,12106.137
12733.0,11638.633
13053.000000000002,10314.358
11893.0,10004.75
8903.0,10349.654
9430.0,10433.405
11863.0,11338.218
11179.0,11472.381
14310.0,11517.783
15839.0,14249.439
13399.0,12213.126
13460.0,12127.389
13759.0,13112.134
13911.0,13692.184
4364.0,4578.0474
4985.0,4386.733
4586.0,4526.2964
5816.0,4839.5615
5134.0,5499.603
8480.0,7189.1006
6649.0,6206.2817
6159.0,6063.37
6020.0,6057.6484
6065.0,5911.401
6364.0,4664.267
5682.0,4352.6284
4328.0,4359.3047
4681.0,4371.4995
5551.0,4646.6157
5460.0,5516.486
6189.0,5182.691
7764.0,8228.557
6997.000000000001,7021.849
6429.0,6501.816
7178.0,6309.9824
7901.0,6379.159
5750.0,6675.9253
5592.0,5957.8926
6024.0,5965.494
6110.0,5987.248
5321.0,5182.8374
8193.0,9502.4
7330.0,7987.599
7824.999999999999,7293.6206
7319.0,7096.5195
5851.0,7218.9727
5711.0,5376.3784
6225.0,6427.2344
5349.000000000001,6301.9463
5267.0,6349.996
5286.0,6064.8794
5167.0,5674.079
3563.0000000000005,5613.089
7830.0,8675.8955
7524.000000000001,7295.9375
6916.0,6986.04
7356.999999999999,6736.2227
8157.0,6924.879
8178.0,9228.817
9375.0,9203.99
9146.0,8179.631
9317.0,8852.824
8699.0,8527.069
14150.000000000002,13589.33
13361.0,11654.859
12102.0,10628.683
10935.0,10856.075
9819.0,10258.679
9001.0,9513.782
10464.0,11202.45
9709.0,10594.307
9462.0,9968.687
10406.999999999998,9050.534
9609.0,8231.755
8955.0,9028.365
13997.0,13686.051
12122.0,11937.79
10556.0,10648.476
11907.0,10467.504
15131.0,10346.564
6412.0,5954.779
5133.0,5399.4604
6120.0,5363.172
6811.0,5878.5205
7068.0,6335.6616
7846.0,8230.877
7543.0,7159.9287
7035.0,6792.568
7291.0,6990.7505
6010.0,6907.113
6883.999999999999,5859.474
5827.0,6067.5215
6560.0,5393.171
5354.0,5357.9766
5950.0,5574.632
5469.0,5773.0435
4868.0,7300.416
6843.0,7072.1626
7839.0,6519.404
7083.000000000001,6348.5137
7864.0,6286.8516
8485.0,6453.8066
2835.0,3589.337
3223.0,3810.6328
3353.0,4117.437
3179.0,4250.6543
1804.0,2878.3616
6230.0,7334.31
4614.0,5912.1167
5030.0,5400.7124
4874.0,5465.6597
4312.0,4982.023
2201.0,2787.805
3767.0,5028.0874
3851.9999999999995,4302.5073
3244.0,4588.7827
3316.0,4540.4805
3914.0,3673.2478
1943.0,2543.4487
6639.0,6940.6704
4865.000000000001,5855.7173
4746.0,5193.2417
4911.0,5240.5547
5618.0,4344.017
15484.0,12027.55
14406.0,11804.549
14613.0,10586.399
15236.000000000002,9640.115
13314.0,10593.302
12140.0,10594.864
14894.0,11097.531
16140.0,10037.144
4962.0,5407.021
4898.0,5182.422
4880.0,5295.971
5001.999999999999,5047.1377
5694.0,5569.158
5394.0,4193.4336
8435.0,9129.588
6987.0,7557.162
6840.999999999999,6750.643
6805.999999999999,6627.7153
6515.0,6461.7056
4001.0,4495.841
5040.0,5237.6064
3960.0,4903.1763
3845.0,4916.82
4993.0,4930.095
4921.0,5277.6094
4249.0,4550.9434
8961.0,9177.127
6552.0,7664.958
6523.0,7209.5635
6757.0,7330.5903
8547.0,6825.4463
9759.0,8232.181
8949.0,7624.5757
8843.0,7822.0493
8992.0,7621.9434
8767.0,8473.614
8315.0,7913.916
15148.0,14364.748
11849.0,12047.517
11595.0,10487.538
10605.999999999998,10607.327
11225.000000000002,10257.364
8545.0,7932.4854
9547.0,8571.225
7812.0,7914.8794
7794.0,8011.4785
7531.0,8103.661
8187.0,8971.071
7299.0,7913.5996
13059.0,14356.562
10642.0,11933.815
10431.0,10764.859
9869.0,10866.405
12944.0,10372.093
5506.0,5184.9683
4849.0,4601.101
5299.0,4431.548
5259.0,4502.0806
5340.0,5231.48
5926.0,5918.185
7692.0,7598.746
7175.0,6403.1294
6214.0,6269.577
6567.0,6225.1416
6293.0,6429.5303
6809.0,5443.0254
5921.0,4869.3794
4663.0,4660.516
4487.0,4708.0796
4865.000000000001,4767.4287
5086.0,5545.831
6508.0,6205.872
7184.0,8288.705
6098.0,7167.4893
6496.0,6797.11
6700.999999999999,6652.793
6864.0,6893.241
6353.0,8600.48
6942.999999999999,8079.616
7088.0,7203.021
6955.0,7248.366
7526.0,6570.998
12219.0,12361.106
12581.0,10305.709
10528.0,9363.467
9898.0,9105.98
8807.0,9029.748
7931.0,7022.5483
7480.0,7761.2607
6975.0,8368.184
6533.0,8250.877
7046.0,7888.6514
6726.0,8193.201
8096.0,7367.5396
12754.0,12820.657
12067.0,10623.332
11297.0,9423.511
10626.0,9634.3545
11718.0,9377.953
9356.0,8082.9604
8464.0,7261.341
8305.0,7515.0044
9163.0,7366.644
8448.0,8953.807
6469.0,7856.7583
13333.0,12621.858
13154.0,11306.513
11186.999999999998,9553.354
11725.000000000002,9938.017
9449.0,9760.691
6745.0,6292.843
9382.0,8495.878
9035.0,8270.123
7034.0,7634.7896
8390.0,7864.8687
7463.0,8850.664
5677.000000000001,6401.958
11451.0,14833.957
10731.0,12110.272
9910.0,10519.836
10140.0,10755.798
11971.999999999998,9980.978
4106.0,5462.4946
5644.0,5228.5063
5109.0,5356.3745
6382.0,5921.2495
8258.0,6799.4683
8442.0,8160.272
6347.0,7316.6816
5468.0,7168.4966
7100.0,7094.736
7143.0,7271.443
8383.0,6393.9106
6438.0,5441.555
4248.0,5045.286
4663.0,5076.468
5630.999999999999,6038.632
6403.0,6765.3594
8966.0,7973.447
8317.0,8256.932
7863.0,6870.412
6758.0,6913.7666
7603.0,7211.782
9843.000000000002,7641.1655
4726.0,5375.5938
4612.0,5150.5547
4305.0,5201.8726
3919.0,5234.0195
4869.0,5447.0005
6016.0,7770.4854
7529.0,6481.548
7695.0,5966.845
5548.000000000001,5851.4507
5410.0,5878.832
4936.0,5117.2695
5086.0,4982.7964
6200.999999999999,4594.4277
3648.9999999999995,4828.255
4260.0,4994.572
7762.0,5121.6367
3861.0,5391.736
6507.0,5858.051
6910.0,5572.5356
6096.0,5536.928
5463.0,5441.419
6157.0,5294.4717
5493.0,6950.7705
5581.0,7090.9634
5964.0,6752.0845
5845.0,5396.649
3937.9999999999995,4634.9453
8688.0,9854.132
7438.000000000001,8296.53
6988.0,7851.348
7143.0,7513.349
6569.0,6941.0703
4064.0,4513.154
5737.0,5539.2017
4569.0,5154.9526
5450.999999999999,5383.9824
6026.0,5378.9136
5292.0,5628.9634
3056.0,4262.4805
8820.0,9397.596
6954.000000000001,7635.8804
7231.000000000001,6805.7563
7245.0,6791.365
9099.0,6701.062
5411.0,5361.2935
5157.0,4932.513
4980.0,4850.6997
5258.0,4612.96
6278.999999999999,4821.6167
3238.9999999999995,3199.2842
7827.0,7991.49
6661.000000000001,6499.2554
6056.000000000001,5919.807
5646.0,5905.6084
5899.0,5250.3403
2545.0,3643.2598
5107.000000000001,4943.3423
4388.0,4826.642
3948.0,4451.8604
5160.0,4555.757
4767.0,4653.9307
2824.0,2997.405
6641.0,7761.188
6594.0,6450.9473
5686.0,5796.4155
5722.0,5756.1855
6966.0,5562.6396
4249.0,4877.0703
5449.0,4853.2314
4951.000000000001,4875.744
5092.0,4958.392
3231.0000000000005,3773.453
8710.0,8557.544
6630.0,7173.9897
7247.000000000001,6624.2593
6048.000000000001,6467.6167
5272.0,6409.4927
2935.0,3547.7434
5654.0,5640.591
3933.9999999999995,5151.7515
4614.0,5220.0024
4710.0,4803.6377
4653.0,4946.3677
3415.0,3609.8113
8691.0,8532.032
7272.0,7040.394
6315.0,6259.2065
7770.0,6276.912
8280.0,5975.8545
4716.0,5351.822
5411.0,4956.771
4847.0,5003.1094
5783.0,5434.7603
5602.0,5895.7456
7195.0,8328.842
7784.0,7246.101
6199.0,6738.0767
6426.0,6837.4746
6825.000000000001,7110.0435
6068.0,6332.039
5471.0,6007.853
5326.0,5609.505
5165.999999999999,5620.6255
5245.0,5887.5723
6153.0,6386.8203
6694.0,6336.206
8533.0,8483.864
7883.999999999999,7270.185
6674.0,7117.303
8149.0,7253.145
7788.0,7250.162
10810.0,9248.633
8715.0,9138.714
9166.0,8395.843
8420.0,7868.747
8949.0,7269.758
4472.0,4688.974
11788.0,13152.5625
9761.0,11220.604
9304.0,9562.091
9146.0,9567.322
7856.0,8273.834
3966.0,5035.8413
8597.0,9636.172
7347.0,9948.296
6310.0,8273.021
7450.0,7926.9033
7143.0,6135.519
3503.0,5475.6685
9457.0,11696.996
9413.0,9871.645
8649.0,8746.921
8874.0,8709.267
9180.0,8252.203
5700.999999999999,6365.9634
6079.999999999999,6272.4507
6716.0,6200.3296
6505.000000000001,6716.191
7108.0,7231.4224
9811.0,9921.151
8502.0,8609.59
8188.000000000001,7949.447
6412.0,8245.6045
7652.0,8788.426
7166.0,7846.0903
6304.0,7472.3037
5999.0,7116.209
5334.0,6782.943
5600.0,7191.806
6285.0,6842.0366
6549.0,7892.383
9659.0,8961.551
8066.0,7516.156
6777.0,7116.9077
7210.0,7158.137
8447.0,7629.861
5680.0,5293.639
4988.0,4995.438
5164.0,5071.4746
5041.0,4923.412
5076.0,5133.533
4717.0,5482.175
6362.0,7563.185
6382.0,6816.615
6134.000000000001,6390.425
5189.0,6147.0654
5875.0,6205.0234
4466.0,5687.796
5379.0,5439.8965
4943.000000000001,5182.256
4178.0,4878.5776
4522.0,4833.6274
4567.0,5003.197
4539.0,5236.634
6143.0,7071.7573
5495.0,6195.325
5251.0,5838.558
5127.0,5778.1455
5812.0,5877.2812
4621.0,4784.89
4359.0,4880.9814
3743.0,4733.91
4181.0,4764.7246
2180.0,3903.1687
5648.0,7369.005
6191.0,6170.561
4579.0,5538.934
4649.0,5656.423
4143.0,5679.388
2200.0,2919.6855
4168.0,4588.0156
3257.0,4225.162
3738.0,4042.9497
3972.0,3985.167
3332.0,4109.323
2415.0,2657.3655
6431.0,6482.2866
4895.0,5238.057
5083.0,4618.062
5276.0,4448.7944
4513.0,4289.559
6071.999999999999,6493.7812
5469.0,6299.7993
5239.0,6643.6504
6905.0,6430.065
7765.0,6507.227
7972.0,6694.104
8852.0,9675.422
7229.0,8263.847
6756.0,8349.393
7961.0,8073.6777
7561.0,7773.0176
7757.0,6515.166
7178.0,6196.3203
6197.0,5770.9634
6861.0,6436.242
6044.0,7220.1167
7653.000000000001,7620.09
9234.0,9393.856
8864.0,8473.523
9161.0,8146.5947
7307.0,8216.334
9287.0,8657.492
4176.0,6360.1953
5929.0,6018.7593
5000.0,6189.7764
5774.0,6452.99
6189.0,7141.451
8927.0,9701.137
7703.0,8005.2036
7512.0,7509.0996
6983.0,7494.247
7023.0,7159.9473
7024.000000000001,5563.567
6159.0,5960.8657
4324.0,5934.962
5475.0,5519.8726
6159.0,5524.9814
7166.0,5789.8813
6135.0,5637.5615
12105.0,9124.408
8938.0,7715.075
7801.000000000001,7207.9375
8677.0,7470.666
10359.000000000002,7705.2256
5033.0,7327.2104
5622.999999999999,6493.493
5560.0,5710.205
5300.0,5534.037
4248.0,4277.9907
9390.0,9399.24
7421.0,7926.8584
7614.0,7189.8438
7456.0,7048.912
6191.0,6935.52
4788.0,4677.8906
5714.0,6242.547
5095.999999999999,5670.9966
5668.0,5791.6772
5071.0,5425.6587
5716.999999999999,5259.122
3601.0,4680.328
8279.0,9244.362
7469.0,7517.1562
6840.999999999999,6740.7334
5818.0,6777.7075
8625.0,6701.933
5536.0,7052.602
6130.0,6343.723
6278.999999999999,6077.5493
5933.0,6545.8228
7250.0,7052.638
12831.0,10951.61
10562.0,9129.949
9029.0,8626.483
8549.0,8603.897
6063.0,8278.12
6410.0,7415.5806
6686.0,7140.1367
5023.0,7402.5083
5243.999999999999,6773.185
5924.0,6512.5967
6114.0,6265.4976
5790.0,6317.906
13135.0,10399.09
9429.0,8274.91
9209.0,7794.253
9686.0,7644.1807
12541.0,7534.4766
5887.0,6325.9497
5882.0,5529.0527
5246.0,5574.144
4843.0,5228.519
5376.0,5305.6562
4755.0,5203.35
7613.0,8313.473
6760.0,7106.5254
6526.0,6506.8506
7161.000000000001,6355.754
6337.0,6273.137
5140.0,4780.32
5793.0,5204.159
4767.0,4745.4253
4999.0,4833.0317
4980.0,5271.6577
5009.999999999999,5795.328
4010.0,5058.585
7199.0,8566.469
6295.0,7276.415
6487.0,6789.4067
6657.999999999999,6940.5347
8331.0,6869.8247
5206.0,5573.624
5602.0,5375.689
6044.999999999999,5701.427
6117.0,5987.5117
6846.0,8862.616
8293.0,8196.088
7589.0,7422.996
7523.0,7151.758
7026.0,6965.3857
5922.0,6884.737
6286.0,5975.666
5985.999999999999,5643.286
5609.0,5278.5493
5540.0,5216.4424
5302.0,5834.9624
5068.0,6225.8027
5316.0,7403.299
7543.0,8660.524
7408.0,7254.263
7219.999999999999,6909.551
7468.0,6900.9497
9512.0,7112.5625
4769.0,4573.0435
5550.0,4521.551
5197.0,3917.3616
4315.0,3501.2988
2474.0,3460.4746
4845.0,4068.4402
4363.0,4051.5532
4159.0,4399.338
4730.0,4883.4785
4311.0,3775.9434
3814.0,3445.9246
2516.0,3645.8074
6184.0,4900.231
5392.000000000001,4957.121
4845.999999999999,4571.3457
5731.0,4535.977
4435.0,4141.296
4706.0,3988.7637
3264.0,3730.4631
6044.0,4151.2915
4835.0,4206.265
4758.0,4388.3438
6370.0,5032.1973
4426.0,4977.5557
3785.0,4093.6082
3916.0,4649.976
7024.000000000001,4732.9233
5798.000000000001,4699.677
5558.0,4751.6455
5720.000000000001,4421.0444
5942.999999999999,3744.1875
6036.0,6415.1636
6563.999999999999,6714.025
6163.0,6668.4883
8149.0,6906.9277
4747.0,4759.2456
9106.0,10561.723
9248.0,8973.628
8594.0,8466.202
8401.0,8324.8
8364.0,7811.9478
4628.0,4483.203
7882.0,6687.1445
6712.000000000001,6326.4233
6786.0,6437.595
6662.0,6426.5034
7139.0,6253.809
5264.0,4518.1133
9998.0,10402.167
9289.0,8652.403
8830.0,7971.705
10249.0,8084.4834
10845.0,7771.693
7371.0,7316.649
6098.0,7315.6743
8300.0,7121.5103
7629.0,6909.5044
7803.0,7543.149
4265.0,4941.484
10487.999999999998,12456.057
9180.0,10302.344
9151.0,8660.422
7511.0,8382.937
7249.0,8099.603
3367.0,4301.836
7687.0,8145.9946
6732.0,8461.121
5564.000000000001,6998.4326
7398.0,6703.0317
6477.0,6225.5317
3399.0000000000005,4337.96
10517.0,11240.95
9454.0,9662.779
8627.0,9217.865
8221.0,9097.63
9769.0,6706.75
5372.999999999999,6599.9883
6057.0,6404.1685
6152.0,6363.2744
6333.000000000001,6027.2656
4499.0,4946.0156
8955.0,10095.8545
7818.0,8334.115
7367.0,7281.016
6914.0,7084.799
6957.0,7004.7515
4826.0,4268.2373
6595.0,5834.633
5847.0,5355.055
5491.0,5235.245
5656.0,5409.5386
5748.0,5718.154
4121.0,4081.0781
7858.0,9845.866
7171.0,8357.81
6778.0,7657.8594
7312.0,7381.933
9507.0,7050.531
5922.0,5045.429
5097.0,5083.024
5318.0,4930.957
5372.999999999999,4946.189
6338.0,6185.8633
3885.0,4734.6733
9047.0,9481.417
7366.0,7878.2803
6733.0,6992.5522
7180.0,6840.1187
7411.000000000001,6577.885
3851.9999999999995,4173.45
5821.0,5786.2197
4601.0,5644.8584
4487.0,5415.7104
4833.0,5510.421
5407.0,5892.528
3349.0,4480.835
7899.0,9323.392
6805.0,7787.435
6702.0,7143.643
6482.0,7049.6895
8941.0,6463.143
5662.0,6725.218
5508.0,6155.086
5294.0,5847.3145
5913.0,5939.6636
5743.999999999999,5824.509
8215.0,8878.463
7851.0,7536.4688
6895.0,6973.391
6581.0,7000.313
6477.999999999999,6985.677
6196.0,6388.7466
6251.0,6677.3438
5630.999999999999,6508.268
5156.0,6081.776
5526.0,5588.901
5355.0,5692.3022
5005.0,6352.386
9213.0,8128.3486
7724.0,6699.6367
6790.000000000001,6422.427
7361.0,6517.763
6717.0,6692.116
5934.0,6927.157
5536.999999999999,6681.5
5528.0,6483.8193
6118.0,6615.205
7377.0,6464.897
11014.0,10245.14
9511.0,8582.005
8079.0,7722.9644
8192.0,7996.203
8987.0,7922.9062
7773.0,6642.9297
6694.0,6135.2764
6272.0,5762.032
6178.0,5828.0103
5722.0,6267.5483
6051.0,7104.9756
7124.0,7867.8525
10628.000000000002,10547.586
8148.0,8771.858
8422.0,8201.79
7722.0,8118.4727
8508.0,8440.033
9654.0,8702.996
8471.0,7882.0005
7862.0,8028.082
8368.0,7487.8833
9041.0,7929.638
7786.0,8167.1
13205.0,12354.2295
10938.0,10273.467
10155.000000000002,9506.537
9823.0,9528.031
9131.0,9627.832
8456.0,7679.452
10081.0,8143.0854
8943.0,7739.525
8332.0,8080.5913
9030.0,8888.591
8886.0,8848.234
7732.0,8418.372
13479.0,12807.325
10966.0,11554.064
9598.0,10097.483
10837.0,10112.546
12268.000000000002,10161.786
5115.000000000001,5609.3164
4626.0,5295.523
4871.0,5306.6553
5211.0,5650.399
5079.999999999999,6858.8203
8353.0,8543.547
7082.0,7207.711
6825.000000000001,6706.57
5745.0,6834.522
5720.000000000001,6780.896
5372.999999999999,6116.752
5054.0,5565.853
4215.0,5398.3843
4196.0,5235.835
4296.0,5432.0356
4850.0,5847.02
5578.0,6087.7935
8074.0,8137.5376
6930.0,6595.608
5979.0,6246.964
5708.0,6265.6094
7546.0,6469.751
8024.000000000001,7501.254
5935.000000000001,6680.2363
7875.0,7249.082
7398.0,6989.651
8288.0,7552.0044
6126.000000000001,6749.319
12016.0,10823.609
9297.0,9225.373
8337.0,8191.1924
7633.999999999999,8166.159
7562.0,8068.35
5153.0,5827.8433
7167.0,6843.2085
6122.0,6708.3286
5989.0,6574.5806
6099.000000000001,6458.0527
7100.0,6551.8545
4631.0,5958.25
10474.0,10709.041
9054.0,8901.873
7953.0,8493.308
8303.0,8630.204
10323.0,8119.6255
3645.0000000000005,5331.751
5118.0,4963.964
3998.0,5174.083
4333.0,5192.8433
3733.0,5191.357
7332.0,7817.285
7138.0,6468.6123
5824.0,6033.6475
5043.0,5912.3325
5046.0,5477.35
4361.0,4398.303
4685.0,4611.794
4550.0,4456.35
4053.0,4295.8853
4769.0,4383.3896
4247.0,4694.95
4508.0,3689.8215
7935.0,7291.414
7230.0,6040.72
6479.0,5579.503
6323.0,5429.8174
6526.0,5460.6484
4665.0,5311.909
4875.0,5141.2153
4842.0,5182.1284
5685.000000000001,5522.177
6259.0,5217.535
8758.0,9146.778
7387.0,7725.413
6906.0,7217.7695
7032.000000000001,7177.261
8082.0,7136.4185
6547.0,5706.1567
5458.999999999999,5821.7383
5138.0,5610.5146
5243.0,5608.7935
5958.0,6739.884
5770.0,6280.296
6554.0,6098.1616
9841.0,8895.013
7754.0,7364.1777
6914.0,7182.0464
7311.0,7388.3096
8518.0,7301.1934
6366.0,6322.0405
6764.0,6214.3276
6952.0,6685.102
6172.0,6466.478
5456.0,6832.9927
10438.0,9054.153
8308.0,7779.4434
8415.0,7480.9336
7766.000000000001,7543.627
7354.0,7749.493
6569.0,6545.0654
6742.0,6435.0615
5333.0,6120.235
6512.999999999999,6018.0986
6639.0,6317.844
6462.000000000001,6408.5493
6139.0,6663.388
8435.0,9034.697
7593.0,7627.943
6969.999999999999,7553.844
7477.999999999999,7234.297
8183.0,7306.983
6432.0,6113.8354
6151.0,5431.337
6758.0,5132.024
6343.0,5189.064
5256.0,5520.5806
6199.0,6247.044
8964.0,8765.014
9037.0,7529.491
7194.0,7167.4604
6952.0,7300.188
5859.0,7186.4897
6114.999999999999,6209.4546
6581.0,5659.0986
6272.0,5198.904
5781.0,5105.9824
6049.0,5187.4272
6286.999999999999,5949.4116
7365.0,6472.8364
10017.0,9473.614
9235.0,7897.312
8561.0,7810.651
9129.0,7689.5034
9714.000000000002,7601.1865
4372.0,4149.826
4383.0,3945.8418
4132.0,4001.259
4117.0,3998.1675
4149.0,4240.038
2676.0,3557.9375
5506.0,6738.892
5262.0,5864.0674
4669.0,5484.681
5116.0,5284.228
5147.0,5320.9937
3308.0,3592.2273
4567.0,4402.378
3857.0,4251.9023
3596.0,4131.549
3594.0000000000005,3832.7559
3705.0,4149.031
2549.0,3387.5244
5050.0,6388.017
4036.0,5338.637
4618.0,5135.6304
4911.0,4891.573
5804.0,4629.722
3812.0,4189.2754
3539.0,4348.7036
3871.0,4583.1045
4300.0,4478.946
2739.0000000000005,3719.8704
6316.0,7025.8
5243.0,5948.752
5115.000000000001,5380.2324
4518.0,5385.9595
4929.0,5418.72
2721.0,3124.7432
4684.0,4362.643
3436.0,4185.182
3457.0,4079.4053
3705.0,3984.4792
4046.0,4212.719
2367.0,3104.9592
6013.000000000001,6610.2734
5133.0,5776.6074
4694.0,5267.778
5041.0,5240.4263
5581.0,4820.0527
5342.0,7054.844
7047.0,6252.1924
5839.0,6082.374
6520.999999999999,6340.828
8231.0,6606.94
9033.0,9084.176
7950.0,8303.237
9215.0,7774.754
7638.0,7624.3076
7337.0,7632.066
8405.0,6643.868
3471.0,6409.935
6516.0,6157.907
7488.0,5830.2246
7304.0,6367.167
6128.0,6657.246
9055.0,8052.9897
9928.0,7610.6997
9161.0,7431.6953
9025.0,7493.5293
9367.0,7713.247
9247.0,7963.8545
9123.0,7516.3506
9285.0,8224.794
9347.0,7318.075
6687.0,6868.8545
11070.0,8456.336
7913.0,8271.332
7746.0,7586.06
7897.0,7470.1465
7859.0,7388.9595
8090.0,6898.7954
6987.0,6012.8306
11815.0,10014.421
8388.0,7796.497
8080.0,6997.2935
7869.0,6969.4243
8759.0,8031.553
8906.0,7265.586
6639.0,5186.672
12268.000000000002,10253.429
8120.0,7959.9736
7967.0,7100.6133
7695.0,7273.4775
7514.0,8038.281
8183.0,7278.0693
6335.0,6086.797
12040.0,11087.434
8186.0,8264.352
7699.0,7699.908
8298.0,8159.307
8450.0,8395.341
9616.0,7892.0234
5211.0,5807.512
4432.0,5704.137
4810.0,5419.8125
4906.0,5033.877
4961.0,7156.1797
3399.0000000000005,4024.999
8822.0,9308.066
7181.0,7399.169
7120.0,6523.808
6500.0,6272.1553
6012.0,6222.679
3458.0,3513.3152
4354.0,5949.232
4350.0,5876.1704
3820.0,5211.197
4096.0,4848.4185
4058.0,4769.6143
2677.0,3575.1177
8695.0,9036.895
6747.000000000001,7125.7095
6086.0,6552.3535
5957.0,6131.6953
6778.0,5769.506
4625.0,6277.502
5042.0,5764.9614
4507.0,5528.0894
5665.0,5108.85
3504.0,4055.2764
9271.0,8987.152
7660.999999999999,7699.6865
6208.0,7054.897
5842.0,6919.1914
5743.0,6901.8555
3946.0,4495.4985
6078.0,6003.9736
5506.0,5458.2144
4445.0,5448.3496
5282.0,5352.5737
5302.999999999999,6047.7646
4151.0,4649.3105
9484.0,8887.087
8063.0,7220.3574
7431.0,6518.7544
7789.999999999999,6835.625
8212.0,6699.719
5676.0,7178.2627
7342.0,7079.1978
6609.0,7007.699
6516.0,7378.2793
6034.0,8263.978
11469.0,10722.009
8914.0,8855.464
8555.0,8443.505
8741.0,8128.8276
8036.0,8064.3555
7629.0,6897.235
7076.0,6445.6006
5651.0,6075.6753
5958.0,6227.071
5582.0,6473.619
6476.0,6909.696
5561.0,6978.523
10516.0,10430.109
8296.0,8724.102
7835.0,8193.633
8117.0,8163.007
10427.0,8391.302
4801.0,5392.986
5665.999999999999,5108.1294
6036.999999999999,5541.4995
6368.000000000001,5751.2544
5926.0,5962.76
7023.0,7582.578
6356.999999999999,6881.554
5920.0,6553.4277
5446.0,6854.0195
7385.0,6770.607
6340.0,6053.417
6180.0,5667.525
4852.0,5431.042
4762.0,5254.434
5250.0,5825.404
6528.0,5992.87
7027.0,6298.7085
6989.000000000001,6958.0425
6850.0,5821.8965
6522.0,6108.3003
6240.0,6673.3813
7422.0,6961.917
4987.0,6357.894
4893.0,5539.4937
5157.0,5325.904
5538.0,5189.6997
5398.0,4974.624
2304.0,3185.4807
8196.0,8648.679
7570.0,7300.209
6031.0,6327.829
6462.000000000001,6476.028
5693.000000000001,6361.9883
2456.0,2621.1367
5707.0,6101.816
5106.0,5389.4634
4412.0,4849.433
4636.0,4837.6455
4298.0,4855.867
2176.0,2996.3125
7398.0,8741.8545
6961.0,7008.5986
6191.0,6161.6406
6592.0,6129.1104
6877.0,5275.0273
5044.0,6081.8467
6058.0,5522.4507
4883.0,5684.466
5501.0,5910.3535
6121.0,5547.044
8919.0,10169.549
7656.0,8423.739
8115.0,7563.6626
6808.0,7430.5024
5614.0,7525.2754
6024.0,6163.5723
5198.0,6408.325
4863.0,6324.656
5164.0,6248.8613
5762.0,5770.6206
4406.0,5976.0835
3913.0,5703.3467
8380.0,9747.848
7602.000000000001,7974.7163
7395.000000000001,7148.6313
6614.999999999999,6989.9683
8916.0,7115.2295
3386.0,4997.641
3919.0,5153.351
4482.0,5172.619
4830.0,5075.4604
4395.0,5421.316
7352.000000000001,7307.545
5759.0,6209.3447
5242.0,5921.6396
5129.0,5800.6294
5542.0,6076.7075
4544.0,5440.1865
4639.0,5238.6396
3429.0,4989.024
3855.0,4814.868
3844.0000000000005,4819.705
4336.0,4890.19
4028.0,4915.92
7598.999999999999,6827.073
5120.0,5618.3906
5161.0,5449.836
5415.999999999999,5309.44
6851.0,5521.403
2808.0,3135.603
3037.0,2873.5278
2900.0,3004.2065
2784.0,3088.3787
1566.0,2445.7344
3715.0000000000005,5657.6426
3646.0,4699.843
3598.0000000000005,4071.3286
4012.0000000000005,4233.7266
2586.9999999999995,4131.349
1588.0,2137.2434
3016.0,3741.8657
2556.0,3457.6948
2518.0,3315.9922
2495.0,3244.347
2114.0,2944.5005
904.0,2256.9207
3790.0,5469.2876
3751.0,4655.4995
3172.0,4057.1604
3894.0,4219.278
4833.0,3782.4346
8192.0,7355.8037
7093.0,6773.0444
7582.0,6995.8115
7200.0,6859.411
6950.0,8668.662
5140.0,6355.6025
12192.0,13499.972
9530.0,10832.773
9743.0,9247.084
8138.0,9356.541
7430.000000000001,9124.381
4355.0,5000.784
7280.0,8661.754
6713.0,8721.383
6118.0,7403.206
6526.0,7326.242
5989.0,7081.426
4238.0,5075.2983
12857.0,12655.286
9172.0,10397.509
8689.0,9855.0205
8711.0,9811.043
11276.0,8071.4897
3995.0,4101.3887
3682.0,3681.4707
3197.0,3654.276
3404.0,3560.7424
3694.0,3903.6213
2813.0,3390.4958
4533.0,6055.0605
4039.0,5246.5996
4176.0,4803.413
4228.0,4830.491
4054.0,4940.876
2728.0,3501.2654
4075.0,4255.239
3499.0,3846.9827
3195.9999999999995,3793.0254
3389.0,4111.387
3406.9999999999995,3933.26
2529.0,3387.352
4449.0,5991.3486
3811.0,5192.898
3755.0,4823.4146
3789.0,4795.015
4357.0,4574.743
7901.0,6402.2705
6267.0,6183.279
6826.0,6322.2197
5990.0,6357.077
7296.0,6458.9585
4092.0,5015.661
10075.0,11272.002
8529.0,9389.965
8653.0,8157.8687
8494.0,8248.327
7703.0,8126.987
4043.0000000000005,4376.1196
7372.0,6857.9907
6778.0,6751.718
6218.0,6246.139
6098.0,7202.469
5686.0,6146.3145
3859.0,4664.7744
9417.0,10726.26
7592.0,9234.6875
7826.0,8469.008
8117.0,8226.182
10708.0,7349.2783
5114.0,6896.5903
6175.0,6301.3525
5708.0,5765.9863
5608.0,5899.081
6192.999999999999,5910.41
10035.0,9059.501
10239.0,7716.3813
7426.0,7254.845
7216.0,7377.685
7154.0,7588.4634
6710.0,6404.7393
7037.0,6386.6543
5690.0,6573.72
5591.000000000001,6441.169
6286.0,6272.567
6053.0,6347.2773
7168.0,6910.3823
11132.0,9430.782
9436.0,7836.098
7891.0,7609.0674
8959.0,7878.97
9081.0,7917.6904
5170.0,5749.0215
5541.0,5406.204
5845.0,5187.867
5491.0,5456.189
4920.0,5550.191
8965.0,8226.936
7678.0,7250.282
6312.0,6723.836
6798.000000000001,6809.2583
6810.0,6944.2393
6031.0,5451.0615
5872.999999999999,6193.9087
5169.0,5714.825
4751.0,5708.564
5126.0,5738.1855
5619.0,5924.758
4910.0,6247.663
8129.000000000001,8395.539
7367.0,6958.9697
5923.0,6520.7476
7241.0,6515.123
8926.0,6657.6206
5150.000000000001,6023.5083
4616.0,5642.578
4947.0,5383.519
5679.0,5769.5435
5020.0,4932.0938
9988.000000000002,9652.237
8683.0,8198.776
7373.0,7311.4224
7428.0,7260.4927
6213.0,7446.514
4483.0,4848.3486
5368.0,6994.2285
4657.0,6460.5703
4139.0,6290.0513
5151.0,6114.4326
4801.0,5703.345
4943.000000000001,5047.671
9092.0,9148.482
8034.0,7623.9443
6184.999999999999,6712.5356
7332.0,6816.4336
9370.0,6710.277
10416.0,8942.027
10741.000000000002,8994.171
10343.000000000002,8677.693
10614.0,8389.617
10177.0,9914.631
4106.0,6936.0015
19324.0,16885.516
16594.0,14326.851
13134.0,12363.676
12758.0,13358.006
9867.0,11275.439
4382.0,6222.307
10702.0,14559.502
10626.0,8599.16
7724.0,9070.001
10216.0,7612.5684
7413.0,11801.816
3812.9999999999995,8693.657
18785.0,15364.511
17021.0,13792.383
12594.0,10768.552
14728.0,13151.68
13492.0,10991.443
6510.0,8841.393
8101.0,8699.918
7106.999999999999,7877.038
7607.0,8003.688
8713.0,8250.611
12139.000000000002,12116.641
10914.0,10395.677
9922.0,9865.448
9207.0,10000.208
8209.0,9556.007
8595.0,8815.165
7867.999999999999,9624.797
7235.0,9742.652
6571.0,8980.7
7961.999999999999,8383.728
7351.0,7763.3667
9266.0,8290.828
12484.0,11855.835
11689.0,10073.196
10086.0,9346.51
12407.0,9840.044
12482.0,9878.338
6139.0,7644.4473
8184.0,6618.284
6912.0,6513.1196
7614.0,6774.938
6766.0,5783.896
11115.0,11498.015
10442.0,9739.973
10755.0,8734.163
8953.0,8720.774
7625.0,8313.792
6306.000000000001,6418.62
7715.0,6791.114
6951.0,7460.836
6721.0,7813.089
7160.0,7279.8623
6675.0,7067.9307
6227.999999999999,6740.2485
11049.0,11741.201
11163.0,10152.311
9872.0,9071.623
9098.0,9155.582
9958.0,9180.758
4702.0,5298.8955
4326.0,5284.901
4238.0,5054.3687
4257.0,4873.9575
2987.0,4358.952
6328.0,7180.0215
5495.0,6262.9575
5020.0,5837.64
5078.0,5753.027
4631.0,5695.352
3537.0,3752.4277
4543.0,5321.58
3808.0,4804.248
3618.0,4645.0923
3966.0,4484.331
3746.0,4503.1304
3185.0,3694.7622
6147.0,6684.9204
5846.0,5737.164
4342.0,5223.447
4733.0,5197.357
5292.0,5348.831
7287.0,7145.524
7713.0,7388.0044
8333.0,7077.331
7179.0,7280.0244
4582.0,5121.6016
10757.000000000002,12146.562
9822.0,10134.942
8388.0,9313.6045
9433.0,9465.669
6990.0,8723.93
5665.999999999999,5934.785
8294.0,7999.592
5856.0,7504.826
5785.0,7287.108
6581.0,7512.0
5921.0,6974.5703
4584.0,5283.0776
9397.0,11810.119
8730.0,9699.782
8099.0,8712.018
9761.0,8541.671
10397.000000000002,8253.3545
8218.0,7679.841
7232.0,6789.933
7610.000000000001,6792.8247
6681.0,6495.797
7047.0,6756.752
5684.0,6307.0933
10734.0,10544.861
7496.999999999999,8821.355
7488.0,8010.819
7273.0,7900.144
7348.999999999999,7927.8286
5067.0,5735.2544
7999.0,7032.2847
5490.0,6624.705
5324.0,6635.8213
6475.0,7012.574
6689.0,6622.548
4955.0,6095.456
9661.0,9784.872
8031.0,8277.212
7550.0,7829.51
7794.0,7699.9736
8724.0,7778.8535
3272.0,3216.7795
3221.0,3102.4736
3304.0,3264.868
2839.0,3323.9019
3031.9999999999995,3330.725
5113.0,5654.567
4579.0,4684.75
4773.0,4777.207
4514.0,4774.0107
3623.0,4893.361
3359.0,3829.76
3858.0,3975.6443
3789.0,3703.7317
3470.0,3654.4863
3869.0,3415.058
3373.0,3658.184
3166.0,3491.8555
5483.0,5709.8867
5617.0,4888.4985
4899.0,4633.337
4464.0,4520.142
5280.0,4273.2646
2604.0,3122.4111
2578.0,2855.1228
2918.9999999999995,3018.5818
2183.0,2772.4463
1161.0,1977.0873
3937.0,4911.9253
4138.0,4291.3906
3519.0,3974.9
3685.0,4179.2583
2506.0,3313.4834
1100.0,1906.8234
2824.0,3419.0022
2495.0,3268.4038
2489.0000000000005,3294.9893
2782.0000000000005,3118.9849
2332.0,2550.6545
994.0,1571.9929
3366.0,4781.778
3189.0,4327.9165
2595.0,3885.713
3110.0000000000005,4161.8203
2726.0,3109.4954
8530.0,6585.1978
7348.0,5946.6855
7761.0,6120.305
8499.0,6248.29
7087.0,7040.5605
7460.0,6851.197
14369.999999999998,11382.676
11225.000000000002,9323.859
9870.000000000002,8747.697
9836.0,9317.748
8546.0,9173.554
7097.0,7128.345
7936.0,8171.356
6463.0,7818.927
6384.000000000001,7769.966
7283.0,7714.124
6636.0,10871.642
7898.0,9747.923
14509.999999999998,13582.803
10386.000000000002,11253.304
9714.000000000002,10132.813
10337.0,10057.28
10400.0,9576.49
2785.9999999999995,3768.4282
2982.0,3490.9297
2962.0,3574.68
3358.0,3591.2231
3285.9999999999995,3971.9097
1415.0,2190.752
5402.0,6464.2993
3769.0,5167.976
3761.0,4739.355
4213.0,4683.682
3435.0,4661.535
1478.9999999999998,1967.6178
2960.0,3942.274
2788.0,3547.6968
2468.0,3286.8413
2430.0,3133.8572
3097.0,3094.9453
1768.0,1936.8007
5998.0,5744.1504
4094.0000000000005,4712.828
3500.0,4382.181
4327.0,4248.037
4328.0,3390.5608
5971.0,7767.726
6001.0,6939.6074
6127.0,6758.2344
5653.0,6181.3306
4586.0,5313.0107
9484.0,10789.549
7845.0,8782.909
7453.0,7904.699
7422.0,7575.091
6551.0,7595.5254
5443.000000000001,4619.8345
6345.0,6034.8267
5678.0,5398.827
4979.0,5335.617
5614.0,5471.8325
5518.0,5719.0435
4134.0,4526.5044
9471.0,9839.995
7206.0,8472.197
6838.0,7883.599
7032.000000000001,7775.147
10156.0,7357.356
10428.0,10881.769
10634.0,10799.539
10910.0,10662.367
10632.999999999998,11171.649
9968.0,10700.118
15959.0,17053.908
15228.0,14312.712
13656.0,13583.975
12294.0,13482.519
11145.0,12966.653
9573.0,10943.982
11951.000000000002,13846.018
11302.0,12489.04
10573.0,11885.507
11307.0,11459.598
10436.0,10991.89
9831.0,10701.225
15759.0,17130.34
14442.0,14656.636
14011.0,13100.072
14235.0,12645.357
14826.0,12255.33
4888.0,7398.73
5713.0,7284.074
7574.0,7366.839
6648.0,7483.3506
5433.0,5713.18
10486.0,11493.466
8459.0,9716.992
8084.0,9549.33
8732.0,9170.7
8107.0,8151.3936
5633.0,6579.341
6148.0,8274.343
5949.0,7328.973
5407.0,7430.7236
6772.0,7506.7314
6267.0,6596.251
4662.0,5737.8784
9466.0,10396.06
8589.0,8603.13
7823.0,7946.4834
8483.0,7885.105
9784.000000000002,7998.2524
5688.0,5222.968
5963.0,5463.534
5808.0,5596.171
6038.0,5543.85
4682.0,3743.0857
10162.0,10101.815
8332.0,8474.828
8542.0,7843.8022
6945.0,7682.846
6973.0,6987.084
4492.0,4389.1543
6184.999999999999,7229.4824
5224.999999999999,6557.457
5484.0,6948.6562
5612.0,6182.002
6008.0,5575.4185
3470.0,4955.7227
9476.0,9938.171
7963.0,8167.4634
7491.0,7403.969
7347.0,7216.587
9300.0,7105.374
3027.0,4009.2402
3333.0,4194.452
3069.0,4354.4087
3242.9999999999995,4537.705
2446.0000000000005,2647.5398
6985.0,8183.165
5470.000000000001,6444.7812
4878.0,5680.279
4495.0,5855.0767
4998.0,5757.644
2834.0,2662.5352
4214.0,5051.917
3600.0,4389.3594
3675.0,4197.7666
3933.0,4120.066
3562.0,4163.2573
3067.0000000000005,2090.735
8002.0,7463.0713
6799.0,5906.0454
5094.0,5390.4517
5388.999999999999,5473.0083
5849.000000000001,4941.311
7562.0,6134.5684
6878.0,5636.742
7132.0,5825.2017
6608.0,6094.7227
7326.0,7501.1973
5740.0,6015.817
10852.0,11122.386
8446.0,9234.973
8747.0,8017.679
7144.0,8078.87
7152.0,7898.1997
4747.0,5031.5957
6907.0,6275.8774
4919.0,5933.205
5722.0,5818.0176
6038.0,5769.6216
6050.0,6250.045
4847.0,4930.8574
9538.0,10533.642
8247.0,9133.274
7438.000000000001,8653.386
7265.0,8680.972
10862.0,8096.904
5925.0,5482.6353
5134.0,5301.4326
5711.0,5357.3564
5957.0,5464.129
6419.000000000001,6194.1973
5394.0,5241.1636
9839.0,10634.958
7499.0,8535.645
6514.0,7503.893
6813.0,7316.7485
6627.0,7083.7744
4821.0,5175.5684
6313.999999999999,5803.7925
4964.0,5823.4917
3798.0,6189.71
5609.0,6164.093
5278.0,5882.1226
5140.0,5129.968
9924.0,9808.214
7718.0,8014.04
7017.0,7685.206
7147.0,7448.756
8097.0,7110.6533
4734.0,6466.5186
4803.0,5556.1533
4972.0,5206.3413
4834.0,5530.4873
4104.0,4093.5032
9459.0,8688.597
8036.0,7309.658
6255.000000000001,6817.965
6407.0,6924.0396
6086.0,6537.073
4685.0,6752.2256
5612.0,7080.8887
5180.0,6663.1055
4392.0,5961.7363
5560.0,5652.575
5361.0,4804.051
4756.0,5477.5894
9041.0,7994.0996
7574.0,6934.396
7118.000000000001,6252.1924
6995.0,6149.2476
8487.0,6170.583
6695.0,6236.3354
5640.0,5589.2075
6184.999999999999,5905.825
6727.999999999999,5858.585
6727.999999999999,6490.3525
5656.0,6091.0107
10396.0,10653.668
8829.0,8630.127
7698.0,7873.943
7664.0,7777.451
7651.0,7669.8174
4638.0,5886.4395
6624.0,6172.358
5206.0,5694.187
5512.0,5799.1626
6060.0,6018.4497
5928.0,6176.556
4966.999999999999,5675.8647
10181.0,10628.77
8354.0,8910.217
7953.0,8503.471
8286.0,8291.187
10549.0,7753.365
8106.0,6580.286
6910.0,6169.624
7718.0,6433.0317
7828.0,6286.874
7480.0,7080.0215
6338.0,6295.2153
13681.0,12058.887
10899.0,9652.532
9763.0,8824.734
8160.0,8891.282
8120.0,8793.329
6040.000000000001,6236.419
8211.0,7987.1895
5314.000000000001,7492.991
5805.0,7091.461
7746.0,6650.818
7719.999999999999,7227.0093
5945.0,5715.011
13856.0,12071.288
10421.0,10074.72
9492.0,9539.385
9593.0,9307.575
9355.0,8098.6333
5452.0,8946.815
7040.000000000001,7942.134
7121.0,7489.117
7090.0,7040.9614
7461.999999999999,6154.058
10555.0,11712.816
10570.0,9630.054
10157.0,8730.653
8881.0,8477.978
8086.000000000001,7992.0205
8199.0,5903.7905
7074.0,6648.187
6547.0,6769.2324
6782.000000000001,6660.2905
6358.0,6461.8564
5590.0,6491.8325
5439.0,5995.3916
12096.000000000002,11284.624
10132.0,9084.641
9776.0,8476.284
8991.0,8364.649
11368.0,8663.097
4159.0,5939.4443
5050.0,5735.478
4485.0,5662.0083
4042.0,5830.4907
5015.0,5491.682
8788.0,9373.009
7487.0,7659.6885
6826.0,6901.3237
6663.0,6754.166
5501.0,6618.5615
5221.0,5165.306
4426.0,4941.7314
4785.0,5224.944
5140.0,5021.3613
4774.0,4994.033
4380.0,5306.6436
5479.0,4800.904
10770.0,8482.643
8737.0,6951.952
7979.0,6681.797
7767.0,6619.0024
7444.0,6594.4707
5480.0,7278.726
6988.0,6986.721
7383.0,6917.304
7444.0,7046.1675
8525.0,8716.683
12170.999999999998,10986.467
10516.0,9122.454
9273.0,8584.842
9752.0,8623.61
9102.0,8663.97
8947.0,7023.7856
6985.0,7086.7446
6306.000000000001,6646.568
6683.0,6778.0845
7881.0,6950.071
6668.0,8063.5664
9368.0,7413.1025
12118.0,11382.761
10412.0,9458.792
10186.0,8975.701
10849.0,9402.354
11053.000000000002,9346.967
3745.0,5100.3867
4215.0,5088.9253
4075.0,4843.396
4030.0,4739.525
4415.0,4631.706
6512.0,7943.6455
5196.0,6631.0454
6396.0,5873.6978
5284.0,5834.6865
4316.0,5738.9717
3828.0,4455.961
4717.0,4668.1885
3531.9999999999995,4422.93
3734.9999999999995,4488.6226
3318.0,4733.9
3675.0,4843.124
3272.0,4457.4287
5679.0,7145.985
5852.0,6099.695
5009.0,5601.1597
5630.0,5384.1523
7051.0,5523.5483
7156.0,6256.434
6407.0,5952.132
5831.0,6576.356
5708.999999999999,6470.374
6293.0,7144.984
3921.0,5900.563
9316.0,10330.325
8305.0,8608.834
8019.0,7624.982
7659.0,7585.904
6319.0,7374.418
3715.0000000000005,3953.4949
6920.0,6033.222
5033.0,5975.9854
5410.0,5672.459
5776.0,5680.0454
5249.0,5861.027
3355.0,4088.1882
8000.0,10246.969
7196.000000000001,8325.859
6504.0,7633.652
7226.0,7390.303
11948.0,6617.009
5284.0,4517.867
4918.0,4376.1084
5479.0,4301.5317
4164.0,4375.1636
6753.0,4638.2593
4670.0,4917.9917
6278.0,6498.2397
6113.0,5755.7886
5669.000000000001,5638.764
4839.0,5657.2896
5235.0,5253.186
3451.0,4657.862
5611.0,4377.6616
4311.0,4295.295
3793.0,4530.3555
4386.0,4654.2744
3710.0,4661.234
4838.0,5083.8477
6011.0,6243.7583
4592.0,5431.73
4522.0,5200.0527
4591.0,5195.3105
5493.999999999999,5311.5107
4992.0,4868.798
4977.0,4939.348
4983.0,5131.8286
5301.0,5228.0864
3281.9999999999995,4214.27
7111.0,7913.7983
7656.0,6596.0396
5989.0,6073.2407
5933.0,6077.4336
5728.000000000001,5645.912
3340.0,3868.0864
5676.0,4472.6323
4832.0,4525.273
3921.0,4304.037
4749.0,4479.7705
5009.999999999999,4645.739
3324.9999999999995,3398.7915
7771.0,7805.7197
6893.0,6643.82
6085.0,5938.4136
6146.0,5861.456
6732.0,5772.611
5575.0,5415.428
5385.0,5081.1133
4696.0,5282.839
5270.0,5317.9736
6802.0,5697.22
5923.0,5262.571
8721.0,9345.45
7234.0,7620.6543
6569.0,7122.4863
8024.000000000001,6966.976
7797.999999999999,6702.568
5275.0,5187.542
5645.0,5450.8286
4485.0,5198.0034
4615.0,5387.1846
5645.0,6100.3823
5792.0,5947.232
5413.0,5817.4043
9382.0,9069.168
6802.0,7677.878
7003.0,7481.1807
7167.0,7328.0586
8660.0,7030.4106
4439.0,5949.937
4745.0,5648.0596
5468.0,5528.3027
5181.0,5320.499
5746.0,5807.396
7741.0,7662.464
6741.0,6618.1353
5012.0,6574.216
6540.000000000001,6459.429
5364.0,6706.59
5739.0,6418.4004
5071.0,5802.953
4872.0,5483.9775
4377.0,5025.4585
4229.0,5249.558
5266.0,5610.967
5818.0,6249.518
7094.0,7563.4395
6194.0,6408.905
5895.0,6091.0327
5237.0,6206.6943
6506.0,6468.0283
4307.0,5857.4
4790.0,5344.713
4452.0,4995.5186
4836.0,5079.3066
3014.0,4177.0073
7606.0,7950.362
6729.0,6900.548
6013.000000000001,6395.4365
5610.0,6345.241
5052.0,5668.4844
3337.0,4349.965
4589.0,6034.099
3793.0,5186.5986
4175.0,5084.2876
3655.0,4702.7866
3815.0,4720.1177
2278.0,3547.925
6459.0,7616.5864
6323.0,6367.087
5178.0,5635.339
4350.0,5678.844
6919.000000000001,5684.1177
7004.0,7848.026
6483.0,7026.543
6396.0,7114.5073
6682.0,6389.887
7854.0,6814.99
5292.0,5439.6636
11713.0,11864.911
9859.000000000002,9744.242
8242.0,8482.524
8068.0,8466.305
8460.0,8224.883
5158.000000000001,4800.341
6772.0,7714.2266
6098.0,7607.464
5405.0,7248.064
7003.0,7116.4126
6254.0,6669.8647
4995.0,5121.503
11780.0,11259.117
9491.0,9493.521
8184.0,8611.388
9095.0,8375.795
10205.0,7707.5845
3382.0,4967.392
3415.0,4845.8574
3613.0,5029.3433
3589.0,4926.263
2566.0,3203.5269
8297.0,8610.262
6800.0,6933.3853
6187.0,6249.448
6307.0,6156.7637
5269.0,5612.8013
2217.0,3345.2517
4166.0,4973.881
3827.0,4611.3804
3743.0,4724.405
4002.0,4379.425
3535.0,4375.3965
2391.0,2370.7346
8427.0,7893.966
6434.999999999999,6273.2266
5404.0,5569.5713
5506.0,5536.1
6816.0,5411.4814
9901.0,8144.7773
7553.0,7307.6387
9195.0,7597.082
9377.0,7740.187
9401.0,8237.09
8697.0,8014.8296
13619.0,12500.887
10937.0,10760.098
10421.0,10016.0625
9302.0,10202.099
9894.0,9567.122
7589.0,7909.8643
8862.0,8638.783
6830.0,8310.37
6851.0,8246.809
7986.0,7906.835
7797.999999999999,7997.083
7434.0,7801.913
12969.0,11807.815
11152.0,9864.817
9967.0,9340.089
9614.0,9469.432
11075.0,9547.124
6142.000000000001,6150.2207
5197.0,6043.1123
6546.0,6020.989
6456.0,5607.3613
5929.0,6719.077
4338.0,4785.3105
11245.999999999998,10477.086
9379.0,8164.361
8432.0,7320.036
7652.0,7020.6245
6809.0,6864.0376
4359.0,3222.101
6432.0,5822.9106
5670.0,5694.7915
5397.0,5414.52
5901.0,5467.6943
5890.0,5597.902
4347.0,3392.3154
12044.0,10396.486
9683.0,8712.391
7735.0,7790.5146
8551.0,7637.351
9288.0,6904.3174
3702.0,4632.0605
3698.0,4553.248
4170.0,4378.0225
4187.0,4471.389
4754.0,4281.2246
7227.999999999999,7194.225
6044.999999999999,6026.355
5840.0,5676.471
5764.0,5589.0615
5219.0,5180.071
3933.9999999999995,4552.2803
4683.0,4493.893
3413.0,4591.7207
2961.0,4521.495
4646.0,4749.773
4027.0,4872.4585
4414.0,4408.2344
8516.0,7494.607
6854.0,6246.318
5410.0,5847.0435
5890.0,6031.784
6713.0,5849.811
3628.0,4483.914
3994.0,4373.026
3558.0,4407.8096
3812.0,4582.791
4305.0,4405.7383
6051.0,6737.2954
5144.0,5802.9395
4639.0,5598.2354
4971.0,5635.0903
5041.0,5885.6387
3738.0,5094.596
4591.0,4814.8945
3602.0000000000005,4510.271
3990.0,4393.0264
4176.0,4442.4824
4123.0,5078.912
4092.0,5076.622
6062.0,6668.9736
5801.0,5591.788
4680.0,5204.6807
4694.0,5231.4233
6533.0,5331.8926
8382.0,7543.478
7165.0,7154.323
8396.0,7141.8896
9319.0,6783.459
7660.0,8121.4087
6549.0,5677.221
15670.0,13177.723
11964.0,11092.392
11190.0,10104.542
10868.0,9906.373
9139.0,9239.529
5191.0,5234.1323
8122.0,8619.454
6329.0,8271.849
6312.0,7577.4507
7181.0,7371.6025
6899.999999999999,9040.973
5532.0,5671.8726
14506.0,14168.796
11404.0,11179.036
11088.0,10196.769
11158.0,9865.976
11274.0,9324.992
5180.0,6588.1553
5367.0,6148.3223
6131.0,6220.326
6138.0,6427.3193
5840.0,6473.786
8564.0,9538.167
7641.0,8254.309
7871.0,7648.541
7328.0,7753.3716
7098.0,8051.4023
6477.999999999999,7249.7847
6584.0,6699.983
6074.0,6592.2334
4981.0,5966.696
5673.999999999999,5912.6685
6485.999999999999,6423.17
6662.0,6645.859
8951.0,9582.291
8648.0,8342.839
8193.0,7695.496
7840.0,8002.352
8935.0,8077.5625
5586.0,5020.221
5144.0,5099.5093
5808.0,5088.201
5550.0,4907.231
5277.0,5674.648
3608.0,4037.0452
8635.0,9770.887
7313.0,8189.213
6710.0,7050.0596
6864.999999999999,6787.901
5374.0,6789.011
3401.0,3555.2085
5056.000000000001,7039.1187
4548.0,6903.4453
3996.0,5985.672
4540.0,5736.9043
4664.0,5254.1616
3187.0,4048.3735
8806.0,9749.012
7469.0,8011.414
7004.999999999999,7035.6313
6418.0,6996.3047
7724.0,6423.9834
7092.0,5714.4185
6101.0,5083.691
5870.0,5133.404
6619.0,5250.8677
6059.0,5561.032
6419.000000000001,6261.702
9597.0,8941.511
9026.0,7717.4507
8276.0,7276.5044
7796.0,7198.349
6329.999999999999,7091.9375
7426.999999999999,6048.648
6131.0,5764.1084
5399.0,5383.759
5392.000000000001,5369.2563
5069.0,5499.9653
5216.0,6001.073
6055.0,6000.664
8528.0,9453.574
6421.0,7908.7617
6551.0,7589.3027
6428.0,7278.8823
8554.0,7317.91
5399.0,6667.8853
4899.0,6112.3247
4411.0,6244.273
5559.0,5952.8667
3566.9999999999995,3709.3809
8140.0,10642.931
8156.0,8691.571
7141.999999999999,7745.9644
6811.0,7588.566
6535.0,7294.673
4143.0,4053.1897
5379.0,6931.826
4989.0,6027.207
5536.0,5782.884
5586.0,5530.95
6353.0,5404.225
3438.0000000000005,3573.7922
11152.0,9443.732
10171.000000000002,7679.8613
8332.0,6867.751
7268.0,6894.609
9421.0,6510.4336
3655.0,4770.368
4415.0,4778.4487
4126.0,4854.001
4486.0,5404.1987
4466.0,5226.73
8628.0,8353.979
7062.0,6949.349
6238.0,6429.9717
5653.0,6359.643
6345.0,6512.3696
4766.0,5493.395
4604.0,5623.8384
4243.0,5654.1177
3798.0,5629.997
4459.0,5575.865
4185.0,5386.909
5017.0,5178.0996
9272.0,8293.833
7533.0,6850.109
6691.0,6696.3022
6412.0,6701.755
7741.0,6700.825
5719.0,5896.7695
4879.0,5583.738
6032.0,5223.6143
6070.0,5336.1953
5305.0,5238.7446
8107.0,7946.1445
7520.0,6797.372
6617.0,6411.3467
6878.0,6256.2573
5097.0,6327.34
5181.0,4946.4404
6114.0,5278.314
5433.0,5205.3936
4883.0,5111.4634
5460.0,5064.1494
5062.0,5127.1094
4421.0,4957.091
6842.0,7712.5723
7250.0,6476.5376
6124.0,6138.428
7081.0,5982.399
7959.0,6094.8716
6844.0,5827.8555
5759.0,5276.2334
5912.0,5183.331
6124.0,5233.4976
6363.0,5476.757
6005.000000000001,6113.814
9744.0,9292.065
8366.0,7708.4175
7771.0,7182.646
6536.999999999999,7149.5703
6301.0,7097.111
5206.0,6050.5615
6439.0,5651.4297
5514.0,5317.2847
5584.0,5298.3457
5825.0,5516.7944
5534.0,6148.0938
5691.0,6344.038
10155.000000000002,9250.8
8588.0,7719.4204
7646.0,7604.866
8441.0,7636.4136
10211.0,7426.6553
6366.0,6388.092
5590.0,5583.634
6159.0,5296.949
5725.0,5450.6914
6511.0,6299.421
6924.0,7097.93
10443.0,10011.041
9532.0,8477.193
8174.0,8252.228
7802.0,7968.003
8125.999999999999,8119.276
7935.0,6642.7246
6147.0,5950.342
5050.0,5407.24
5095.999999999999,5555.662
5419.0,5968.3853
5777.0,7149.3193
6638.0,6906.444
10270.0,10866.582
8490.0,8780.588
8479.0,8132.801
9402.0,8030.316
11107.0,8122.217
5629.0,5561.7744
4699.0,5125.6807
4500.0,5211.5684
4303.0,5051.646
4870.0,5203.1777
4899.0,5447.3574
8438.0,7816.3164
7514.0,6608.873
7266.000000000001,6262.3716
6883.0,6126.169
6021.000000000001,6192.132
4861.0,5417.292
4695.0,4990.256
4662.0,4675.549
4832.0,4718.902
4728.0,4839.2075
4767.0,5583.461
4562.0,5963.116
7925.0,8948.604
6348.0,7277.44
6633.0,6674.302
6457.0,6685.5137
7787.0,6543.059
3684.0000000000005,4281.143
4858.0,4278.424
4813.0,4455.8857
4498.0,4732.7407
3898.9999999999995,4021.5852
6173.0,6981.2026
6135.0,6300.602
4909.0,5862.875
5106.0,5957.9873
4986.000000000001,5680.8496
3169.0,4664.1313
4983.0,5437.449
4126.0,4973.127
4131.0,4713.2905
4676.0,4536.722
4894.0,4838.229
3686.0,4020.2551
6928.0,7018.29
6239.0,6357.9697
5223.0,5782.15
5390.0,5783.0996
5680.0,5242.11
7964.0,8922.012
6567.0,8341.288
8071.0,7746.193
8572.0,7340.8403
8651.0,8051.524
9066.0,8817.68
13582.0,11992.872
9342.0,10053.32
9420.0,10009.508
10570.0,9728.922
9706.0,9736.0
9761.0,7971.6787
8501.0,7560.5522
6956.0,7205.4272
6901.0,7417.3047
7603.0,8207.245
7774.000000000001,9073.108
10230.000000000002,8077.517
13968.0,12235.948
11128.000000000002,10371.189
10925.0,10276.278
13334.0,10299.1875
15894.0,10319.495
4947.0,7066.3843
6071.999999999999,6385.505
6013.000000000001,6006.7637
5398.0,6122.3154
6024.0,7070.322
9972.000000000002,9208.282
7873.0,7540.067
9101.0,7183.794
6644.0,7232.3438
7678.0,7272.784
6105.0,6196.4263
7181.0,6532.6494
4441.0,6449.2983
8031.999999999999,6139.994
4995.0,6550.471
5794.999999999999,6185.363
4898.0,6211.323
10066.0,8225.838
8673.0,6879.8877
7754.999999999999,6791.1494
9227.0,6825.314
10134.0,6779.3438
3726.0,4600.654
4494.0,4636.2373
4958.999999999999,4886.761
4699.0,5372.048
5949.0,6257.081
6714.0,7450.8213
5310.0,6374.834
5517.0,6111.448
5340.0,6174.708
6302.0,6515.683
6723.0,6067.5244
5027.0,5408.0586
4281.0,4790.3394
4332.0,4573.769
5762.0,5065.26
5343.0,5565.4355
6195.0,6418.374
7646.0,7001.84
5990.0,6261.7314
6376.000000000001,5995.202
6391.0,6225.101
7801.000000000001,6480.565
2703.0,4014.019
2901.0,3867.9373
2996.0,3900.4473
3350.0,3915.473
1691.0,2557.9153
5059.0,6374.975
4591.0,5428.5884
3965.0000000000005,5070.7705
3729.0,4898.614
3439.0,4314.418
2072.0,2802.5671
2938.0000000000005,5499.266
2986.0,4537.5596
2777.0,4429.851
2770.0,3976.4385
2996.0,3258.2556
1590.0,2565.281
5896.0,5825.4673
4728.0,4589.562
4013.0,4186.3394
3647.0,4155.373
5599.000000000001,3976.1626
8164.0,7744.293
7536.0,7403.989
8088.0,7745.1665
10616.999999999998,8018.9917
4796.0,4617.5625
15519.0,14441.293
15005.000000000002,11672.111
12288.0,10113.154
11021.0,9935.014
10570.0,9339.923
5313.0,4532.5273
9494.0,8026.938
9484.0,7921.7017
8065.0,7286.558
7908.0,7282.1304
8955.0,7174.8745
2953.9999999999995,4306.9854
15678.0,13804.659
13135.0,11214.296
10608.0,9891.27
12686.0,9683.819
16774.0,9335.566
4720.0,5221.2847
5258.0,5698.7007
4922.0,5213.924
6416.0,5443.033
5256.0,5112.532
8380.0,8801.446
7722.0,7728.7476
6692.999999999999,7226.3335
6493.0,7009.6177
7558.0,7185.537
5651.0,5684.4287
5841.000000000001,5976.028
5232.0,5218.62
4840.0,5113.9224
5279.000000000001,5191.0034
6242.0,5569.171
5493.999999999999,5382.8784
9246.0,8953.337
7600.0,7817.2563
7235.0,7455.116
7517.0,7339.7544
8654.0,7103.589
4956.0,4517.69
5060.0,4699.8555
4752.0,4819.672
4607.0,5156.1885
3741.0,4289.64
9713.0,8428.643
6132.0,6919.2485
7352.000000000001,6299.1924
6290.000000000001,6372.6616
5884.000000000001,6300.8794
3963.0,3822.4177
4789.0,5395.337
4094.0000000000005,5044.5435
3596.0,5298.947
4069.0,5665.111
4178.0,5002.355
3477.0000000000005,3809.3113
8809.0,8295.352
7430.000000000001,6651.1523
5589.0,6019.0083
6088.0,6054.161
7175.0,5981.2646
6625.0,6430.644
6192.0,5866.685
6258.0,5962.487
6675.0,5717.085
5552.0,5904.737
4412.0,5332.53
8506.0,9414.637
7940.0,7825.0103
6428.0,7085.057
6700.0,6819.4624
5708.999999999999,6911.4277
4250.0,4350.057
6725.0,6211.601
6114.999999999999,5665.6514
5037.000000000001,5615.4556
5907.999999999999,5666.929
5419.0,5628.9365
4022.0,4763.371
7797.0,8608.601
7573.0,7327.0244
6399.0,6745.799
7371.0,6535.295
7491.0,6351.529
10417.999999999998,8647.007
8553.0,7786.7744
9698.0,7787.068
9527.0,7794.6113
10448.0,9164.053
10814.0,9355.298
15758.0,14316.173
13900.0,12102.853
13760.0,10907.919
12823.0,11070.206
11537.0,10808.696
10395.0,8379.538
10770.0,8663.465
9913.000000000002,7839.283
8034.0,7727.2827
8643.0,7902.37
8472.0,8969.885
9670.0,8479.689
15418.0,15285.49
12967.000000000002,12921.789
11658.0,12295.255
11834.0,12116.17
12663.0,11539.772
4141.0,6876.417
5508.0,6887.485
5802.0,6981.2324
6641.0,7716.1484
7203.0,8389.394
10987.999999999998,12229.664
9084.0,9777.48
8880.0,9023.848
8975.0,8882.8125
10059.0,8542.286
8279.0,6994.8384
8189.0,6507.9517
6778.999999999999,6120.3745
6326.0,6183.858
7380.0,6817.9473
8154.0,7317.5566
7955.0,8167.533
14839.0,10414.727
10376.0,8916.648
10449.0,8562.733
10141.0,8915.884
11202.0,8968.01
7213.0,8390.008
7762.999999999999,7520.8687
7108.0,7162.7593
6661.000000000001,7643.6807
9293.0,8219.3545
11141.0,11342.739
9884.0,9748.425
9327.0,9276.86
8557.0,9380.799
9292.0,9511.804
9214.0,8614.742
7703.999999999999,8169.734
7837.0,8599.601
7225.0,8046.156
7437.0,8301.591
7313.999999999999,8294.325
9266.0,8574.039
10029.0,10793.233
9263.0,9383.911
8827.0,8765.242
8020.0,9217.938
10734.0,9750.947
9750.0,8041.867
8442.0,7476.6167
8166.0,7197.932
8620.0,7310.111
8562.0,8083.684
10930.0,8845.385
12424.000000000002,11731.92
10923.0,10553.979
10456.000000000002,9701.307
10514.0,9807.737
9557.0,9877.963
9498.0,8615.9
10211.0,7806.0034
8345.0,7297.947
8654.0,7104.166
8464.0,7606.122
8120.0,8724.527
8877.0,9638.384
11057.0,12398.38
9802.0,10784.677
8570.0,10055.351
9427.0,10145.7
10253.0,10119.719
5420.0,6834.957
5625.0,6372.1934
6342.0,5964.801
6140.0,6098.199
5015.0,5806.4907
11132.999999999998,10102.092
8481.0,8549.334
8004.0,7856.717
8066.0,7846.1787
6825.000000000001,7688.1616
6234.0,6054.49
6416.0,6607.694
5001.0,6718.403
5515.0,6700.7837
4640.0,5980.249
5475.0,6063.5376
5286.999999999999,5920.4224
10117.000000000002,9827.335
8038.0,8062.3286
6750.0,7427.4033
8021.0,7379.678
9194.0,7562.6772
5197.0,5018.428
4238.0,4620.0103
4773.0,4644.168
5847.0,4710.9487
5165.0,5309.958
5044.0,5998.571
9331.0,8213.196
7168.999999999999,6709.0557
6699.0,6275.596
6403.0,6362.056
6013.000000000001,6416.17
4476.0,4961.7275
5157.0,4848.461
4425.0,4616.891
4224.0,4801.4263
4937.0,4971.575
4534.0,5431.535
5098.0,5195.689
8230.0,8236.935
6470.000000000001,6911.9243
6010.0,6643.33
6348.0,6398.571
7182.0,6287.3154
5766.0,6158.996
4729.0,5719.7866
5015.0,5500.808
5450.0,5159.491
5079.0,5287.573
6219.0,5912.209
8011.0,7702.408
6793.0,6567.9014
6149.0,6464.1943
6367.0,6590.477
6197.0,6863.4536
6253.0,5893.827
5235.0,5240.055
4325.0,4839.905
4435.0,4907.436
4745.0,4983.8623
5041.0,5787.4375
6458.0,6433.9595
7644.0,8200.289
7227.0,7168.77
6637.0,6757.578
7590.0,6806.71
8337.0,7127.7866
7254.999999999999,6640.9097
6767.0,6163.2056
6760.0,6522.4673
6532.000000000001,6756.3496
6235.999999999999,6293.322
10073.0,9999.783
8511.0,8778.604
8109.0,8121.756
8772.0,8158.6343
8102.000000000001,8314.273
6347.0,6595.5073
8249.0,7632.1113
7356.0,6941.4565
6905.0,6856.2236
7162.0,6921.7065
6812.0,7141.317
5694.0,6741.3096
8643.0,9986.03
8352.0,8587.192
7682.0,7901.9165
7378.0,7856.287
9701.0,7662.0537
7093.0,7866.752
7754.0,7910.3804
7266.000000000001,8315.679
8585.0,8630.045
6465.0,7775.7188
13650.000000000002,13393.724
13475.0,11095.715
9882.0,10157.868
10134.0,10538.542
9146.0,10074.86
6727.999999999999,7510.759
7914.0,8655.786
6999.0,8511.097
6798.000000000001,8072.4644
6621.0,7847.1846
7491.0,7736.107
6036.999999999999,6557.292
13310.0,13143.078
11279.0,10875.797
9651.0,10195.676
9271.0,10113.303
12263.0,9675.091
8829.0,11281.148
8988.0,11416.076
8514.0,10710.143
10456.000000000002,10979.477
10007.0,9180.973
18243.0,18518.408
15505.000000000002,15109.163
15524.0,13427.508
13030.0,12919.089
14142.0,11632.34
10482.0,8535.528
12451.000000000002,9302.627
10331.999999999998,8517.102
11158.0,8716.25
11881.000000000002,9325.882
10012.0,10018.999
11377.0,8589.694
20849.0,16592.78
18764.0,14329.486
19989.0,13717.837
17357.0,13243.878
16273.0,12427.273
3543.0,4498.3433
3902.9999999999995,4484.608
4162.0,4649.9756
5079.0,4717.158
3013.0,3333.0332
8542.0,8030.7993
6391.0,6492.779
6052.0,5775.209
5374.0,5707.445
4747.0,5681.6274
3795.0,3003.3467
4084.0,4231.2324
3543.0,4135.308
3588.0,3925.6174
4099.0,3949.594
4310.0,4156.371
2830.0,2309.5002
7864.0,7788.015
6664.0,6330.51
5111.0,5758.834
6257.0,5630.945
7322.0,5386.604
5854.0,5504.77
6068.0,5114.8706
5774.0,4828.763
5539.0,4970.4033
5300.0,5051.7793
1517.0,2710.0713
7577.0,9071.196
6503.0,7765.7446
6508.0,6556.79
5800.0,6598.5894
4868.0,5914.1343
1838.0000000000002,2705.1858
5454.0,6370.5234
5183.0,5816.2466
4877.0,5175.8164
5050.0,5427.0894
4954.0,4575.3477
1729.0,3404.4856
6320.0,8350.2295
6386.0,7201.526
5219.0,6526.1294
5735.0,6228.7524
5950.999999999999,4196.4004
3992.0,3783.2542
3063.0000000000005,3508.646
3074.0,3387.6868
3414.0,3524.628
3738.9999999999995,4046.6287
1560.9999999999998,2386.61
5465.0,6405.119
4553.0,4934.929
4918.0,4560.3467
4485.0,4413.055
3246.0,4173.7427
1564.0,2038.7368
3470.0,4270.08
2992.9999999999995,3761.9565
2995.0,3454.006
3285.0,3653.6272
3043.0,3373.276
1263.0,2266.5244
5491.0,6571.925
4903.0,5260.14
3655.0,4714.337
5189.0,4737.3306
5082.0,3777.7637
4002.0,4525.6426
4011.0,4480.0386
4187.0,4367.1206
3880.0,4542.5386
3062.0,3525.9783
8402.0,7155.621
6391.0,6147.1406
5552.999999999999,5462.563
4966.999999999999,5473.982
4319.0,5322.4697
3315.0,2779.2976
4537.0,4385.2305
3782.0,3604.2449
3444.0,3669.1147
3941.0,3872.8787
3765.0,4253.1904
3973.0000000000005,3055.1228
7546.0,7417.7144
5642.000000000001,6054.316
5294.0,5479.1123
5854.0,5499.0244
6014.0,5277.9487
8978.0,7546.2993
7920.0,7304.1694
7866.0,7029.0723
8427.0,6924.0303
9168.0,7707.8486
5858.0,4950.9585
12522.0,13637.298
11224.0,11253.655
10255.0,9330.344
10162.0,9138.518
9379.0,8833.137
5138.999999999999,4838.212
8695.0,7673.959
8599.0,7880.0405
7311.0,6810.469
8272.0,7070.8696
8369.0,7145.646
4290.0,4893.0317
12936.0,12848.268
11768.000000000002,10743.193
9587.0,9877.511
10949.0,10048.396
12802.0,8020.844
14995.0,12518.812
12545.0,11296.662
12064.0,12131.357
11313.0,12725.642
14084.999999999998,14197.788
10943.0,12780.221
20328.0,19659.428
17066.0,16667.387
17784.0,15366.251
15901.0,15796.19
15435.000000000002,14356.924
10685.0,10914.671
13372.0,12662.22
11643.999999999998,12767.148
10973.0,12146.16
11783.0,12120.252
11407.0,11759.699
8946.0,10697.24
19537.0,20001.11
15482.999999999998,16825.383
14694.0,15348.319
14554.0,15133.611
18331.0,14086.927
6813.999999999999,8457.451
6122.0,7354.911
6391.0,6623.1353
6160.0,5988.5166
6084.0,5825.6206
2926.0,3404.0278
10582.0,10493.316
9247.0,9004.398
7176.0,7784.931
6428.0,7625.2324
6385.0,7260.908
2314.0,3065.8372
5733.0,9126.032
5299.0,7831.617
4521.0,6735.357
5078.0,6625.7944
5226.0,5213.2944
2760.0,4061.7695
9989.0,10245.844
8718.0,8626.561
6945.0,7304.915
8002.0,7306.512
7229.0,6081.8833
4681.0,4907.131
4170.0,4715.7783
4787.0,4573.035
4862.0,4365.1245
4677.0,4595.282
1983.0,3087.369
7945.0,7825.7827
7008.0,6311.833
5229.0,5676.1216
5621.0,5817.161
5083.0,5414.675
1884.9999999999998,2140.9736
4115.0,5805.224
3841.0,4719.483
3516.0000000000005,4494.5376
4308.0,4262.363
4108.0,4422.931
1716.0,2591.5042
7862.0,8060.0654
6770.0,6291.0117
4969.0,5503.566
6189.0,5532.943
5853.0,5151.3296
4014.0,5321.159
4491.0,4917.552
5337.0,4786.3774
5115.000000000001,4853.079
4514.0,4995.4214
6200.0,7084.0815
5641.0,6092.5483
5277.0,5999.2812
5582.0,6093.7114
5587.999999999999,5962.1074
5207.0,5152.8506
2781.0,4998.3564
3933.0,4816.208
3565.0,4664.3467
4903.0,4796.8296
4177.0,4942.84
4911.0,4862.929
6492.0,6426.0347
4614.0,5377.54
5251.999999999999,5240.8438
5685.000000000001,5221.7656
6611.0,5408.473
5418.0,5956.8096
4885.0,5776.913
4965.0,5658.287
5870.0,5630.917
5031.0,5497.44
7199.0,9055.943
7319.0,7765.5225
6853.0,7050.832
7650.0,6864.4844
6079.0,7015.318
5703.0,6526.4185
6025.0,6427.605
5022.0,6088.7036
5186.0,5947.755
6204.000000000001,5640.1646
5292.0,5650.861
4006.0,5713.6416
7651.0,8411.594
6691.0,7055.53
6061.0,6780.8066
8187.0,6568.5186
9329.0,6705.8584
4159.0,5622.9736
4633.0,5438.6104
5764.0,5409.395
5970.000000000001,5730.33
6061.0,6043.151
8341.0,7750.8765
6282.0,7069.5137
5754.0,6801.569
5872.999999999999,6784.8726
6070.0,7191.6777
5562.0,6407.2974
5027.0,5847.0796
3984.0,5491.4507
4476.0,5262.5444
5210.0,5462.186
4857.000000000001,5901.056
6149.999999999999,6156.2114
7713.0,7951.4473
6692.999999999999,6778.0396
5856.0,6435.2188
6901.0,6665.7188
6649.0,6627.9395
6508.0,7403.8345
7532.000000000001,6911.9497
7172.0,6616.3975
7544.0,6751.9697
7845.0,7062.209
8737.0,10315.476
9473.0,8936.13
10562.999999999998,8482.923
8845.0,8254.19
7331.0,8131.08
7679.0,7312.8003
7202.0,6971.594
6586.0,7036.918
6536.999999999999,7253.011
5910.0,7647.4043
6375.0,7192.846
6305.0,7359.846
9221.0,9237.478
9093.0,8479.305
9267.0,8085.2856
8861.0,8115.3545
9479.0,8612.791
6716.0,8715.573
7006.0,8214.575
7757.0,7763.651
7100.0,7788.7773
6590.0,6615.953
12923.0,12781.654
10339.0,10705.203
9488.0,9697.067
10138.0,9742.824
8542.0,8813.437
6176.0,6943.0127
7562.0,8020.9536
6689.0,7864.148
6048.000000000001,8312.372
6680.0,7990.525
6962.000000000001,7672.536
5212.0,7215.4053
12139.000000000002,12376.853
9949.999999999998,10207.451
8331.0,9342.655
9822.0,9512.963
10532.0,9186.063
5124.0,5633.8013
5047.0,5302.2725
4856.0,5302.752
4953.0,5542.572
6202.0,6120.3276
7759.0,8033.1772
7328.0,7429.62
6934.0,6979.1094
6012.0,6966.1494
6127.0,7194.371
6372.0,6585.352
6001.0,5855.7373
5266.0,5352.2524
4935.000000000001,4972.0884
5449.0,5044.9146
5281.0,5750.0874
5711.0,6384.137
7409.0,8378.435
7512.0,6939.4956
7141.0,6466.7183
6868.000000000001,6412.288
7213.0,6596.4985
3435.0,4195.571
3632.0,4267.5864
4105.0,4280.1377
3814.0,4160.866
2824.0,3499.671
5200.0,6819.243
4265.0,5746.4976
3828.0,5275.2104
4444.0,5254.5757
3650.0,5115.5547
2512.0,3232.0342
4064.0,4342.893
3476.0,4046.9985
2895.0,3811.0823
3209.0,3651.2275
3035.0,3884.5903
2073.0,2975.849
4694.0,5679.8604
4543.0,5068.749
4102.0,4673.5947
4996.0,4646.359
6957.0,4242.749
7939.0,7050.8687
6853.0,6384.15
8151.0,6033.8716
7418.0,6058.3154
8261.0,6879.0166
8541.0,7671.1675
11471.999999999998,10682.272
10049.0,9053.308
8687.0,8317.182
7996.0,8631.953
7690.0,8503.976
7054.0,7415.2754
7049.0,6862.702
6296.0,6556.668
5616.0,6567.853
6449.0,6622.7305
6555.0,7240.9165
6922.0,7569.6367
11369.0,10535.676
9437.0,8909.123
9351.0,8739.233
8834.0,8905.8955
10404.0,9215.176
3751.0,5151.4
4789.0,5071.4463
4839.0,5143.0703
4427.0,5636.5576
5914.0,6154.4155
7887.000000000001,9179.055
6687.0,7679.793
6356.999999999999,6886.76
5404.0,6784.8765
5127.0,6652.785
5357.000000000001,5342.7466
5186.0,5058.413
4498.0,4802.566
4031.0,4858.027
4598.0,4917.3022
4740.0,5529.223
6277.0,5580.6196
9928.0,8727.509
7337.0,7106.147
7071.0,6774.496
7011.0,6788.177
8060.0,6685.2695
10215.0,8976.499
10770.0,8390.773
9746.000000000002,8680.488
7464.0,6566.61
3238.9999999999995,3830.8904
11579.0,9008.723
8654.0,7853.899
9724.0,7130.3467
9017.0,8561.334
8429.0,7694.6133
7834.0,6217.553
4025.0,4287.351
13084.999999999998,12685.371
10669.0,9915.061
10264.0,9842.2295
11718.999999999998,9226.251
10725.000000000002,9678.867
8130.0,6977.5215
6318.0,4216.8853
11186.999999999998,10840.481
10121.0,8435.716
7413.0,8463.274
11661.0,8918.653
9082.0,8459.2295
7776.0,6618.17
5968.0,6555.6167
14919.000000000002,11700.78
10901.0,9849.873
11185.0,10368.115
12042.000000000002,8935.122
12216.0,9485.388
8311.0,8035.7896
6715.0,7276.506
7469.0,7381.3853
8435.0,7152.764
9565.0,8025.4995
6985.0,7301.3906
14032.0,13325.824
11520.0,11367.11
10906.0,10435.679
10639.0,10112.12
9870.000000000002,9904.002
7158.0,7247.8623
7938.000000000001,7737.502
6584.0,7177.7954
6613.0,7138.3706
8392.0,7180.2095
7689.0,7912.8403
6805.999999999999,6673.969
13815.0,13650.781
9768.0,11783.285
9427.0,11234.2
12353.0,10937.191
12557.999999999998,10145.509
3803.0,4917.3574
3959.0,4671.307
4259.0,5123.928
4592.0,4867.8047
3017.0,4126.067
7037.0,7643.0923
5734.0,6318.004
5178.0,5801.5312
6041.0,5731.5947
5401.0,5237.34
3352.0000000000005,3654.2705
3812.0,4543.9575
4313.0,4268.748
3533.0,4201.66
3275.0,4139.349
4727.0,4357.5938
2899.0000000000005,3325.6604
6644.0,6718.267
5605.0,5604.4775
4890.0,5336.6577
5449.0,5273.5527
8711.0,4924.655
6971.0,6305.4233
6526.0,5574.383
5879.0,6335.927
6052.0,6484.9004
5544.0,6967.5864
5711.0,6718.8394
10361.0,10329.358
8643.0,8766.88
7580.0,7997.0933
9009.0,8154.7686
9099.0,7868.258
5948.0,5945.3276
7092.0,6177.612
6103.0,5846.6465
5163.0,5789.529
6246.0,6675.4604
6023.0,6900.099
6274.0,6312.9634
11907.0,10623.269
8509.0,8856.666
8576.0,8481.558
9505.0,8103.031
10307.0,8042.827
3221.0,3236.8188
3103.0,3079.2253
3268.0,3133.684
3084.0,3035.801
2850.0,2714.3086
4895.0,5525.298
4146.0,4939.5815
3964.0,4574.182
4029.0,4633.0806
3434.0000000000005,4683.9214
3249.0,3044.173
3515.0,4029.666
3263.0,3588.1946
3141.0,3441.5762
3052.0,3320.8074
3052.0,3335.8674
3232.0,2760.414
4927.0,5218.344
4947.0,5025.705
4898.0,4583.5615
4909.0,4529.7983
5135.0,4135.164
6169.000000000001,5924.3027
6167.0,5514.4604
6366.0,5718.8486
5893.0,5839.981
6998.0,6221.1323
10769.0,8896.406
7570.0,7703.707
6676.999999999999,7461.744
7159.0,7616.096
7320.0,7619.3354
6613.0,6568.4927
6560.0,6049.1924
5846.0,5565.483
5753.0,5630.0273
5765.0,5698.061
6820.0,6436.806
6452.0,7255.7534
10546.0,9764.092
8396.0,8392.657
7633.0,7989.8345
8373.0,8204.805
9743.0,8133.331
6326.0,7539.305
7031.0,7015.177
6807.0,7148.149
6732.0,6994.9556
4845.0,5292.6274
10669.0,11835.617
9898.0,9650.633
9999.000000000002,8440.423
8735.0,8324.783
8123.0,8224.842
5124.0,5213.0957
8072.0,6821.2944
7202.0,6353.425
7078.0,6488.4907
7197.0,6756.8315
6492.0,6732.973
6237.0,5057.119
10877.0,11330.587
10469.0,9495.095
10153.0,8454.43
10769.0,8554.107
11208.0,8190.382
5927.000000000001,7550.2417
5622.0,6593.5596
6593.0,6047.522
6464.0,6044.665
4774.0,5580.524
9184.0,9924.283
8796.0,8331.718
8255.0,7747.019
7867.999999999999,7701.977
6999.0,7604.674
4842.0,6132.6997
6968.0,7848.3525
6022.0,6874.3833
6068.0,6498.4805
5649.0,6172.8804
5995.0,5823.3994
3566.9999999999995,5400.3594
9467.0,9703.729
8510.0,8138.97
7743.0,7511.887
8886.0,7360.6865
10342.0,7362.628
8306.0,8107.929
7530.0,7612.663
7461.999999999999,8189.16
6747.000000000001,7986.758
6547.0,10916.715
5634.000000000001,9346.16
11216.0,14019.151
9956.000000000002,11769.059
10002.0,9950.84
9005.0,9583.078
7537.0,9271.385
5693.000000000001,6385.2383
7551.0,8011.5864
6921.0,7613.6475
6931.0,7288.332
6348.999999999999,7158.951
6559.0,7270.194
5273.0,6210.874
11119.0,12863.36
9306.0,10697.094
10234.999999999998,9884.65
9142.0,9958.791
11436.0,8860.441
6165.0,5991.2656
5665.0,5519.5205
5385.0,5583.2324
5531.0,5357.1816
6046.0,7180.431
3544.0,5250.7886
10216.0,9897.266
8411.0,7946.5884
7062.0,7327.193
7340.0,6917.7544
7664.0,6667.1216
4120.0,4320.189
6181.0,5576.1216
4799.0,5190.99
4905.0,4923.774
5070.0,5057.292
6210.0,5470.2666
3741.0,4201.1353
9209.0,9909.059
6739.000000000001,8066.118
6631.0,7301.418
7504.0,7105.6094
8918.0,6547.589
6801.0,7768.0415
5862.0,7025.183
6493.999999999999,7570.7085
6905.0,6809.8164
6756.0,6612.8296
6454.000000000001,6870.0503
10306.0,10802.094
10049.0,9476.683
9055.0,8509.015
8756.0,8332.932
7713.0,8232.521
6887.0,6425.288
6989.000000000001,6435.699
5310.0,5861.0366
5297.0,5860.322
5517.0,6082.8853
6612.0,6592.6597
5601.0,6411.4
9830.0,11172.398
8464.0,9279.01
8686.0,8639.962
8042.0,8571.301
10089.999999999998,8633.288
2803.0,4181.6484
3874.0,4221.387
3717.0,4288.779
3980.0,4834.7964
4829.0,5282.787
5052.0,6825.276
4184.0,5612.4287
4357.0,5404.1904
4038.0,5400.756
5183.0,5593.8457
5297.0,4795.886
4431.0,4473.1763
3574.0,4089.062
3220.0,4163.1094
4271.0,4927.291
4163.0,5206.8486
5630.0,5219.775
6889.0,5862.22
6165.0,4574.61
5532.0,4819.5356
5125.0,5055.66
6546.0,5244.4697
6095.0,6019.072
5170.0,5413.619
5521.000000000001,5036.333
6587.0,5118.224
5695.0,5689.972
6867.0,6364.327
8019.0,8788.812
6391.0,7530.4956
6315.0,7302.5293
6907.0,7203.555
6909.0,7209.8364
6567.0,6149.106
5176.0,5656.6177
4550.0,5069.0493
3765.0,5127.4966
4198.0,5690.43
5043.0,6078.9478
6066.0,7293.5713
7711.999999999999,8894.465
5967.0,7675.991
6312.0,7223.2866
6945.0,7449.387
7277.0,7764.261
5354.0,5853.774
6018.0,5907.7456
5990.0,6050.775
6830.0,6478.7427
4996.0,5000.03
9569.0,9900.522
9409.0,8549.074
8222.0,7881.358
6601.0,8069.8994
7262.999999999999,7891.9883
4412.0,5935.1255
6009.0,9166.957
6243.0,7991.5635
5331.0,7582.8594
5600.0,6763.0986
6606.0,5984.728
3824.0,6600.7285
10313.0,9587.13
9166.0,8288.381
7467.0,7372.3286
7404.0,7406.573
9202.0,6968.625
8536.0,7606.4995
6968.0,6768.908
8242.0,7036.073
7756.0,7025.228
7631.0,7548.204
8213.0,7742.7607
11420.0,11787.653
11600.0,9848.65
9771.0,8919.218
10045.0,8997.538
9350.0,9004.691
8014.0,7432.9946
7739.000000000001,7280.134
6724.0,6652.3525
7135.0,6721.081
6329.0,6879.059
6798.000000000001,7709.1875
7855.0,7292.2334
11883.0,12801.005
9463.0,11107.826
10134.0,10598.659
9728.0,10783.929
11672.0,10421.38
5675.0,6660.462
6364.999999999999,6368.457
7067.000000000001,6154.432
6278.0,6391.8613
5160.0,5166.5684
9862.0,10423.998
7807.0,8692.766
7995.0,7975.861
7725.0,7937.227
7660.0,7521.5884
6053.0,5697.5034
6471.0,6894.627
5528.0,6279.216
6172.0,6336.2134
6348.0,6568.039
5544.0,6045.2607
3911.0,5504.544
9032.0,9845.182
7563.0,8188.4126
8159.0,7697.496
8660.0,7601.2725
11782.0,7469.318
6051.0,7296.6025
7824.0,6961.2183
7316.0,6496.64
7723.000000000001,6801.886
8235.0,7496.4624
10608.0,10067.941
9521.0,8574.985
8629.0,7904.806
8668.0,8361.778
9380.0,8345.924
10033.0,7266.5645
7218.0,7313.442
6348.0,7363.211
6638.0,7255.739
7439.0,8122.8223
7938.000000000001,7674.3506
8679.0,8550.945
11943.0,9576.811
9804.999999999998,7925.392
9129.0,8064.7344
8173.0,8610.535
11382.0,9029.867
4620.0,6105.7773
5453.0,5527.4233
5047.0,5051.789
6081.0,5288.5723
5028.0,5034.5015
9510.0,8561.587
8194.0,7197.134
7149.999999999999,6613.0957
6512.999999999999,6774.2944
6753.0,6771.1646
5437.0,5401.373
5343.0,5662.232
4122.0,5583.4824
4708.0,5711.9165
5818.0,5356.283
5480.0,5396.206
5302.0,5081.564
9295.0,8760.563
7711.999999999999,7206.677
7050.0,6709.1206
7165.0,6883.56
9389.0,6847.3765
4375.0,4566.5435
3756.0,4105.856
3554.0,4114.671
3968.0,4134.566
4208.0,4450.2485
3088.0,3885.7974
7880.0,6799.265
5637.0,5874.2188
4670.0,5515.0537
4956.0,5599.5244
4913.0,5654.8765
3448.0,3704.8152
4600.0,4849.814
3738.0,4236.6724
3426.0,4342.549
3373.0,4248.5283
2903.0000000000005,4702.2964
2882.0,3655.0916
6337.0,7218.104
5069.0,5957.961
4906.0,5293.462
4779.0,5267.9414
4802.0,5301.382
8564.0,8898.08
9047.0,8455.216
8364.0,8139.639
8809.0,8337.276
7654.0,8146.709
12252.000000000002,12651.4375
11919.0,10934.107
11088.0,10243.539
10094.0,10414.327
8671.0,9765.615
8560.0,8363.916
9056.0,9097.718
7967.0,9265.637
8328.0,9059.063
7525.0,8662.787
8451.0,8200.667
6557.0,8290.776
11554.0,12644.6875
10777.999999999998,10691.386
10554.0,9564.149
9652.0,9684.791
12689.0,9802.836
3410.0,3756.0552
4022.0,3478.8992
4270.0,3553.9272
4464.0,3842.4758
2710.0,3259.8704
6001.0,5996.757
5290.0,5177.966
4805.0,4764.445
4559.0,4835.398
4836.0,5037.512
2495.0,2783.357
4229.0,4044.5447
3886.0,3747.4443
3338.0,3621.6594
4545.0,3629.2117
3474.0,4034.181
3268.0,2844.6748
5888.0,6578.888
5775.0,5878.137
4611.0,5312.107
5147.0,5332.0493
6180.0,4491.65
8367.0,10442.8
7718.0,10049.816
8447.0,9339.223
8348.0,9741.577
8700.0,10625.552
11503.0,12867.769
10628.000000000002,11055.619
9559.0,10321.781
8624.0,10496.286
8735.0,10128.409
8972.0,8982.162
8832.0,9033.805
7834.0,9089.808
7311.0,8647.575
8201.0,7992.8257
7822.0,8108.0684
7280.0,8953.574
11200.0,11063.5205
9406.0,9391.718
9573.0,8792.614
10072.0,9288.651
10664.0,9428.07
4884.0,5853.204
6025.0,5963.6855
5645.0,5997.941
5740.0,6061.395
5973.0,5936.4385
8537.0,8580.373
7503.0,7431.236
5864.0,6973.3184
6547.0,7079.7646
6770.0,6990.18
5784.0,5790.9497
5841.000000000001,5556.0215
5327.0,5285.5933
5032.0,5219.0317
5755.000000000001,5470.1245
5585.0,5650.5596
5089.0,6050.0024
8716.0,8358.005
7166.0,7021.5303
6999.0,6623.0884
6979.0,6725.653
6789.0,6838.415
3675.0,4420.584
3409.0,4165.347
4190.0,4192.5874
3830.0,4399.8745
4691.0,5101.4077
6547.0,6244.979
5132.0,5382.462
5148.0,5134.1826
4419.0,5141.1553
4320.0,5571.2065
4910.0,5129.3794
3392.0,4576.654
3503.0,4269.3794
3479.0,4196.38
3683.0,4149.5776
3879.0000000000005,4666.881
5333.0,4820.3086
7770.0,6240.662
5911.0,5124.1978
4950.0,4973.1826
5025.0,5045.2227
5946.0,5111.2876
5754.0,5253.3604
4960.0,5366.2026
8012.0,5226.896
5746.0,5380.766
5448.0,5813.7397
3293.0,3370.8035
9425.0,9234.489
8588.0,8496.0
9577.0,7307.845
6661.000000000001,6995.2017
5144.0,6390.5537
2687.0,4894.49
6001.999999999999,7730.6494
4743.0,7431.61
6096.0,6107.4634
5262.0,5503.966
4585.0,4606.1353
3095.0,4138.017
9344.0,9588.576
7737.0,8105.385
9573.0,6987.298
7383.999999999999,6674.013
7746.0,5086.877
6904.0,7451.971
5708.999999999999,6761.3496
6655.0,6147.208
5965.0,5737.267
6213.0,6134.546
6425.0,6622.5474
9857.0,9820.451
9472.0,8119.8125
7691.0,7509.974
7878.0,7497.7
5872.0,7701.1655
7160.0,6505.976
7039.0,5798.0903
5686.0,5300.356
5485.0,5341.2983
5877.0,5515.141
5880.999999999999,6495.3057
7009.0,6849.3984
11410.0,9622.923
9263.0,8385.453
8697.0,7964.4985
8867.0,7821.355
9442.0,8037.7627
7159.0,5534.139
5945.0,5237.4805
5269.0,5819.808
5329.999999999999,5569.795
5258.0,5495.17
4489.0,5277.527
8531.0,7401.397
7895.000000000001,6825.7495
7368.000000000001,6092.767
7557.0,6128.7686
6366.0,5849.8896
5046.0,5013.8926
6199.0,5329.5415
5411.0,5114.7617
4705.0,4941.156
4864.0,5088.287
4939.999999999999,5368.6787
3978.0,4750.7188
7963.0,8754.618
6767.0,7191.8154
5780.0,6844.7505
6093.0,6796.3984
7241.0,7043.587
6241.0,7416.4067
6422.0,6699.576
6647.0,6290.327
6042.0,5947.657
4604.0,4764.82
10406.999999999998,10131.054
9281.0,8697.068
8031.0,8050.999
7426.0,7915.728
7828.0,7410.7476
4457.0,4551.8945
7063.0,7429.5337
6318.0,6598.1064
5620.0,6602.375
5756.0,6099.75
6363.0,5757.3306
3858.0,4421.5054
9148.0,9734.29
8578.0,8112.232
7770.0,7265.583
7739.000000000001,7205.8945
10270.0,7300.8403
8390.0,8475.039
8646.0,8731.587
8833.0,8362.97
9047.0,8207.866
6085.0,6341.2114
12716.0,13927.17
11371.0,11839.106
11649.0,10708.062
9831.0,10931.183
9982.0,9646.986
7726.0,8401.037
9522.0,10937.616
8278.0,9945.043
7878.0,9518.429
7499.0,8760.776
7521.0,7583.391
4844.0,7367.641
7624.0,13212.832
7496.0,11174.478
6528.0,9425.526
7648.0,8938.238
9413.0,8960.743
4140.0,4496.796
3090.0,4187.495
4471.0,4253.7935
4162.0,4334.1875
4654.0,5014.568
4629.0,4852.264
7984.0,7513.365
6352.0,6089.899
5439.0,5679.205
5305.0,5710.558
5150.000000000001,5606.6587
3995.0,4119.549
4851.0,4586.6196
4230.0,4338.604
3271.0,4477.665
4833.0,4411.45
4654.0,4581.626
4315.0,3987.7253
8305.0,7416.3203
7110.000000000001,6322.771
5597.0,6299.011
6419.000000000001,6301.5166
6789.0,5602.165
12837.0,11211.45
11053.000000000002,10726.348
11003.0,10124.208
10907.0,10308.372
10675.0,10800.072
12379.0,11262.529
14425.0,13594.889
11678.0,12269.056
12288.0,11596.98
12551.0,11543.58
11233.0,11802.27
12465.0,12037.995
12143.0,11450.615
10202.0,10213.521
10374.0,9559.414
10188.0,10029.111
9772.0,10857.637
11909.0,12491.609
12740.999999999998,13658.05
10911.0,11809.223
11597.0,11454.179
11007.0,11413.158
11662.0,11903.068
3529.0,3984.2769
3294.0,3839.8535
3461.0,3867.5408
3284.0,4114.0996
2990.0,3048.249
4647.0,6843.3267
4816.0,5720.099
4716.0,5165.7188
4605.0,5042.5615
3300.0,4947.2354
2668.0,3261.1506
3803.0,4010.3105
2996.0,3758.8772
3228.0,3692.973
2994.0,3584.6792
2913.0,3662.2314
3211.0,3152.9734
4487.0,5744.0625
3108.0,5221.977
3155.0,4830.8267
4143.0,4782.0513
5950.0,4473.34
3547.0,4650.4673
3623.0,4526.8335
3787.0,4283.7397
4389.0,4365.455
2810.0,3392.699
6708.0,6546.2925
5191.0,5792.176
4482.0,5285.285
5220.000000000001,5376.32
4510.0,5471.831
2795.0,3183.2224
4017.0,5357.751
3650.0,4503.4517
3853.0,4472.1357
3215.0,4184.0405
3814.0,4133.358
2198.0,3359.7754
6517.0,6610.025
5355.0,5667.9136
4456.0,5072.5776
5024.0,5095.9233
5616.0,4911.505
5390.0,6062.23
7028.999999999999,5937.3525
6323.0,6184.957
5894.0,6094.89
5372.0,5361.9824
12228.0,10525.127
9879.0,8848.722
9839.0,8088.554
8089.0,7844.2705
8020.0,7843.711
6672.0,5851.2725
6609.0,5908.4
5679.0,5833.933
5536.999999999999,5694.32
6938.0,5760.149
5678.0,7224.3354
5611.0,5860.29
13174.0,11511.283
10301.0,9693.849
9988.000000000002,8729.12
9973.0,8154.1753
9732.0,7748.021
7043.0,8738.161
7665.0,7790.851
7491.0,7495.8726
7277.0,7231.2446
4551.0,5612.7764
14043.0,12923.379
11519.0,10904.833
11093.0,9730.884
9049.0,9829.983
9342.0,9168.717
6257.0,5902.7637
7391.999999999999,7547.8354
7344.0,6965.275
6179.0,7155.6377
7512.999999999999,7020.835
7922.000000000001,10094.778
6702.0,6608.505
13256.0,13514.042
10298.0,11170.067
9099.0,9591.707
9720.0,9841.92
10417.999999999998,9372.832
9118.0,9016.323
9846.0,8707.837
8512.0,8873.14
9938.0,9074.124
9953.0,9841.709
14693.000000000002,13037.654
12361.0,10946.079
10809.0,10237.555
10622.0,10698.109
11732.0,10232.227
10830.0,8958.372
10276.0,8611.726
8606.0,8196.596
7883.0,8037.39
9928.0,8695.865
9691.0,9859.317
11903.0,9576.945
13146.0,12981.191
12842.0,11051.378
11630.0,10193.892
12809.0,10750.561
12042.000000000002,10707.828
8539.0,7983.388
8117.0,6902.4565
8499.0,7084.047
2459.0,4718.823
5264.0,3522.0598
6319.0,8267.749
6853.0,7515.201
7258.0,6369.336
6737.0,6774.683
6522.0,6313.355
2716.0,4999.4536
5817.0,3141.3516
10386.000000000002,10639.836
9327.0,9614.132
7906.0,8264.614
7760.0,7270.502
7547.999999999999,6379.4766
2780.0,4351.988
5657.0,4316.987
6431.0,7399.9067
5528.0,6632.646
5923.0,6228.0967
5582.0,6772.1177
5797.0,5745.102
2575.0000000000005,4741.6646
5766.0,2956.4326
8745.0,11180.74
7555.0,8848.895
7707.0,8065.294
7135.0,7299.5254
7641.0,6751.499
6702.0,5889.617
5914.0,5501.566
5844.0,5557.1978
6871.0,5410.2783
5958.999999999999,5653.4126
4326.0,4995.7056
9376.0,9498.449
9073.0,7920.8237
7391.999999999999,7107.2363
6983.0,7114.145
5617.0,7026.5273
4076.0,5334.968
6148.0,6162.6304
5608.0,5983.2964
5102.0,5654.282
5508.0,5620.7305
5353.0,5634.05
4666.0,4536.7935
9825.0,9240.7
8953.0,7478.631
7176.0,6793.8267
7795.0,6611.2563
7915.0,6356.998
4993.0,5116.5083
5503.0,4730.64
4813.0,4584.176
5007.0,5070.3984
5767.0,5517.242
7840.999999999999,7410.077
6608.0,6492.447
6463.0,6353.5933
5207.0,6165.7188
6622.0,6339.805
5703.0,5584.681
5442.0,5042.6
5051.0,4654.7036
5491.0,4572.5186
4901.0,5130.313
5117.0,5689.9805
5743.0,5796.8755
7282.000000000001,7522.1484
6576.0,6361.374
7004.999999999999,6143.2476
5347.0,6297.3633
7655.0,6453.5312
5365.000000000001,5126.2656
5288.0,5092.9443
6006.0,5086.26
4951.000000000001,5631.6807
5683.0,6094.3374
7730.0,8294.504
7369.0,6831.796
6680.0,6422.015
6903.000000000001,6293.54
6550.0,6384.442
5519.0,5309.33
6270.0,5318.238
5454.0,4813.9307
5415.999999999999,4777.176
5944.0,4905.5244
5199.0,5516.0737
5411.0,5751.2324
6973.0,8264.764
7055.0,7035.9165
6641.0,6676.5635
6748.0,6702.9243
9674.0,6788.186
6913.0,6520.8096
5714.0,5819.7964
6581.0,6141.4136
6962.000000000001,5998.093
6760.0,6142.239
4383.0,4860.851
10514.0,10345.351
8979.0,8621.009
8617.0,7853.4023
8007.0,7759.9106
7988.999999999999,7632.219
5103.0,5219.6396
6837.0,7365.9214
5982.0,6708.225
5637.0,6553.679
6592.0,6540.512
6376.000000000001,7074.7544
4252.0,5701.8813
9787.0,10665.745
7808.0,8881.991
7584.0,7873.242
7836.0,7597.2856
9512.0,7388.3022
3790.0,5860.8813
5192.0,5431.316
5008.0,5088.869
4563.0,5081.6772
3925.0,3276.5762
10686.0,9558.512
8217.0,8030.4272
7020.999999999999,7261.634
6250.0,7252.8477
6194.0,6595.1406
3708.0,5060.815
4974.0,6302.6035
5087.999999999999,6239.89
4566.0,6085.225
5079.0,5649.4443
4598.0,6066.359
3155.0,3572.4785
10688.0,9860.052
8900.0,7706.853
6662.0,6927.181
7625.999999999999,6826.77
8226.0,6696.6885
6304.0,5933.7505
5655.0,5545.9736
5140.0,5409.661
5739.0,5416.6543
5646.0,5927.088
6034.0,6605.478
8674.0,8959.011
7184.999999999999,7287.7124
8086.000000000001,6942.591
7496.0,6836.829
6847.0,6905.7827
5990.0,6150.7065
6802.0,5415.926
5313.0,5099.4453
5103.999999999999,4999.4893
5727.0,5162.737
5358.0,6037.9
6355.0,7018.8647
9069.0,9373.57
7166.0,7867.8853
5847.0,7653.8345
7293.0,7509.5664
9857.0,7422.583
3980.9999999999995,5410.9414
3730.9999999999995,5269.0444
3886.0,5236.213
4771.0,4742.8647
2516.0,3439.5532
5410.0,8265.43
5758.0,6808.511
5283.0,6106.921
5626.0,5917.213
4944.0,5837.1675
3592.0,3210.6382
4487.0,5320.6147
3974.0,4747.547
4240.0,4756.925
4076.0,4129.4985
4023.0,3771.9375
2363.0,2720.1982
6984.0,6693.357
5933.0,5363.4277
5474.0,4780.145
5423.999999999999,4589.4395
6800.0,4318.1543
8986.0,11270.971
8564.0,10599.881
8449.0,9943.396
9849.0,9773.74
9706.0,10009.834
13505.0,14930.618
12384.0,12735.42
10620.0,11593.398
10464.0,11483.641
10730.000000000002,11108.202
10082.0,9690.616
8678.0,9956.628
8690.0,9865.788
8168.0,9196.716
8274.0,8929.834
8423.0,9211.577
8116.0,10236.429
13909.0,13341.492
10890.999999999998,11160.586
10138.0,10301.389
10435.0,10840.257
13716.0,10614.559
6471.0,6113.2856
5931.0,5970.602
6881.0,6029.1953
5971.0,5484.178
5439.0,6258.442
3612.0,4061.021
9506.0,10873.687
8800.0,9114.938
8634.0,7954.1655
6941.0,7603.97
6606.0,7426.1143
2910.9999999999995,3768.4236
6503.0,6254.5015
6379.0,6279.3574
5248.0,5978.959
5617.0,5839.0083
5868.0,5449.1113
2714.0,4757.1875
8864.0,10575.093
8311.0,8886.674
7809.000000000001,7945.1724
8530.0,7867.111
7436.0,6567.961
8613.0,7942.991
7903.000000000001,6915.2837
7660.0,7171.05
7596.0,6900.458
7921.0,8592.499
7165.0,7731.2236
14611.0,11472.142
10370.000000000002,10054.172
10312.0,9013.525
10177.0,9158.428
10182.0,8643.37
7930.000000000001,6794.653
7946.000000000001,7251.6865
7243.0,7241.0615
6131.0,6650.7246
7643.0,6816.598
7381.0,7037.673
6581.0,6937.718
12928.0,11726.455
9356.0,10200.802
9694.0,9250.838
8657.0,9374.66
10538.0,9226.346
9713.0,12077.172
10164.0,11352.752
10184.0,11420.09
11055.0,11416.323
12794.0,12989.735
14480.0,15610.482
13610.0,13075.626
12501.0,12248.9
11318.0,12369.831
11742.0,12083.857
13462.0,10784.459
11906.0,10058.748
10274.0,9508.43
9381.0,9358.41
11442.0,9859.537
10345.0,10674.548
15151.0,11663.106
15749.0,14422.085
15885.0,12232.544
14498.0,11605.069
14998.999999999998,12328.551
16726.0,12912.876
8563.0,7427.9956
6272.0,6849.9585
9582.0,7013.346
8363.0,7168.567
9236.0,7587.133
7767.0,7881.4043
12116.999999999998,11126.329
10248.0,9569.725
10008.0,8851.629
8487.0,8853.145
8049.0,8458.063
6377.0,7025.08
8210.0,7126.904
6262.0,6692.284
6247.000000000001,6925.6377
7534.0,6741.216
7659.0,7014.593
6116.0,6756.3906
11855.0,10270.702
9621.0,8659.107
9169.0,8460.615
8776.0,8218.81
11778.0,8208.562
3476.0,4347.869
4070.0,4235.2827
3975.0,4375.723
4570.0,4838.2593
5788.0,5562.998
6035.0,6979.3745
5435.000000000001,6059.1685
5591.000000000001,5882.9346
4543.0,6074.294
3633.0000000000005,6111.7427
5799.0,5455.5913
4475.0,4932.702
3762.0000000000005,4695.6494
3638.0,4511.024
5000.0,4801.946
4121.0,5181.13
5932.0,5627.3765
6580.0,5802.1816
5554.0,5400.003
5188.0,5560.3657
5664.0,5774.2036
5826.0,5954.226
4447.0,4846.5527
4308.0,4405.3755
4585.0,4440.256
4442.0,4292.6133
4805.0,4515.502
3216.0,3593.7048
6644.0,7242.033
5886.0,6032.4946
5060.0,5366.5884
4805.0,5424.004
4640.0,5299.3306
2690.0,3165.227
4172.0,4388.218
3958.0,4206.519
3909.0,4131.273
3874.0,4046.8652
4272.0,4311.0767
3172.0,3099.5537
6389.0,6904.302
5243.999999999999,5756.0654
4920.0,5253.905
5275.0,5162.472
4958.0,4836.8833
4864.0,5506.836
4795.0,5392.0938
5290.0,5227.191
5562.0,5122.281
4475.0,4937.25
7317.000000000001,8083.385
6580.0,6709.7217
6175.0,6169.669
6231.0,6099.368
5126.0,6176.3335
5228.000000000001,4948.472
5554.0,5242.5186
4731.0,5112.7227
4863.0,4859.795
4172.0,4855.2295
4964.0,5018.1914
4268.0,4676.4756
8203.0,7630.6445
6878.0,6486.7188
5487.0,6211.39
6139.0,6263.889
9318.0,6144.2017
12778.0,9640.846
11993.0,9942.91
12688.0,9021.37
9749.0,7590.8145
14188.0,10669.665
10156.0,10305.59
9879.0,9623.306
10061.0,10515.688
9995.0,9809.289
10480.0,9151.38
8149.0,8606.256
13229.0,11112.322
11365.0,10532.583
10791.0,10679.28
11186.999999999998,11635.655
11836.0,12111.854
10876.0,10356.177
8398.0,8755.844
13570.0,9975.987
10428.0,9578.402
10053.0,9830.193
9991.0,10195.532
9630.0,10985.309
9948.0,12291.162
7800.0,10705.848
13307.0,13900.024
10874.0,11996.384
10225.0,11074.236
10053.0,11386.443
10324.0,11915.984
11443.0,10848.03
5616.0,5455.776
4590.0,5174.53
4963.0,5025.269
5087.999999999999,4911.459
5539.0,4993.8857
2900.0,3392.0642
7915.0,8381.1875
6425.0,7036.9106
5612.0,6106.887
5365.000000000001,5969.75
5108.0,5918.5933
2689.0,2724.283
5630.999999999999,5726.934
4430.0,5072.207
4347.0,4709.797
4189.0,4721.4443
4576.0,4808.193
2369.0,3060.211
7317.000000000001,8058.752
5645.0,6697.884
5477.0,5944.98
5708.0,5800.53
6410.0,5095.321
10089.0,8726.085
9310.0,8103.912
9259.0,8604.689
8220.0,6636.693
4320.0,5535.1875
9593.0,9226.267
7665.0,7376.19
7512.999999999999,7314.681
7467.0,8195.524
10103.0,6586.6133
7672.0,5669.209
5052.999999999999,5309.029
11239.0,11683.475
9795.0,9480.806
7994.0,8600.025
9852.0,8326.02
8239.0,8931.103
8304.0,6734.554
5538.0,4990.1636
9879.999999999998,10909.064
8244.0,8179.5845
8233.0,7267.395
8697.0,8084.226
11643.0,7759.1313
7408.0,6594.26
5683.0,6467.3853
12963.0,11622.078
9830.0,9531.209
9310.0,9217.02
9270.0,7804.0137
12073.999999999998,8631.178
4281.0,5029.14
4511.0,4790.4067
3570.9999999999995,4839.31
4690.0,4623.4287
2689.0,2970.1133
8016.000000000001,8340.124
7046.0,6956.8027
6235.999999999999,6188.5327
5246.0,6099.6646
5571.999999999999,5513.3926
2867.0,3810.473
4408.0,5505.0493
3597.0,4905.569
3585.0,4698.9146
3477.0000000000005,4422.24
3964.0,4228.2153
2599.0,2671.06
7498.0,8038.6064
6913.0,6263.131
5280.0,5523.3564
5302.999999999999,5351.7363
7270.0,5189.4546
10555.0,8353.271
8525.0,7421.8965
7695.0,7758.771
9495.0,7555.8984
8490.0,8510.959
8839.0,8377.517
15931.0,13776.331
12992.0,11618.6
11948.0,10593.364
11407.0,10839.087
11756.0,10670.219
9030.0,8643.968
9368.0,9823.513
7821.0,8626.215
6823.0,8773.837
9021.0,8750.521
8016.000000000001,9655.189
7873.0,8428.204
14995.0,14367.451
11201.0,11793.687
11186.999999999998,10951.166
11520.0,11276.231
13501.0,10966.349
4819.0,6288.489
5679.0,5729.5034
6083.000000000001,5761.007
6093.0,6091.8477
5720.000000000001,6416.531
8679.0,8877.362
8371.0,7720.0015
7509.0,7399.771
6504.0,7419.708
6218.0,7512.1777
6545.0,6408.022
7160.0,5922.882
5490.0,5408.405
4656.0,5353.8794
6005.000000000001,5544.116
6215.0,6180.5293
6877.0,6842.5176
9328.0,8932.596
8137.000000000001,7494.499
7403.000000000001,7147.337
8455.0,7186.109
7211.0,7279.8306
4096.0,5453.5005
4645.0,5085.21
4614.0,4865.254
5386.0,5205.6484
5337.999999999999,5258.433
7990.0,7929.275
8037.0,6730.557
5818.0,6403.728
5469.0,6583.276
6604.0,6885.904
5512.0,6157.3154
4797.0,5644.6772
4642.0,5178.5674
3799.0,5168.3735
5154.0,5459.2397
4880.999999999999,6221.116
6272.0,6545.1914
9026.0,7965.7295
8016.000000000001,6537.3237
6834.0,6308.977
7030.0,6551.779
8628.0,6845.121
3823.0,4960.371
4788.0,4545.049
4331.0,4624.3525
5411.0,5204.9277
5820.0,5793.5156
7122.0,7267.172
6428.0,6238.104
6078.0,6128.352
6085.0,6427.218
5641.0,6492.7456
5778.999999999999,5794.7163
5239.0,5053.298
3926.0000000000005,4582.8354
3975.0,4466.169
4745.0,4599.4746
4805.0,5454.919
5952.0,5732.1987
7853.0,7785.2085
6134.000000000001,6639.9297
5275.0,6460.0444
5989.0,6665.3687
6878.0,6761.5376
3833.0,5199.283
4491.0,4994.5254
3888.0,4677.3037
4628.0,4784.0327
3941.0,4620.986
7794.0,7562.073
6119.0,6349.575
6046.0,5824.1597
4919.0,5890.0977
4701.0,5718.591
4296.0,5049.349
4655.0,5006.002
4237.0,4980.6196
3950.0,4771.24
3652.9999999999995,4500.6484
3579.0,4744.265
4065.0,4505.8237
7260.0,6980.344
5992.0,5573.2456
5662.0,5349.8813
6062.0,5099.0703
7994.0,5174.6074
4935.000000000001,5162.3774
4620.0,4914.762
4517.0,4789.517
4550.0,4508.5913
4852.0,5527.998
3187.0,4628.8135
7794.0,7104.994
6674.0,6050.85
5987.0,5699.0073
6146.0,5575.3447
5558.0,5539.356
3199.0,3157.7842
5219.0,4809.9385
4587.0,4568.4795
3898.0,4436.2056
5004.0,4457.946
4438.0,4666.7583
2991.0,3293.9336
7042.0,7586.9126
6036.999999999999,6259.5645
5536.0,5567.229
5560.0,5590.715
5901.0,5258.282
3877.0,5720.713
4147.0,5474.3506
4163.0,5762.5723
4182.0,5696.45
4961.0,4190.1665
9584.0,9513.355
7415.0,7661.081
8103.0,6627.477
6168.0,6791.4346
6954.000000000001,6613.237
5524.0,4635.586
5390.0,5118.2314
4710.0,4776.5312
4797.0,4696.732
5075.0,4746.438
5622.999999999999,5025.0063
5706.0,4246.4785
11221.0,8952.431
9533.0,7250.1113
8168.0,6705.197
8198.0,6770.2163
9433.0,6441.214
5981.0,4898.5825
5171.0,5088.3364
5382.0,5013.4165
6025.0,4949.385
5773.0,5864.09
2554.0,3331.2666
10540.0,11076.711
8611.0,9399.288
6937.0,7708.828
6783.0,7742.889
5527.0,7071.897
2321.0,3438.1646
5325.0,7661.9033
4489.0,5398.2007
4445.0,5139.2183
4695.0,4863.4893
4428.0,5307.7095
2084.0,3233.1294
10717.0,10160.917
8211.0,8449.378
6302.0,7364.1655
7187.0,7076.947
6602.0,6259.231
3648.0,4779.8076
3886.0,4933.1094
3902.9999999999995,4913.211
3936.0,4838.341
3367.9999999999995,4184.255
6963.0,7712.4053
6323.0,6362.756
4407.0,5983.4424
4948.0,6003.874
5009.999999999999,5902.7837
3143.0,4195.6763
5621.0,5020.35
4204.0,4582.825
4124.0,4439.1685
4845.999999999999,4475.7627
4415.0,4904.415
3730.9999999999995,3779.661
8082.0,7101.412
6477.999999999999,6213.7134
6212.000000000001,5860.4727
5520.0,5664.3965
5263.000000000001,4950.118
4033.0,4444.676
3892.0,4077.4695
3510.0,3976.7083
3876.0,4135.9897
3626.0,4596.0303
2675.0,3729.7722
6509.0,7594.023
5606.0,6214.7954
5397.0,5783.977
4722.0,5827.907
4803.0,5905.4946
3334.0,3607.7075
3966.0,6763.5176
3258.0,5588.124
3691.9999999999995,5010.146
3901.0,4427.344
3635.0,4443.8574
2907.0000000000005,3595.8132
6761.0,7407.675
5282.0,6140.8613
4600.0,5728.8306
4459.0,5742.1836
6198.0,5204.677
3209.0,4346.884
3530.0,4377.4116
3828.0,4482.863
4197.0,4624.611
2641.0,3436.887
8528.0,7640.7383
5504.0,6274.4155
6254.0,5775.239
4804.0,5737.998
4644.0,5145.7754
2621.9999999999995,3146.976
4321.0,4579.2666
4457.0,4299.8022
4021.0,4441.603
3587.0,4280.0576
3918.0,4128.145
2177.0,2302.005
7742.0,7416.9297
6793.0,5888.6064
4907.0,5305.088
5263.000000000001,5026.002
5723.0,4865.2744
5825.0,7619.622
7515.0,7387.295
7026.0,7886.245
6603.0,8478.721
6405.0,8837.694
13877.0,12978.997
12557.0,10754.337
9459.0,10122.757
9263.0,9827.554
8266.0,9104.095
6888.0,6835.7393
7728.0,8070.476
6612.0,8723.967
6028.999999999999,8198.115
6730.0,7335.309
6220.000000000001,7228.5947
6216.0,6464.06
14383.0,11699.091
9583.0,9762.605
9179.0,9014.517
9652.0,9003.901
9626.0,9130.954
6631.0,5538.511
5836.0,5014.126
6361.0,5048.55
6226.0,5204.674
6630.0,5588.176
5660.0,5334.324
10104.0,8862.825
7278.0,7517.514
7955.0,7096.133
8058.0,7045.714
7740.0,7115.5806
5396.0,6160.9604
6351.0,5789.257
4821.0,5317.9897
4565.0,5477.9873
6410.0,6184.882
6399.0,6380.0527
4784.0,6040.992
7582.0,9266.289
6468.0,7926.6143
6640.0,7352.6562
7491.0,7144.401
7289.0,7062.214
23004.0,16840.965
18466.0,16476.832
20806.0,16207.211
20355.0,15754.504
21560.0,17374.697
22092.0,16052.455
28156.0,21870.787
24568.000000000004,20045.838
25750.0,19775.525
24366.0,19377.572
23473.0,17716.094
22835.999999999996,16075.914
23731.0,15885.955
21269.0,15982.674
20424.0,16609.514
20564.0,17694.74
19627.000000000004,18953.516
21312.0,17496.662
26720.0,20574.434
25518.0,19502.238
25840.0,18771.092
24395.0,18659.84
27508.0,17774.473
5138.0,5730.0483
5899.999999999999,5722.665
5686.0,5512.969
5844.0,6148.579
7164.0,6559.4487
10598.0,9804.611
7562.0,8418.281
6039.0,8308.804
6590.0,8323.928
7874.0,8256.863
7264.0,6738.939
6083.000000000001,6466.9585
5074.0,5846.8125
5342.0,5699.662
6149.999999999999,5730.9814
5816.0,6348.0737
6897.0,8034.003
10712.0,9529.034
8093.0,7974.108
7660.999999999999,7643.7646
8405.0,7500.57
8680.0,7950.582
